place_id,place_name,place_types,place_address,place_average_ratings,place_ratings_count,place_reviews_count,place_location,place_website,place_phone_number,place_price_level,place_primary_type,has_delivery,has_dine_in,is_reservable,serves_breakfast,serves_lunch,serves_dinner,serves_beer,serves_wine,places_opening_hours
ChIJ--NFldPafkcRyloMacuXomc,Gustò Grill,"[""chinese_restaurant"", ""restaurant"", ""food"", ""point_of_interest"", ""establishment""]","Via Uruguay, 31, 35127 Padova PD",3.7,1357.0,5,"{""latitude"": 45.398666, ""longitude"": 11.9283655}",https://www.facebook.com/gustogrill/,049 761657,PRICE_LEVEL_INEXPENSIVE,chinese_restaurant,,True,True,False,True,True,True,True,"[""Monday: Closed"", ""Tuesday: 12:00 – 2:30 PM, 7:00 PM – 12:00 AM"", ""Wednesday: 12:00 – 2:30 PM, 7:00 PM – 12:00 AM"", ""Thursday: 12:00 – 2:30 PM, 7:00 PM – 12:00 AM"", ""Friday: 12:00 – 2:30 PM, 7:00 PM – 12:00 AM"", ""Saturday: 7:00 PM – 12:00 AM"", ""Sunday: 12:00 – 2:30 PM, 7:00 PM – 12:00 AM""]"
ChIJ-YFvJgDbfkcRQelzWXXEBjw,Sicilian Goodness – Padova Fiera,"[""fast_food_restaurant"", ""ice_cream_shop"", ""italian_restaurant"", ""dessert_shop"", ""confectionery"", ""food_store"", ""store"", ""restaurant"", ""food"", ""point_of_interest"", ""establishment""]","Via Niccolò Tommaseo, 80c, 35131 Padova PD",4.0,4.0,4,"{""latitude"": 45.41307020000001, ""longitude"": 11.889869599999999}",https://siciliangoodness.com/punti-vendita/padova-fiera/,049 830 5182,,italian_restaurant,True,True,,True,True,True,True,True,"[""Monday: 8:00 AM – 8:00 PM"", ""Tuesday: 8:00 AM – 8:00 PM"", ""Wednesday: 8:00 AM – 8:00 PM"", ""Thursday: 8:00 AM – 8:00 PM"", ""Friday: 8:00 AM – 8:00 PM"", ""Saturday: Closed"", ""Sunday: Closed""]"
ChIJ-dtyAQfbfkcRsedfAUT0nfc,Via Persia,"[""persian_restaurant"", ""restaurant"", ""food"", ""point_of_interest"", ""establishment""]","Via Niccolò Tommaseo, 70/3, 35131 Padova PD",4.8,80.0,5,"{""latitude"": 45.414516, ""longitude"": 11.885973}",,376 195 7390,PRICE_LEVEL_MODERATE,persian_restaurant,False,True,True,,True,True,True,,"[""Monday: Closed"", ""Tuesday: 12:00 – 2:30 PM, 7:30 – 10:00 PM"", ""Wednesday: 12:00 – 2:30 PM, 7:30 – 10:00 PM"", ""Thursday: 12:00 – 2:30 PM, 7:30 – 10:00 PM"", ""Friday: 12:00 – 2:30 PM, 7:30 – 10:00 PM"", ""Saturday: 12:00 – 2:30 PM, 7:30 – 10:00 PM"", ""Sunday: 12:00 – 2:30 PM, 7:30 – 10:00 PM""]"
ChIJ-fLiwWrFfkcR446Y2U5Dr4A,Shang Chang,"[""restaurant"", ""food"", ""point_of_interest"", ""establishment""]","Corso Stati Uniti, 1/22, 35127 Padova PD",3.9,90.0,5,"{""latitude"": 45.395414599999995, ""longitude"": 11.9320003}",,333 169 7368,PRICE_LEVEL_MODERATE,restaurant,False,True,True,,True,True,True,True,"[""Monday: 10:00 AM – 12:00 AM"", ""Tuesday: 10:00 AM – 12:00 AM"", ""Wednesday: 10:00 AM – 12:00 AM"", ""Thursday: 10:00 AM – 12:00 AM"", ""Friday: 10:00 AM – 12:00 AM"", ""Saturday: 11:00 AM – 12:00 AM"", ""Sunday: 10:00 AM – 12:00 AM""]"
ChIJ-yQnyhPbfkcRAHXgsEK60pc,Brunch Republic Padova,"[""brunch_restaurant"", ""restaurant"", ""food"", ""point_of_interest"", ""establishment""]","P.za della Garzeria, 6, 35135 Padova PD",4.1,1343.0,5,"{""latitude"": 45.407319699999995, ""longitude"": 11.8776168}",https://brunchrepublic.com/,049 501 5689,PRICE_LEVEL_MODERATE,brunch_restaurant,True,True,True,True,True,True,True,True,"[""Monday: 8:00 AM – 11:00 PM"", ""Tuesday: 8:00 AM – 11:00 PM"", ""Wednesday: 8:00 AM – 11:00 PM"", ""Thursday: 8:00 AM – 11:00 PM"", ""Friday: 8:00 AM – 12:00 AM"", ""Saturday: 8:30 AM – 12:00 AM"", ""Sunday: 8:30 AM – 11:00 PM""]"
ChIJ00onu6PbfkcR7wa4KToqW08,Pizzeria Stuzzico 2,"[""pizza_restaurant"", ""italian_restaurant"", ""restaurant"", ""food"", ""point_of_interest"", ""establishment""]","Via Guizza Conselvana, 25, 35124 Padova PD",4.5,167.0,5,"{""latitude"": 45.383403, ""longitude"": 11.8687966}",,049 691378,PRICE_LEVEL_INEXPENSIVE,pizza_restaurant,True,True,,False,,True,True,False,"[""Monday: Closed"", ""Tuesday: 6:00 – 11:30 PM"", ""Wednesday: 6:00 – 11:30 PM"", ""Thursday: 6:00 – 11:30 PM"", ""Friday: 6:00 – 11:30 PM"", ""Saturday: 6:00 – 11:30 PM"", ""Sunday: 6:00 – 11:30 PM""]"
ChIJ02fS7q_bfkcRCy_5f_aczIQ,So Restaurant Padova,"[""restaurant"", ""food"", ""point_of_interest"", ""establishment""]","Via Volturno, 1, 35138 Padova PD",4.3,1079.0,5,"{""latitude"": 45.4114741, ""longitude"": 11.863442700000002}",https://sorestaurant.it/,388 448 9588,PRICE_LEVEL_MODERATE,restaurant,True,True,True,,True,True,True,True,"[""Monday: 12:00 – 3:00 PM, 7:00 – 11:30 PM"", ""Tuesday: 12:00 – 3:00 PM, 7:00 – 11:30 PM"", ""Wednesday: 12:00 – 3:00 PM, 7:00 – 11:30 PM"", ""Thursday: 12:00 – 3:00 PM, 7:00 – 11:30 PM"", ""Friday: 12:00 – 3:00 PM, 7:00 – 11:30 PM"", ""Saturday: 12:00 – 3:00 PM, 7:00 – 11:30 PM"", ""Sunday: 12:00 – 3:00 PM, 7:00 – 11:30 PM""]"
ChIJ08t8WjjafkcRIaydrYfr9Yc,Busa dei Briganti Pub Padova,"[""gastropub"", ""hamburger_restaurant"", ""american_restaurant"", ""bar"", ""restaurant"", ""food"", ""point_of_interest"", ""establishment""]","Via Vicenza, 15B, 35138 Padova PD",4.4,2006.0,5,"{""latitude"": 45.4114779, ""longitude"": 11.8621843}",http://www.busadeibriganti.com/,049 871 3781,PRICE_LEVEL_MODERATE,gastropub,True,True,True,False,True,True,True,True,"[""Monday: 5:30 PM – 12:00 AM"", ""Tuesday: 5:30 PM – 12:00 AM"", ""Wednesday: 5:30 PM – 12:00 AM"", ""Thursday: 5:30 PM – 12:00 AM"", ""Friday: 5:30 PM – 1:00 AM"", ""Saturday: 5:30 PM – 1:00 AM"", ""Sunday: 5:30 PM – 12:00 AM""]"
ChIJ0QGvGvbbfkcRQ6pIDhdA7fI,Garibaldi 9,"[""bistro"", ""cafe"", ""restaurant"", ""point_of_interest"", ""food"", ""establishment""]","P.za Garibaldi, 9, 35122 Padova PD",5.0,21.0,5,"{""latitude"": 45.4092279, ""longitude"": 11.8781093}",https://garibaldi9web.garibaldinove9.workers.dev/menu,,PRICE_LEVEL_INEXPENSIVE,bistro,False,True,,,,,,,"[""Monday: 8:00 AM – 8:00 PM"", ""Tuesday: 8:00 AM – 8:00 PM"", ""Wednesday: 8:00 AM – 8:00 PM"", ""Thursday: 8:00 AM – 8:00 PM"", ""Friday: 8:00 AM – 8:00 PM"", ""Saturday: 8:00 AM – 8:00 PM"", ""Sunday: 8:00 AM – 8:00 PM""]"
ChIJ0Tk-WRXbfkcRBeTPAiUjW5I,EVO Sushi - Padova,"[""restaurant"", ""food"", ""point_of_interest"", ""establishment""]","Via Pilade Bronzetti, 34, 35138 Padova PD",4.7,390.0,5,"{""latitude"": 45.4148505, ""longitude"": 11.864057299999999}",https://portal.pointsme.it/flyer/#/menu-preview/253467127754641409,376 296 1183,PRICE_LEVEL_MODERATE,restaurant,,True,True,,True,True,True,True,"[""Monday: 12:00 – 3:00 PM, 7:00 – 11:00 PM"", ""Tuesday: 12:00 – 3:00 PM, 7:00 – 11:00 PM"", ""Wednesday: 12:00 – 3:00 PM, 7:00 – 11:00 PM"", ""Thursday: 12:00 – 3:00 PM, 7:00 – 11:00 PM"", ""Friday: 12:00 – 3:00 PM, 7:00 – 11:00 PM"", ""Saturday: 12:00 – 3:00 PM, 7:00 – 11:00 PM"", ""Sunday: 12:00 – 3:00 PM, 7:00 – 11:00 PM""]"
ChIJ0W8f10_afkcRYXJye9E4xdI,Osteria l'Anfora,"[""italian_restaurant"", ""restaurant"", ""point_of_interest"", ""food"", ""establishment""]","Via Soncin, 13, 35121 Padova PD",4.4,2362.0,5,"{""latitude"": 45.4062339, ""longitude"": 11.8742206}",https://facebook.com/pages/Osteria-lAnfora/161292750563482,049 656629,PRICE_LEVEL_MODERATE,italian_restaurant,False,True,True,,True,True,True,True,"[""Monday: 9:00 AM – 12:00 AM"", ""Tuesday: 9:00 AM – 12:00 AM"", ""Wednesday: 9:00 AM – 12:00 AM"", ""Thursday: 9:00 AM – 12:00 AM"", ""Friday: 9:00 AM – 12:00 AM"", ""Saturday: 9:00 AM – 12:00 AM"", ""Sunday: Closed""]"
ChIJ0XpAMYvbfkcRFOhZzFyppxg,VICOLI,"[""restaurant"", ""food"", ""point_of_interest"", ""establishment""]","Via Umberto I, 95, 35122 Padova PD",4.1,483.0,5,"{""latitude"": 45.400706899999996, ""longitude"": 11.8760081}",http://www.vicolipadova.it/,049 688 3325,PRICE_LEVEL_MODERATE,restaurant,False,True,True,True,True,True,True,True,"[""Monday: 10:30 AM – 12:00 AM"", ""Tuesday: 10:30 AM – 12:00 AM"", ""Wednesday: 10:30 AM – 12:00 AM"", ""Thursday: 10:30 AM – 12:00 AM"", ""Friday: 10:30 AM – 12:00 AM"", ""Saturday: 8:00 AM – 12:00 AM"", ""Sunday: 8:00 AM – 11:00 PM""]"
ChIJ0cHcFz_bfkcRO97zFpt88Fc,Ristorante Messicano Picadillo,"[""mexican_restaurant"", ""south_american_restaurant"", ""restaurant"", ""food"", ""point_of_interest"", ""establishment""]","Via Piovese, 129, 35127 Padova PD",4.2,956.0,5,"{""latitude"": 45.378233599999994, ""longitude"": 11.9040631}",https://www.picadillo.it/,049 757509,PRICE_LEVEL_MODERATE,mexican_restaurant,,True,True,False,True,True,True,True,"[""Monday: Closed"", ""Tuesday: 7:00 PM – 12:00 AM"", ""Wednesday: 7:00 PM – 12:00 AM"", ""Thursday: 7:00 PM – 12:00 AM"", ""Friday: 7:00 PM – 12:00 AM"", ""Saturday: 7:00 PM – 12:00 AM"", ""Sunday: 7:00 PM – 12:00 AM""]"
ChIJ0wMmRPfafkcR0lP9D0awN7E,PIZZA & LOVE,"[""pizza_restaurant"", ""kebab_shop"", ""meal_takeaway"", ""restaurant"", ""food"", ""point_of_interest"", ""establishment""]","Via del Portello, 4, 35129 Padova PD",4.3,201.0,5,"{""latitude"": 45.4073843, ""longitude"": 11.8922771}",,049 807 8066,PRICE_LEVEL_INEXPENSIVE,meal_takeaway,True,,,False,True,True,True,,"[""Monday: 11:00 AM – 3:00 PM, 6:00 PM – 2:00 AM"", ""Tuesday: 11:00 AM – 3:00 PM, 6:00 PM – 2:00 AM"", ""Wednesday: 11:00 AM – 3:00 PM, 6:00 PM – 2:00 AM"", ""Thursday: 11:00 AM – 3:00 PM, 6:00 PM – 2:00 AM"", ""Friday: 11:00 AM – 3:00 PM, 6:00 PM – 2:00 AM"", ""Saturday: 6:00 PM – 2:00 AM"", ""Sunday: 6:00 PM – 2:00 AM""]"
ChIJ128bPkzbfkcREhDXkQLWSRI,Crazy Tuna Tropical sushi,"[""sushi_restaurant"", ""japanese_restaurant"", ""restaurant"", ""point_of_interest"", ""food"", ""establishment""]","Viale S. Giovanni Bosco, 8c, 35142 Padova PD",4.9,382.0,5,"{""latitude"": 45.3812093, ""longitude"": 11.852031499999999}",https://www.crazytunas.com/,375 620 6209,PRICE_LEVEL_MODERATE,sushi_restaurant,True,True,True,,True,True,True,True,"[""Monday: 5:30 – 11:00 PM"", ""Tuesday: 5:30 – 11:00 PM"", ""Wednesday: 5:30 – 11:00 PM"", ""Thursday: 5:30 – 11:00 PM"", ""Friday: 5:30 – 11:00 PM"", ""Saturday: 5:30 – 11:00 PM"", ""Sunday: Closed""]"
ChIJ12KrySbbfkcRfX6WlO1ZzTU,Ristorante Azuma,"[""sushi_restaurant"", ""meal_delivery"", ""food_delivery"", ""meal_takeaway"", ""chinese_restaurant"", ""japanese_restaurant"", ""restaurant"", ""food"", ""point_of_interest"", ""establishment""]","Via Andrea Costa, 12a, 35124 Padova PD",4.4,398.0,5,"{""latitude"": 45.390708499999995, ""longitude"": 11.8712038}",https://ristoranteazuma.it/ristorante-padova/,347 644 6202,PRICE_LEVEL_MODERATE,sushi_restaurant,True,True,True,False,True,True,True,True,"[""Monday: 6:30 – 11:00 PM"", ""Tuesday: 12:00 – 3:00 PM, 6:30 – 11:00 PM"", ""Wednesday: 12:00 – 3:00 PM, 6:30 – 11:00 PM"", ""Thursday: 12:00 – 3:00 PM, 6:30 – 11:00 PM"", ""Friday: 12:00 – 3:00 PM, 6:30 – 11:00 PM"", ""Saturday: 12:00 – 3:00 PM, 6:30 – 11:00 PM"", ""Sunday: 12:00 – 3:00 PM, 6:30 – 11:00 PM""]"
ChIJ14-xZk_afkcRWUrCnX0G17g,La Yarda,"[""bistro"", ""bar"", ""restaurant"", ""food"", ""point_of_interest"", ""establishment""]","Via Dondi dall'Orologio, 1, 35139 Padova PD",4.3,1968.0,5,"{""latitude"": 45.408269499999996, ""longitude"": 11.8710401}",http://tavernalayarda.it/,049 830 2346,PRICE_LEVEL_INEXPENSIVE,bistro,False,True,True,True,True,False,True,True,"[""Monday: 9:30 AM – 12:00 AM"", ""Tuesday: 9:30 AM – 12:00 AM"", ""Wednesday: 9:30 AM – 12:00 AM"", ""Thursday: 9:30 AM – 12:00 AM"", ""Friday: 9:30 AM – 12:00 AM"", ""Saturday: 9:30 AM – 12:00 AM"", ""Sunday: 4:00 – 11:00 PM""]"
ChIJ16ihFTLbfkcRy6BL4t0FKtE,Ristorante Sushi Amo,"[""sushi_restaurant"", ""japanese_restaurant"", ""restaurant"", ""food"", ""point_of_interest"", ""establishment""]","Via dei Colli, 45, 35143 Padova PD",4.5,90.0,5,"{""latitude"": 45.3970134, ""longitude"": 11.8339521}",https://ristorantesushiamo.eatbu.com/,380 146 9004,PRICE_LEVEL_MODERATE,sushi_restaurant,True,True,True,,True,True,True,True,"[""Monday: 12:00 – 3:00 PM, 7:00 – 11:30 PM"", ""Tuesday: 12:00 – 3:00 PM, 7:00 – 11:30 PM"", ""Wednesday: Closed"", ""Thursday: 12:00 – 3:00 PM, 7:00 – 11:30 PM"", ""Friday: 12:00 – 3:00 PM, 7:00 – 11:30 PM"", ""Saturday: 12:00 – 3:00 PM, 7:00 – 11:30 PM"", ""Sunday: 12:00 – 3:00 PM, 7:00 – 11:30 PM""]"
ChIJ19TvX_DafkcRv-isSDYNT3Y,Berlino Beer Food & Music,"[""pub"", ""night_club"", ""bar"", ""restaurant"", ""food"", ""point_of_interest"", ""service"", ""establishment""]","Via Ognissanti, 83, 35131 Padova PD",4.4,364.0,5,"{""latitude"": 45.4072077, ""longitude"": 11.8962197}",https://berlinopadova.it/,049 733 5367,PRICE_LEVEL_MODERATE,pub,,True,True,,,,True,True,"[""Monday: 6:00 PM – 2:00 AM"", ""Tuesday: 6:00 PM – 2:00 AM"", ""Wednesday: 6:00 PM – 2:00 AM"", ""Thursday: 6:00 PM – 2:00 AM"", ""Friday: 6:00 PM – 2:00 AM"", ""Saturday: 6:00 PM – 2:00 AM"", ""Sunday: Closed""]"
ChIJ1_iIWFzbfkcRav8D7JJQCz8,Kebab,"[""turkish_restaurant"", ""restaurant"", ""food"", ""point_of_interest"", ""establishment""]","Via Jacopo d'Avanzo, 27, 35132 Padova PD",2.3,6.0,5,"{""latitude"": 45.4185027, ""longitude"": 11.8812226}",,,,turkish_restaurant,,True,,,True,True,,,[]
ChIJ1wbzZxjbfkcRs34lbL1jEws,Pizzeria Fuego 2.0,"[""meal_takeaway"", ""restaurant"", ""food"", ""point_of_interest"", ""establishment""]","Via del Vescovado, 49, 35141 Padova PD",4.9,136.0,5,"{""latitude"": 45.4057525, ""longitude"": 11.870785500000002}",https://fuego2.0.coredigitallab.it/,380 125 4208,PRICE_LEVEL_INEXPENSIVE,meal_takeaway,True,True,,,,,,,"[""Monday: 12:00 – 3:00 PM, 6:00 – 11:00 PM"", ""Tuesday: 12:00 – 3:00 PM, 6:00 – 11:00 PM"", ""Wednesday: 12:00 – 3:00 PM, 6:00 – 11:00 PM"", ""Thursday: 12:00 – 3:00 PM, 6:00 – 11:00 PM"", ""Friday: 12:00 – 3:00 PM, 6:00 – 11:00 PM"", ""Saturday: 12:00 – 3:00 PM, 6:00 – 11:00 PM"", ""Sunday: 6:00 – 11:00 PM""]"
ChIJ1xLiXjjafkcRcZmKTRMzc6A,Tola Rasa,"[""restaurant"", ""wine_bar"", ""bar"", ""seafood_restaurant"", ""italian_restaurant"", ""food"", ""point_of_interest"", ""establishment""]","Via Vicenza, 7, 35138 Padova PD",4.5,299.0,5,"{""latitude"": 45.4115414, ""longitude"": 11.863010899999999}",https://www.tolarasa.it/,049 723032,PRICE_LEVEL_VERY_EXPENSIVE,restaurant,False,True,True,,True,True,True,True,"[""Monday: 12:00 – 2:00 PM, 7:30 – 11:00 PM"", ""Tuesday: Closed"", ""Wednesday: Closed"", ""Thursday: 12:00 – 2:00 PM, 7:30 – 11:00 PM"", ""Friday: 12:00 – 2:00 PM, 7:30 – 11:00 PM"", ""Saturday: 12:00 – 2:00 PM, 7:30 – 11:00 PM"", ""Sunday: 12:00 – 2:00 PM, 7:30 – 11:00 PM""]"
ChIJ25AnPHHbfkcR97nWc-DnLAQ,Ristorante Pe Pen,"[""restaurant"", ""food"", ""point_of_interest"", ""establishment""]","Piazza Camillo Benso Conte di Cavour, 15, 35121 Padova PD",4.1,97.0,5,"{""latitude"": 45.4083629, ""longitude"": 11.8781416}",https://pepen.it/,334 794 4656,PRICE_LEVEL_EXPENSIVE,restaurant,,True,True,,True,True,True,True,"[""Monday: 7:00 PM – 2:00 AM"", ""Tuesday: 12:00 – 3:00 PM, 7:00 PM – 2:00 AM"", ""Wednesday: 12:00 – 3:00 PM, 7:00 PM – 2:00 AM"", ""Thursday: 12:00 – 3:00 PM, 7:00 PM – 2:00 AM"", ""Friday: 12:00 – 3:00 PM, 7:00 PM – 2:00 AM"", ""Saturday: 12:00 – 3:00 PM, 7:00 PM – 2:00 AM"", ""Sunday: Closed""]"
ChIJ286K2DHafkcRxR81Q66BBos,Osteria BocaBona,"[""restaurant"", ""food"", ""point_of_interest"", ""establishment""]","V. Pelosa, 4, 35136 Padova PD",4.4,774.0,5,"{""latitude"": 45.4076227, ""longitude"": 11.850701599999999}",,049 871 3898,PRICE_LEVEL_EXPENSIVE,restaurant,False,True,True,False,True,True,True,True,"[""Monday: Closed"", ""Tuesday: 7:30 – 11:00 PM"", ""Wednesday: 7:30 – 11:00 PM"", ""Thursday: 7:30 – 11:00 PM"", ""Friday: 7:30 – 11:00 PM"", ""Saturday: 7:30 – 11:00 PM"", ""Sunday: 12:00 – 2:30 PM""]"
ChIJ297LSC3bfkcRWrQI01csoc8,Mo Sarpi Padova,"[""fast_food_restaurant"", ""restaurant"", ""food"", ""point_of_interest"", ""establishment""]","Via Giambattista Belzoni, 133, 35131 Padova PD",5.0,285.0,5,"{""latitude"": 45.407138499999995, ""longitude"": 11.8915762}",,333 436 2747,PRICE_LEVEL_INEXPENSIVE,fast_food_restaurant,False,True,,,True,True,True,False,"[""Monday: 11:00 AM – 3:30 PM, 5:00 – 10:30 PM"", ""Tuesday: 11:00 AM – 3:30 PM, 5:00 – 10:30 PM"", ""Wednesday: 11:00 AM – 3:30 PM, 5:00 – 10:30 PM"", ""Thursday: 11:00 AM – 3:30 PM, 5:00 – 10:30 PM"", ""Friday: 11:00 AM – 3:30 PM, 5:00 – 10:30 PM"", ""Saturday: 5:00 – 10:30 PM"", ""Sunday: Closed""]"
ChIJ2Q0ssU_afkcRMAdYvWJZWHI,Il Gancino,"[""italian_restaurant"", ""bistro"", ""pizza_restaurant"", ""restaurant"", ""point_of_interest"", ""food"", ""establishment""]","Piazza Duomo, 1, 35122 Padova PD",3.5,800.0,5,"{""latitude"": 45.4069253, ""longitude"": 11.872856299999999}",https://www.ilgancino.com/,049 981 9978,PRICE_LEVEL_MODERATE,italian_restaurant,True,True,True,,True,True,True,True,"[""Monday: 10:00 AM – 11:00 PM"", ""Tuesday: 11:00 AM – 11:00 PM"", ""Wednesday: 11:00 AM – 2:00 AM"", ""Thursday: 11:00 AM – 11:00 PM"", ""Friday: 11:00 AM – 2:00 AM"", ""Saturday: 10:00 AM – 2:00 AM"", ""Sunday: 10:00 AM – 2:00 AM""]"
ChIJ2QCjdH_bfkcROAHmFQI_TnU,Osteria Al Vecchio Pozzetto,"[""restaurant"", ""food"", ""point_of_interest"", ""establishment""]","Via Nazario Sauro, 16, 35139 Padova PD",4.5,124.0,5,"{""latitude"": 45.408240799999994, ""longitude"": 11.8739552}",https://www.facebook.com/Al-Vecchio-Pozzetto-101307108585874,049 688 9147,PRICE_LEVEL_EXPENSIVE,restaurant,False,True,True,,True,True,True,True,"[""Monday: Closed"", ""Tuesday: Closed"", ""Wednesday: Closed"", ""Thursday: Closed"", ""Friday: 7:30 – 10:30 PM"", ""Saturday: 12:30 – 3:00 PM, 7:30 – 10:30 PM"", ""Sunday: 12:30 – 3:00 PM""]"
ChIJ2Rl1M1DafkcRJrCwmPRJkFY,Ristorante La Sciabola,"[""restaurant"", ""bistro"", ""wine_bar"", ""italian_restaurant"", ""bar"", ""food"", ""point_of_interest"", ""establishment""]","Via S. Martino e Solferino, 29, 35122 Padova PD",4.1,759.0,5,"{""latitude"": 45.405888499999996, ""longitude"": 11.8753826}",https://social.quandoo.com/en/groups/La-Sciabola,049 656474,PRICE_LEVEL_MODERATE,restaurant,False,True,True,,True,True,True,True,"[""Monday: Closed"", ""Tuesday: 12:00 – 3:00 PM, 6:30 – 11:00 PM"", ""Wednesday: 12:00 – 3:00 PM, 6:30 – 11:00 PM"", ""Thursday: 12:00 – 3:00 PM, 6:30 – 11:00 PM"", ""Friday: 12:00 – 3:00 PM, 6:30 – 11:00 PM"", ""Saturday: 12:00 – 3:00 PM, 6:30 – 11:00 PM"", ""Sunday: 12:00 – 3:00 PM, 6:30 – 10:00 PM""]"
ChIJ2UusoevbfkcR7arjxTNAn5g,Sapore di Mandarino,"[""chinese_restaurant"", ""restaurant"", ""food"", ""point_of_interest"", ""establishment""]","Via della Croce Rossa, 66, 35129 Padova PD",4.0,1.0,1,"{""latitude"": 45.4098839, ""longitude"": 11.911039899999999}",https://woksushipadova.com/,603 32 80 08,,chinese_restaurant,True,True,True,,True,True,True,True,"[""Monday: 12:00 – 7:15 PM"", ""Tuesday: 12:00 – 7:15 PM"", ""Wednesday: 12:00 – 7:15 PM"", ""Thursday: 12:00 – 7:15 PM"", ""Friday: 12:00 – 7:15 PM"", ""Saturday: 12:00 – 7:15 PM"", ""Sunday: 12:00 – 7:15 PM""]"
ChIJ2ebWaYjZfkcRkuV7V-a0ENY,IL Grano pizzeria,"[""pizza_restaurant"", ""restaurant"", ""food"", ""point_of_interest"", ""establishment""]","Via Chiesanuova, 121, 35136 Padova PD",3.7,172.0,5,"{""latitude"": 45.413059499999996, ""longitude"": 11.8387164}",http://www.justeat.it/restaurants-ilgrano,327 884 0596,PRICE_LEVEL_INEXPENSIVE,pizza_restaurant,True,True,True,False,,True,True,,"[""Monday: 5:30 – 10:00 PM"", ""Tuesday: 5:30 – 10:00 PM"", ""Wednesday: 5:30 – 10:00 PM"", ""Thursday: 5:30 – 10:00 PM"", ""Friday: 5:30 – 10:00 PM"", ""Saturday: 5:30 – 10:00 PM"", ""Sunday: 5:30 – 10:00 PM""]"
ChIJ3T3sRwDbfkcRjjURn4zDOkw,云天楼,"[""chinese_restaurant"", ""restaurant"", ""food"", ""point_of_interest"", ""establishment""]","Via Uruguay, 31, 35127 Padova PD",3.7,13.0,5,"{""latitude"": 45.3987146, ""longitude"": 11.9283655}",,,PRICE_LEVEL_EXPENSIVE,chinese_restaurant,,True,True,,,True,True,,[]
ChIJ3UsowFDafkcR9WHsVtRoxeY,Gourmetteria,"[""restaurant"", ""coffee_shop"", ""wine_bar"", ""bar"", ""grocery_store"", ""food_store"", ""cafe"", ""food"", ""point_of_interest"", ""store"", ""establishment""]","Via Zabarella, 23, 35121 Padova PD",4.1,2054.0,5,"{""latitude"": 45.406396799999996, ""longitude"": 11.879108599999999}",http://gourmetteria.com/,049 659830,PRICE_LEVEL_MODERATE,restaurant,,True,True,,True,True,True,True,"[""Monday: 10:00 AM – 12:00 AM"", ""Tuesday: 10:00 AM – 12:00 AM"", ""Wednesday: 10:00 AM – 12:00 AM"", ""Thursday: 10:00 AM – 12:00 AM"", ""Friday: 10:00 AM – 12:00 AM"", ""Saturday: 10:00 AM – 12:00 AM"", ""Sunday: 10:00 AM – 12:00 AM""]"
ChIJ3YDvG37afkcRck0kSQbg07k,Pizzeria Perdinci,"[""pizza_restaurant"", ""restaurant"", ""food"", ""point_of_interest"", ""establishment""]","Via Cardinale Callegari, 43, 35133 Padova PD",4.3,1023.0,5,"{""latitude"": 45.430900199999996, ""longitude"": 11.896962499999999}",https://pizzeriaperdinci.it/index.php,348 407 3702,PRICE_LEVEL_MODERATE,pizza_restaurant,True,True,True,False,False,True,True,True,"[""Monday: Closed"", ""Tuesday: 7:00 PM – 12:00 AM"", ""Wednesday: 7:00 PM – 12:00 AM"", ""Thursday: 7:00 PM – 12:00 AM"", ""Friday: 7:00 PM – 12:00 AM"", ""Saturday: 7:00 PM – 12:00 AM"", ""Sunday: 7:00 PM – 12:00 AM""]"
ChIJ3aKSVgzbfkcRRvh0LXbz1a0,TreQuarti Padova,"[""bistro"", ""bar"", ""restaurant"", ""food"", ""point_of_interest"", ""establishment""]","Piazza della Frutta, 34, 35122 Padova PD",4.5,523.0,5,"{""latitude"": 45.4078223, ""longitude"": 11.875757700000001}",http://www.trequartipadova.it/,049 590 2038,PRICE_LEVEL_MODERATE,bistro,False,True,True,True,True,True,True,True,"[""Monday: 5:00 PM – 2:00 AM"", ""Tuesday: 10:00 AM – 2:00 AM"", ""Wednesday: 10:00 AM – 2:00 AM"", ""Thursday: 10:00 AM – 2:00 AM"", ""Friday: 10:00 AM – 2:00 AM"", ""Saturday: 9:00 AM – 2:00 AM"", ""Sunday: 9:00 AM – 2:00 AM""]"
ChIJ3aZcannafkcR8wd5CcsFGYA,Ristorante Da Fathi il Re del Kebab,"[""restaurant"", ""kebab_shop"", ""pizza_restaurant"", ""food"", ""point_of_interest"", ""establishment""]","Via Guido Reni, 30, 35133 Padova PD",4.1,901.0,5,"{""latitude"": 45.4314901, ""longitude"": 11.889745399999999}",http://www.ilredelkebabdafathi.it/,389 165 5924,PRICE_LEVEL_INEXPENSIVE,restaurant,True,True,True,True,True,True,False,False,"[""Monday: 7:00 AM – 11:30 PM"", ""Tuesday: 7:00 AM – 11:30 PM"", ""Wednesday: 7:00 AM – 11:30 PM"", ""Thursday: 7:00 AM – 11:30 PM"", ""Friday: 7:00 AM – 11:30 PM"", ""Saturday: 7:00 AM – 11:30 PM"", ""Sunday: 7:00 AM – 11:30 PM""]"
ChIJ3ewzZ67bfkcR4il3B6HgofU,UMAMI Ristorante Fusion - Sushi - Asporto e Consegna a Domicilio,"[""sushi_restaurant"", ""asian_fusion_restaurant"", ""asian_restaurant"", ""fusion_restaurant"", ""catering_service"", ""food_delivery"", ""meal_takeaway"", ""chinese_restaurant"", ""japanese_restaurant"", ""restaurant"", ""food"", ""point_of_interest"", ""service"", ""establishment""]","Corso Vittorio Emanuele II, 249, 35123 Padova PD",4.5,450.0,5,"{""latitude"": 45.3931389, ""longitude"": 11.8716765}",https://www.umamifusion.it/,049 202 2401,PRICE_LEVEL_MODERATE,sushi_restaurant,True,True,True,False,True,True,True,True,"[""Monday: Closed"", ""Tuesday: 12:00 – 3:00 PM, 7:00 – 11:00 PM"", ""Wednesday: 12:00 – 3:00 PM, 7:00 – 11:00 PM"", ""Thursday: 12:00 – 3:00 PM, 7:00 – 11:00 PM"", ""Friday: 12:00 – 3:00 PM, 7:00 – 11:00 PM"", ""Saturday: 12:00 – 3:00 PM, 7:00 – 11:00 PM"", ""Sunday: 12:00 – 3:00 PM, 7:00 – 11:00 PM""]"
ChIJ3fcXQADbfkcRsjAuVMZM_kc,Ciao Pizzaria Cucina Bengalese,"[""pizza_restaurant"", ""restaurant"", ""food"", ""point_of_interest"", ""establishment""]","Via T. Aspetti, 8, 35132 Padova PD",4.0,14.0,5,"{""latitude"": 45.4199856, ""longitude"": 11.8791303}",,376 267 0037,PRICE_LEVEL_INEXPENSIVE,pizza_restaurant,,True,True,,,True,,,"[""Monday: 9:00 AM – 11:00 PM"", ""Tuesday: 9:00 AM – 11:00 PM"", ""Wednesday: 9:00 AM – 11:00 PM"", ""Thursday: 9:00 AM – 11:00 PM"", ""Friday: 9:00 AM – 11:00 PM"", ""Saturday: 9:00 AM – 11:00 PM"", ""Sunday: 9:00 AM – 11:00 PM""]"
ChIJ48DQhSbbfkcRYtQIsY2pIjE,Bar That's Amore,"[""bistro"", ""restaurant"", ""food"", ""point_of_interest"", ""establishment""]","Via Zabarella, 61, 35121 Padova PD",4.4,71.0,5,"{""latitude"": 45.4073105, ""longitude"": 11.879034899999999}",,377 687 1517,PRICE_LEVEL_INEXPENSIVE,bistro,False,True,True,True,True,,True,True,"[""Monday: 8:30 AM – 7:30 PM"", ""Tuesday: 8:30 AM – 7:30 PM"", ""Wednesday: 8:30 AM – 12:00 AM"", ""Thursday: 8:30 AM – 12:00 AM"", ""Friday: 8:30 AM – 1:00 AM"", ""Saturday: 8:30 AM – 1:00 AM"", ""Sunday: Closed""]"
ChIJ49DQ3ETafkcRbHscogZh7LI,RUST MOOD Concept Store & Bistrò,"[""restaurant"", ""brunch_restaurant"", ""bistro"", ""clothing_store"", ""store"", ""food"", ""point_of_interest"", ""establishment""]","Via Tre Ponti, 13 E/Int. 1, 35136 Padova PD",4.5,323.0,5,"{""latitude"": 45.412546, ""longitude"": 11.8260372}",https://airstream.rustmood.com/,049 633296,PRICE_LEVEL_MODERATE,restaurant,False,True,True,True,True,True,True,True,"[""Monday: 6:00 PM – 12:00 AM"", ""Tuesday: Closed"", ""Wednesday: 6:00 PM – 12:00 AM"", ""Thursday: 6:00 PM – 12:00 AM"", ""Friday: 6:00 PM – 1:00 AM"", ""Saturday: 6:00 PM – 1:00 AM"", ""Sunday: 6:00 PM – 12:00 AM""]"
ChIJ4RPLEiDZfkcRWbts8YQQGjI,Fabbrica in Pedavena - Padova,"[""pizza_restaurant"", ""hamburger_restaurant"", ""beer_garden"", ""bar"", ""american_restaurant"", ""restaurant"", ""food"", ""point_of_interest"", ""establishment""]","Via dei Colli, 164, 35143 Padova PD",4.4,887.0,5,"{""latitude"": 45.395242599999996, ""longitude"": 11.8253769}",https://fabbricainpedavena.it/project/padova/,380 754 8980,PRICE_LEVEL_MODERATE,bar,False,True,True,,True,True,True,True,"[""Monday: Closed"", ""Tuesday: 6:30 PM – 1:00 AM"", ""Wednesday: 6:30 PM – 1:00 AM"", ""Thursday: 6:30 PM – 1:00 AM"", ""Friday: 6:30 PM – 2:00 AM"", ""Saturday: 6:30 PM – 2:00 AM"", ""Sunday: 6:30 PM – 1:00 AM""]"
ChIJ4U7CXEXafkcR7oN3Djs5qmA,Belle Parti,"[""restaurant"", ""food"", ""point_of_interest"", ""establishment""]","Via Belle Parti, 11, 35139 Padova PD",4.6,847.0,5,"{""latitude"": 45.4087526, ""longitude"": 11.8742526}",http://www.ristorantebelleparti.it/,049 875 1822,PRICE_LEVEL_EXPENSIVE,restaurant,,True,True,False,True,True,,True,"[""Monday: 12:30 – 2:30 PM, 7:30 – 10:30 PM"", ""Tuesday: 12:30 – 2:30 PM, 7:30 – 10:30 PM"", ""Wednesday: 12:30 – 2:30 PM, 7:30 – 10:30 PM"", ""Thursday: 12:30 – 2:30 PM, 7:30 – 10:30 PM"", ""Friday: 12:30 – 2:30 PM, 7:30 – 10:30 PM"", ""Saturday: 12:30 – 2:30 PM, 7:30 – 10:30 PM"", ""Sunday: Closed""]"
ChIJ4UdI92fafkcRxlznC1Wl8Ns,Rustichelli & Mangione,"[""pizza_restaurant"", ""bar"", ""restaurant"", ""food"", ""point_of_interest"", ""establishment""]","Piazzale della Stazione, 14, 35131 Padova PD",4.3,737.0,5,"{""latitude"": 45.417586, ""longitude"": 11.8800402}",https://www.lagardere-tr.it/it/rustichelli-mangione,049 650467,PRICE_LEVEL_INEXPENSIVE,pizza_restaurant,False,True,,True,True,,True,True,"[""Monday: 5:30 AM – 8:00 PM"", ""Tuesday: 5:30 AM – 8:00 PM"", ""Wednesday: 5:30 AM – 8:00 PM"", ""Thursday: 5:30 AM – 8:00 PM"", ""Friday: 5:30 AM – 8:00 PM"", ""Saturday: 6:00 AM – 8:00 PM"", ""Sunday: 6:30 AM – 8:00 PM""]"
ChIJ4ZINYpHafkcRthOQEb8ok34,Pizzeria Da Vanni,"[""pizza_restaurant"", ""italian_restaurant"", ""restaurant"", ""food"", ""point_of_interest"", ""establishment""]","Via Pietro Maroncelli, 92, 35129 Padova PD",4.5,2155.0,5,"{""latitude"": 45.4190325, ""longitude"": 11.908717999999999}",https://www.instagram.com/pizzeria_da_vanni?igsh=MWJneTU1d2l4b2J5Mw%3D%3D&utm_source=qr,049 807 3731,PRICE_LEVEL_MODERATE,pizza_restaurant,True,True,True,False,,True,True,True,"[""Monday: Closed"", ""Tuesday: 6:30 PM – 1:00 AM"", ""Wednesday: 6:30 PM – 1:00 AM"", ""Thursday: 6:30 PM – 1:00 AM"", ""Friday: 6:30 PM – 1:00 AM"", ""Saturday: 6:30 PM – 1:00 AM"", ""Sunday: 6:30 PM – 12:00 AM""]"
ChIJ4ZV0DojbfkcRCrAHVaN-gb8,Pizza Kebab Stanga,"[""pizza_restaurant"", ""restaurant"", ""food"", ""point_of_interest"", ""establishment""]","Via Domenico Turazza, 6, 35128 Padova PD",3.3,8.0,5,"{""latitude"": 45.4083994, ""longitude"": 11.9023764}",,389 295 4454,PRICE_LEVEL_INEXPENSIVE,pizza_restaurant,True,True,,,,,,,"[""Monday: 11:30 AM – 3:30 PM, 6:00 PM – 1:00 AM"", ""Tuesday: Closed"", ""Wednesday: 11:30 AM – 3:30 PM, 6:00 PM – 1:00 AM"", ""Thursday: 11:30 AM – 3:30 PM, 6:00 PM – 1:00 AM"", ""Friday: 11:30 AM – 3:30 PM, 6:00 PM – 1:00 AM"", ""Saturday: 11:30 AM – 3:30 PM, 6:00 PM – 1:00 AM"", ""Sunday: 11:30 AM – 3:30 PM, 6:00 PM – 1:00 AM""]"
ChIJ4_lW527afkcRRPJDmh-2smk,Giuly Sajonara,"[""pizza_restaurant"", ""italian_restaurant"", ""restaurant"", ""food"", ""point_of_interest"", ""establishment""]","Via Michelangelo Buonarroti, 68, 35135 Padova PD",4.2,220.0,5,"{""latitude"": 45.4234705, ""longitude"": 11.878262699999999}",,049 610420,PRICE_LEVEL_MODERATE,pizza_restaurant,True,True,True,,True,True,True,True,"[""Monday: 12:00 – 11:00 PM"", ""Tuesday: Closed"", ""Wednesday: 12:00 – 11:00 PM"", ""Thursday: 12:00 – 11:00 PM"", ""Friday: 12:00 – 11:00 PM"", ""Saturday: 12:00 – 11:00 PM"", ""Sunday: 12:00 – 11:00 PM""]"
ChIJ4aOff1rafkcRLpeSS2KAsPI,Pizzeria e Ristorante - Da Pino Padova,"[""pizza_restaurant"", ""family_restaurant"", ""mediterranean_restaurant"", ""meal_takeaway"", ""italian_restaurant"", ""restaurant"", ""food"", ""point_of_interest"", ""establishment""]","Via Cavour, 20, 35122 Padova PD",4.2,5167.0,5,"{""latitude"": 45.40769600000001, ""longitude"": 11.878154}",http://www.dapino.it/,049 662675,PRICE_LEVEL_MODERATE,pizza_restaurant,False,True,True,False,True,True,True,True,"[""Monday: 12:00 – 2:30 PM, 6:30 – 11:00 PM"", ""Tuesday: 12:00 – 2:30 PM, 6:30 – 11:00 PM"", ""Wednesday: 12:00 – 2:30 PM, 6:30 – 11:00 PM"", ""Thursday: 12:00 – 2:30 PM, 6:30 – 11:00 PM"", ""Friday: 12:00 – 2:30 PM, 6:30 – 11:30 PM"", ""Saturday: 12:00 – 2:30 PM, 6:30 – 11:30 PM"", ""Sunday: 12:00 – 2:30 PM, 6:30 – 11:00 PM""]"
ChIJ4yp9kxbbfkcRSVnKMfT4O14,Trattoria Da Checchi,"[""seafood_restaurant"", ""restaurant"", ""food"", ""point_of_interest"", ""establishment""]","Via Bosco Rignano, 8, 35127 Padova PD",4.1,537.0,5,"{""latitude"": 45.383038, ""longitude"": 11.8971775}",,049 750553,PRICE_LEVEL_EXPENSIVE,seafood_restaurant,False,True,True,False,True,True,True,True,"[""Monday: Closed"", ""Tuesday: Closed"", ""Wednesday: 12:30 – 2:00 PM, 7:30 – 10:00 PM"", ""Thursday: 12:30 – 2:00 PM, 7:30 – 10:00 PM"", ""Friday: 12:30 – 2:00 PM, 7:30 – 10:00 PM"", ""Saturday: 12:30 – 2:00 PM, 7:30 – 10:00 PM"", ""Sunday: 12:30 – 2:00 PM, 7:30 – 10:00 PM""]"
ChIJ52EB3KzbfkcRLv8hMLP1IA8,Orsucci,"[""pizza_restaurant"", ""restaurant"", ""food"", ""point_of_interest"", ""establishment""]","Corso Vittorio Emanuele II, 18, 35123 Padova PD",4.6,1242.0,5,"{""latitude"": 45.397555, ""longitude"": 11.874138}",https://pizzeriaorsuccidal1922.wordpress.com/,049 875 9313,PRICE_LEVEL_INEXPENSIVE,pizza_restaurant,False,True,True,False,False,True,True,False,"[""Monday: 5:15 PM – 12:00 AM"", ""Tuesday: 5:15 PM – 12:00 AM"", ""Wednesday: 5:15 PM – 12:00 AM"", ""Thursday: Closed"", ""Friday: 5:15 PM – 12:00 AM"", ""Saturday: 5:15 PM – 12:00 AM"", ""Sunday: 5:15 PM – 12:00 AM""]"
ChIJ57XnH2vbfkcRxH4nVWj5LTE,Handa,"[""restaurant"", ""food"", ""point_of_interest"", ""establishment""]","Via del Portello, 32, 35131 Padova PD",4.7,802.0,5,"{""latitude"": 45.408364999999996, ""longitude"": 11.8926419}",http://www.handa.it/,349 233 0492,PRICE_LEVEL_MODERATE,restaurant,True,True,True,,True,True,True,True,"[""Monday: 7:00 – 11:00 PM"", ""Tuesday: 7:00 – 11:00 PM"", ""Wednesday: 7:00 – 11:00 PM"", ""Thursday: 7:00 – 11:00 PM"", ""Friday: 7:00 – 11:00 PM"", ""Saturday: 7:00 – 11:00 PM"", ""Sunday: 7:00 – 11:00 PM""]"
ChIJ5UDSRV3afkcRxHq-q8VuMjY,Bottega del caffé Dersut,"[""coffee_shop"", ""bistro"", ""cafe"", ""food_store"", ""restaurant"", ""food"", ""store"", ""point_of_interest"", ""establishment""]","Corso del Popolo, 16, 35131 Padova PD",3.5,224.0,5,"{""latitude"": 45.416596899999995, ""longitude"": 11.8796821}",http://bottegadelcaffedersut.it/botteghe-dersut,351 068 9883,PRICE_LEVEL_INEXPENSIVE,coffee_shop,False,True,,True,True,,True,True,"[""Monday: 6:00 AM – 7:30 PM"", ""Tuesday: 6:00 AM – 7:30 PM"", ""Wednesday: 6:00 AM – 7:30 PM"", ""Thursday: 6:00 AM – 7:30 PM"", ""Friday: 6:00 AM – 7:30 PM"", ""Saturday: 6:00 AM – 7:30 PM"", ""Sunday: 6:00 AM – 8:00 PM""]"
ChIJ5UwVngzafkcRXFsW47vMudc,Ristorante Locanda Munerato,"[""italian_restaurant"", ""inn"", ""pizza_restaurant"", ""lodging"", ""restaurant"", ""food"", ""point_of_interest"", ""establishment""]","Via Sacro Cuore, 4, 35135 Padova PD",4.0,1095.0,5,"{""latitude"": 45.432208499999994, ""longitude"": 11.8716344}",https://www.munerato.it/,049 864 7502,PRICE_LEVEL_INEXPENSIVE,italian_restaurant,,True,True,False,True,True,True,True,"[""Monday: 9:30 AM – 2:30 PM"", ""Tuesday: 9:30 AM – 2:30 PM"", ""Wednesday: 9:30 AM – 2:30 PM, 7:00 – 10:30 PM"", ""Thursday: 9:30 AM – 2:30 PM, 7:00 – 10:30 PM"", ""Friday: 9:30 AM – 2:30 PM, 7:00 – 11:00 PM"", ""Saturday: 10:00 AM – 2:30 PM, 7:00 – 11:00 PM"", ""Sunday: Closed""]"
ChIJ5cgc347ZfkcRafTijhFn5sc,Pizzeria Arizona snc,"[""pizza_restaurant"", ""restaurant"", ""food"", ""point_of_interest"", ""establishment""]","Via Chiesanuova, 126, 35136 Padova PD",4.3,661.0,5,"{""latitude"": 45.4152335, ""longitude"": 11.8340303}",,049 871 7292,PRICE_LEVEL_MODERATE,pizza_restaurant,True,True,True,,True,True,True,True,"[""Monday: 12:00 – 2:30 PM, 6:30 – 11:00 PM"", ""Tuesday: 12:00 – 2:30 PM, 6:30 – 11:00 PM"", ""Wednesday: Closed"", ""Thursday: 12:00 – 2:30 PM, 6:30 – 11:00 PM"", ""Friday: 12:00 – 2:30 PM, 6:30 – 11:00 PM"", ""Saturday: 12:00 – 2:00 PM, 6:30 – 11:00 PM"", ""Sunday: 6:30 – 11:00 PM""]"
ChIJ5w09pl7afkcRnKd3S7xCVxU,Bar Gallery,"[""bistro"", ""restaurant"", ""food"", ""point_of_interest"", ""establishment""]","Galleria Trieste, 8, 35131 Padova PD",4.5,26.0,5,"{""latitude"": 45.4126523, ""longitude"": 11.8835001}",https://bargallery.wordpress.com/,347 858 4859,PRICE_LEVEL_INEXPENSIVE,bistro,True,True,True,True,True,,True,True,"[""Monday: 6:30 AM – 6:30 PM"", ""Tuesday: 6:30 AM – 6:30 PM"", ""Wednesday: 6:30 AM – 6:30 PM"", ""Thursday: 6:30 AM – 6:30 PM"", ""Friday: 6:30 AM – 6:30 PM"", ""Saturday: Closed"", ""Sunday: Closed""]"
ChIJ5w7VKHzbfkcRLk05kCZ_p0E,Roadhouse Restaurant Padova Ovest,"[""steak_house"", ""hamburger_restaurant"", ""american_restaurant"", ""restaurant"", ""food"", ""point_of_interest"", ""establishment""]","Via Chiesanuova, 56, 35136 Padova PD",4.0,1364.0,5,"{""latitude"": 45.412040499999996, ""longitude"": 11.8431251}",https://www.roadhouse.it/it/ristorante-roadhouse-padova-ovest,049 872 4569,PRICE_LEVEL_MODERATE,steak_house,True,True,True,False,True,True,True,True,"[""Monday: 12:00 – 3:00 PM, 6:30 – 10:30 PM"", ""Tuesday: 12:00 – 3:00 PM, 6:30 – 10:30 PM"", ""Wednesday: 12:00 – 3:00 PM, 6:30 – 10:30 PM"", ""Thursday: 12:00 – 3:00 PM, 6:30 – 10:30 PM"", ""Friday: 12:00 – 3:00 PM, 6:30 – 11:00 PM"", ""Saturday: 12:00 – 3:00 PM, 6:30 – 11:00 PM"", ""Sunday: 12:00 – 3:30 PM, 6:30 – 10:30 PM""]"
ChIJ5wIQ_0PFfkcRIYCwkH-ULPw,Pepe Nero Ristorante e Locanda,"[""seafood_restaurant"", ""inn"", ""lodging"", ""restaurant"", ""food"", ""point_of_interest"", ""establishment""]","Via Guglielmo Marconi, 26, 35027 Noventa Padovana PD",4.5,979.0,5,"{""latitude"": 45.4137821, ""longitude"": 11.9576114}",http://www.pepeneropadova.it/,049 893 5572,PRICE_LEVEL_EXPENSIVE,seafood_restaurant,False,True,True,False,True,True,True,True,"[""Monday: 12:00 – 3:30 PM, 7:45 PM – 12:00 AM"", ""Tuesday: 12:00 – 3:30 PM, 7:45 PM – 12:00 AM"", ""Wednesday: 12:00 – 3:30 PM, 7:45 PM – 12:00 AM"", ""Thursday: 12:00 – 3:30 PM, 7:45 PM – 12:00 AM"", ""Friday: 12:00 – 3:30 PM, 7:45 PM – 12:00 AM"", ""Saturday: 7:45 PM – 12:00 AM"", ""Sunday: Closed""]"
ChIJ68pSrVvafkcRoNdTsxSjt9I,Bar Mantegna,"[""bistro"", ""bar"", ""restaurant"", ""food"", ""point_of_interest"", ""establishment""]","Piazza Eremitani, 25, 35121 Padova PD",4.4,244.0,5,"{""latitude"": 45.4100366, ""longitude"": 11.8798485}",,049 490 7758,PRICE_LEVEL_INEXPENSIVE,bistro,False,True,True,True,True,,True,True,"[""Monday: 7:00 AM – 8:00 PM"", ""Tuesday: 7:00 AM – 8:00 PM"", ""Wednesday: 7:00 AM – 8:00 PM"", ""Thursday: 7:00 AM – 8:00 PM"", ""Friday: 7:00 AM – 8:00 PM"", ""Saturday: 7:00 AM – 8:00 PM"", ""Sunday: Closed""]"
ChIJ6bwFA0bbfkcRiezgYBbVUEs,La Mafaldina,"[""pizza_restaurant"", ""restaurant"", ""food"", ""point_of_interest"", ""establishment""]","Via Pietro Fortunato Calvi, 20, 35121 Padova PD",4.5,612.0,5,"{""latitude"": 45.4087482, ""longitude"": 11.878197499999999}",http://www.lamafaldina.it/,049 785 1244,PRICE_LEVEL_MODERATE,pizza_restaurant,,True,True,False,False,True,True,True,"[""Monday: 6:45 PM – 12:00 AM"", ""Tuesday: Closed"", ""Wednesday: 6:45 PM – 12:00 AM"", ""Thursday: 6:45 PM – 12:00 AM"", ""Friday: 6:45 PM – 12:00 AM"", ""Saturday: 6:45 PM – 12:00 AM"", ""Sunday: 6:45 PM – 12:00 AM""]"
ChIJ6d_wHQDbfkcRQIIFBUp4eKo,Chiavenna,"[""chinese_restaurant"", ""restaurant"", ""food"", ""point_of_interest"", ""establishment""]","Via Guizza Conselvana, 141, 35125 Padova PD",,,0,"{""latitude"": 45.377898699999996, ""longitude"": 11.8709641}",,,,chinese_restaurant,,True,,,,True,,,[]
ChIJ6fqmbknafkcROH1K3hjA1HI,La Plaka,"[""greek_restaurant"", ""mediterranean_restaurant"", ""restaurant"", ""point_of_interest"", ""food"", ""establishment""]","Via Euganea, 76, 35141 Padova PD",4.5,457.0,5,"{""latitude"": 45.4053135, ""longitude"": 11.865881799999999}",,049 872 4526,PRICE_LEVEL_MODERATE,greek_restaurant,False,True,True,,True,True,True,True,"[""Monday: 7:30 PM – 1:00 AM"", ""Tuesday: 7:30 PM – 1:00 AM"", ""Wednesday: 7:30 PM – 1:00 AM"", ""Thursday: 7:30 PM – 1:00 AM"", ""Friday: 7:30 PM – 1:00 AM"", ""Saturday: 7:30 PM – 1:00 AM"", ""Sunday: Closed""]"
ChIJ70wXNFLafkcR7nRuzPxnpas,Ristorante Vecchio Falconiere,"[""restaurant"", ""food"", ""point_of_interest"", ""establishment""]","Via Umberto I, 31, 35122 Padova PD",4.3,1788.0,5,"{""latitude"": 45.4023361, ""longitude"": 11.8756533}",http://vecchiofalconiere.it/,049 656544,PRICE_LEVEL_EXPENSIVE,restaurant,False,True,True,,True,True,True,True,"[""Monday: Closed"", ""Tuesday: 7:00 – 10:30 PM"", ""Wednesday: 12:00 – 2:30 PM, 7:00 – 10:30 PM"", ""Thursday: 12:00 – 2:30 PM, 7:00 – 10:30 PM"", ""Friday: 12:00 – 2:30 PM, 7:00 – 10:30 PM"", ""Saturday: 12:00 – 2:30 PM, 7:00 – 11:30 PM"", ""Sunday: 12:00 – 2:30 PM, 7:00 – 10:30 PM""]"
ChIJ7TjA-1fbfkcRBJTn2FE_v9E,Ristorante Sanshi,"[""japanese_restaurant"", ""restaurant"", ""food"", ""point_of_interest"", ""establishment""]","Via dei Colli, 45, 35143 Padova PD",4.3,463.0,5,"{""latitude"": 45.3970146, ""longitude"": 11.8339228}",https://ristorantesushiamo.eatbu.com/,049 735 9324,PRICE_LEVEL_MODERATE,japanese_restaurant,True,True,True,False,True,True,True,True,"[""Monday: 12:00 – 3:00 PM, 7:00 PM – 12:00 AM"", ""Tuesday: 12:00 – 3:00 PM, 7:00 PM – 12:00 AM"", ""Wednesday: Closed"", ""Thursday: 12:00 – 3:00 PM, 7:00 PM – 12:00 AM"", ""Friday: 12:00 – 3:00 PM, 7:00 PM – 12:00 AM"", ""Saturday: 12:00 – 3:00 PM, 7:00 PM – 12:00 AM"", ""Sunday: 12:00 – 3:00 PM, 7:00 PM – 12:00 AM""]"
ChIJ7WYYAF3afkcRXRbTkqzqdOI,家乐福美食城（antica cina）,"[""chinese_restaurant"", ""restaurant"", ""food"", ""point_of_interest"", ""establishment""]","Via Diego Valeri, 29, 35131 Padova PD",4.1,337.0,5,"{""latitude"": 45.414646399999995, ""longitude"": 11.880778699999999}",,049 830 6182,PRICE_LEVEL_MODERATE,chinese_restaurant,True,True,True,False,True,True,True,True,"[""Monday: 11:00 AM – 3:00 PM, 5:00 PM – 12:00 AM"", ""Tuesday: Closed"", ""Wednesday: 11:00 AM – 3:00 PM, 5:00 PM – 12:00 AM"", ""Thursday: 11:00 AM – 3:00 PM, 5:00 PM – 12:00 AM"", ""Friday: 11:00 AM – 3:00 PM, 5:00 PM – 12:00 AM"", ""Saturday: 11:00 AM – 3:00 PM, 5:00 PM – 12:00 AM"", ""Sunday: 11:00 AM – 3:00 PM, 5:00 PM – 12:00 AM""]"
ChIJ7xdt31XafkcRzKEm8X7M6l8,Nerodiseppia Bistro' d'Autore,"[""restaurant"", ""seafood_restaurant"", ""italian_restaurant"", ""food"", ""point_of_interest"", ""establishment""]","Via S. Francesco, 161, 35121 Padova PD",4.6,628.0,5,"{""latitude"": 45.4025245, ""longitude"": 11.883434}",https://www.nerodiseppiapadova.it/,049 836 4049,PRICE_LEVEL_EXPENSIVE,restaurant,False,True,True,True,True,True,True,True,"[""Monday: Closed"", ""Tuesday: 10:00 AM – 7:30 PM"", ""Wednesday: 10:00 AM – 7:30 PM"", ""Thursday: 10:00 AM – 7:30 PM"", ""Friday: 10:00 AM – 12:00 AM"", ""Saturday: 10:00 AM – 4:00 PM"", ""Sunday: Closed""]"
ChIJ83sfle3afkcRpx-A3T8IKuo,Pizza Sprint,"[""pizza_restaurant"", ""meal_takeaway"", ""italian_restaurant"", ""restaurant"", ""food"", ""point_of_interest"", ""establishment""]","Via Antonio Grassi, 22, 35129 Padova PD",4.6,196.0,5,"{""latitude"": 45.4110691, ""longitude"": 11.902488799999999}",,049 772480,PRICE_LEVEL_INEXPENSIVE,pizza_restaurant,True,True,True,False,True,True,,,"[""Monday: Closed"", ""Tuesday: 12:00 – 2:00 PM, 6:00 – 10:00 PM"", ""Wednesday: 12:00 – 2:00 PM, 6:00 – 10:00 PM"", ""Thursday: 12:00 – 2:00 PM, 6:00 – 10:00 PM"", ""Friday: 12:00 – 2:00 PM, 6:00 – 10:00 PM"", ""Saturday: 12:00 – 2:00 PM, 6:00 – 10:00 PM"", ""Sunday: 6:00 – 10:00 PM""]"
ChIJ85YGdmTbfkcRDmhnwekH9gI,AGUAQUEMADA Tapas y Paella,"[""spanish_restaurant"", ""tapas_restaurant"", ""bar"", ""restaurant"", ""food"", ""point_of_interest"", ""establishment""]","Via Egidio Forcellini, 172/2, 35128 Padova PD",4.7,225.0,5,"{""latitude"": 45.3923645, ""longitude"": 11.9052286}",https://www.aguaquemada.it/,378 069 7788,PRICE_LEVEL_EXPENSIVE,spanish_restaurant,False,True,True,False,True,True,True,True,"[""Monday: 7:30 – 11:00 PM"", ""Tuesday: Closed"", ""Wednesday: 7:30 – 11:00 PM"", ""Thursday: 7:30 – 11:00 PM"", ""Friday: 7:30 – 11:00 PM"", ""Saturday: 7:30 – 11:00 PM"", ""Sunday: 7:30 – 11:00 PM""]"
ChIJ89jmjVzbfkcRARn5AdCR7c8,哎嘛呀 麻辣烫 AIMAYA MALATANG,"[""chinese_restaurant"", ""restaurant"", ""point_of_interest"", ""food"", ""establishment""]","Via Benedetto Cairoli, 4c, 35131 Padova PD",4.3,104.0,5,"{""latitude"": 45.416911, ""longitude"": 11.8781378}",,376 253 9999,PRICE_LEVEL_MODERATE,chinese_restaurant,True,True,True,,True,True,True,,"[""Monday: 10:30 AM – 11:00 PM"", ""Tuesday: 10:30 AM – 11:00 PM"", ""Wednesday: 10:30 AM – 11:00 PM"", ""Thursday: 10:30 AM – 11:00 PM"", ""Friday: 10:30 AM – 11:00 PM"", ""Saturday: 10:30 AM – 11:00 PM"", ""Sunday: 10:30 AM – 11:00 PM""]"
ChIJ8XpQk0_afkcRfWV6hqLx_O0,UVA,"[""restaurant"", ""wine_bar"", ""bistro"", ""bar"", ""food"", ""point_of_interest"", ""establishment""]","Piazza dei Signori, 17, 35139 Padova PD",4.1,475.0,5,"{""latitude"": 45.407449199999995, ""longitude"": 11.8734349}",http://uvapadova.it/,049 591 3903,PRICE_LEVEL_EXPENSIVE,restaurant,False,True,True,True,True,True,True,True,"[""Monday: Closed"", ""Tuesday: 12:30 – 2:30 PM, 7:30 – 10:30 PM"", ""Wednesday: 12:30 – 2:30 PM, 7:30 – 10:30 PM"", ""Thursday: 12:30 – 2:30 PM, 7:30 – 10:30 PM"", ""Friday: 12:30 – 2:30 PM, 7:30 – 10:30 PM"", ""Saturday: 12:30 – 2:30 PM, 7:30 – 10:30 PM"", ""Sunday: 12:30 – 2:30 PM, 7:30 – 10:30 PM""]"
ChIJ8agD-pzbfkcRzKsFHSE9vBk,Trattoria Fasolo,"[""italian_restaurant"", ""restaurant"", ""food"", ""point_of_interest"", ""establishment""]","Via Fratelli Rosselli, 15, 35125 Padova PD",4.3,276.0,5,"{""latitude"": 45.3720724, ""longitude"": 11.868965399999999}",https://trattoriafasolo.eatbu.com/,049 882 7683,PRICE_LEVEL_MODERATE,italian_restaurant,False,True,True,False,True,True,True,True,"[""Monday: 12:30 – 2:30 PM"", ""Tuesday: 12:30 – 2:30 PM"", ""Wednesday: 12:30 – 2:30 PM"", ""Thursday: 12:30 – 2:30 PM"", ""Friday: 12:30 – 2:30 PM"", ""Saturday: Closed"", ""Sunday: 12:30 – 2:30 PM""]"
ChIJ8bOvVVvbfkcRMALWRV3IgOc,XIANG DIMSUM,"[""dumpling_restaurant"", ""chinese_restaurant"", ""restaurant"", ""food"", ""point_of_interest"", ""establishment""]","Via T. Aspetti, 43, 35132 Padova PD",4.9,608.0,5,"{""latitude"": 45.4210412, ""longitude"": 11.8811547}",,351 556 8728,PRICE_LEVEL_MODERATE,dumpling_restaurant,True,True,True,,True,True,True,True,"[""Monday: Closed"", ""Tuesday: 7:00 – 10:30 PM"", ""Wednesday: 12:00 – 2:30 PM, 7:00 – 10:30 PM"", ""Thursday: 12:00 – 2:30 PM, 7:00 – 10:30 PM"", ""Friday: 12:00 – 2:30 PM, 7:00 – 10:30 PM"", ""Saturday: 12:00 – 2:30 PM, 7:00 – 10:30 PM"", ""Sunday: 12:00 – 2:30 PM, 7:00 – 10:30 PM""]"
ChIJ8cw2LlLafkcRoswH5B8vNBU,Antonio Ferrari - Storie di cibo e vino,"[""restaurant"", ""wine_bar"", ""bar"", ""food"", ""point_of_interest"", ""establishment""]","Via Umberto I°, 15/17, 35100 Padova PD",4.2,1698.0,5,"{""latitude"": 45.402769, ""longitude"": 11.875726499999999}",https://www.antonioferrari.it/,328 769 3654,PRICE_LEVEL_EXPENSIVE,restaurant,False,True,True,False,True,True,True,True,"[""Monday: 12:00 – 3:00 PM, 6:30 PM – 12:00 AM"", ""Tuesday: 12:00 – 3:00 PM, 6:30 PM – 12:00 AM"", ""Wednesday: 12:00 – 3:00 PM, 6:30 PM – 12:00 AM"", ""Thursday: 12:00 – 3:00 PM, 6:30 PM – 12:00 AM"", ""Friday: 12:00 – 3:00 PM, 6:30 PM – 12:00 AM"", ""Saturday: 12:00 – 3:00 PM, 6:30 PM – 12:00 AM"", ""Sunday: 12:00 – 3:00 PM, 6:30 PM – 12:00 AM""]"
ChIJ8f4ng37jfkcR3g4rsvJl1BY,Osteria Testamatta,"[""seafood_restaurant"", ""italian_restaurant"", ""restaurant"", ""point_of_interest"", ""food"", ""establishment""]","Via Savonarola, 59, 35139 Padova PD",4.6,522.0,5,"{""latitude"": 45.41161890000001, ""longitude"": 11.871018}",http://www.osteriatestamattapadova.com/,049 573 6130,PRICE_LEVEL_VERY_EXPENSIVE,seafood_restaurant,False,True,True,,True,True,,True,"[""Monday: 7:30 PM – 1:00 AM"", ""Tuesday: 7:30 PM – 1:00 AM"", ""Wednesday: 7:30 PM – 1:00 AM"", ""Thursday: 7:30 PM – 1:00 AM"", ""Friday: 7:30 PM – 1:00 AM"", ""Saturday: 7:30 PM – 1:00 AM"", ""Sunday: Closed""]"
ChIJ8yeLXpLbfkcRPPPPXnL-Bu0,Forbici Pizza,"[""pizza_restaurant"", ""pizza_delivery"", ""meal_delivery"", ""food_delivery"", ""meal_takeaway"", ""bar"", ""restaurant"", ""food"", ""service"", ""point_of_interest"", ""establishment""]","Via S. Francesco, 28, 35121 Padova PD",4.5,713.0,5,"{""latitude"": 45.4059156, ""longitude"": 11.8786682}",https://social.quandoo.com/en/groups/forbici-pizza-padova-109020,049 956 6127,PRICE_LEVEL_MODERATE,pizza_restaurant,True,True,True,,True,True,True,True,"[""Monday: 10:30 AM – 11:00 PM"", ""Tuesday: 10:30 AM – 11:00 PM"", ""Wednesday: 10:30 AM – 11:00 PM"", ""Thursday: 10:30 AM – 11:00 PM"", ""Friday: 10:30 AM – 11:00 PM"", ""Saturday: 10:30 AM – 11:00 PM"", ""Sunday: Closed""]"
ChIJ9-ODzDjbfkcRxzIVcHHfFF4,Osteria la Ruta,"[""restaurant"", ""italian_restaurant"", ""food"", ""point_of_interest"", ""establishment""]","Via Savonarola, 122, 35137 Padova PD",4.3,766.0,5,"{""latitude"": 45.411651299999996, ""longitude"": 11.869669199999999}",http://www.osterialaruta.it/,049 730 8079,PRICE_LEVEL_MODERATE,restaurant,False,True,True,False,True,True,True,True,"[""Monday: 10:30 AM – 3:00 PM, 6:00 PM – 12:00 AM"", ""Tuesday: 10:30 AM – 3:00 PM, 6:00 PM – 12:00 AM"", ""Wednesday: 10:30 AM – 3:00 PM, 6:00 PM – 12:00 AM"", ""Thursday: 10:30 AM – 3:00 PM, 6:00 PM – 12:00 AM"", ""Friday: 10:30 AM – 3:00 PM, 6:00 PM – 12:00 AM"", ""Saturday: 12:00 PM – 12:00 AM"", ""Sunday: 12:00 – 3:00 PM, 6:00 PM – 12:00 AM""]"
ChIJ92i1OozbfkcRRAvcwV45-Yg,GNAM pizza,"[""kebab_shop"", ""restaurant"", ""food"", ""point_of_interest"", ""establishment""]","Via Beato Luca Belludi, 19, 35123 Padova PD",3.6,7.0,5,"{""latitude"": 45.4000422, ""longitude"": 11.8779773}",,388 996 4921,PRICE_LEVEL_INEXPENSIVE,kebab_shop,True,True,,,,,True,,[]
ChIJ9R-vQf3afkcRA0Eae3FlG7c,Pasticceria Estense,"[""pastry_shop"", ""dessert_restaurant"", ""dessert_shop"", ""cake_shop"", ""wholesaler"", ""confectionery"", ""bakery"", ""food_store"", ""store"", ""restaurant"", ""food"", ""manufacturer"", ""service"", ""point_of_interest"", ""establishment""]","Via Egidio Forcellini, 76, 35128 Padova PD",4.3,1094.0,5,"{""latitude"": 45.3975, ""longitude"": 11.8941667}",http://www.pasticceriaestense.it/,049 755914,,pastry_shop,,True,,True,,,,,"[""Monday: 7:00 AM – 12:30 PM"", ""Tuesday: 7:00 AM – 12:30 PM, 4:00 – 7:00 PM"", ""Wednesday: 7:00 AM – 12:30 PM, 4:00 – 7:00 PM"", ""Thursday: 7:00 AM – 12:30 PM, 4:00 – 7:00 PM"", ""Friday: 7:00 AM – 12:30 PM, 4:00 – 7:00 PM"", ""Saturday: 7:00 AM – 1:00 PM"", ""Sunday: 7:00 AM – 1:00 PM""]"
ChIJ9R5vPhfbfkcR753rt9GVfc4,Pizzeria Ristorante Capovolta,"[""pizza_restaurant"", ""italian_restaurant"", ""pizza_delivery"", ""meal_delivery"", ""food_delivery"", ""restaurant"", ""food"", ""point_of_interest"", ""establishment""]","Via Jacopo Facciolati, 168, 35127 Padova PD",4.3,2248.0,5,"{""latitude"": 45.3852141, ""longitude"": 11.8975212}",http://ristorantecapovolta.com/,049 757407,PRICE_LEVEL_MODERATE,pizza_restaurant,True,True,True,False,True,True,True,True,"[""Monday: 6:00 PM – 12:00 AM"", ""Tuesday: 6:00 PM – 12:00 AM"", ""Wednesday: 6:00 PM – 12:00 AM"", ""Thursday: 6:00 PM – 12:00 AM"", ""Friday: 6:00 PM – 12:00 AM"", ""Saturday: 6:00 PM – 12:00 AM"", ""Sunday: 6:00 PM – 12:00 AM""]"
ChIJ9SUkWwDbfkcRv-ag9iu_whw,weiKe中餐厅,"[""chinese_restaurant"", ""restaurant"", ""food"", ""point_of_interest"", ""establishment""]","Via Vigonovese, 46H, 35127 Padova PD",5.0,7.0,5,"{""latitude"": 45.4023682, ""longitude"": 11.932316799999999}",,333 162 3220,PRICE_LEVEL_INEXPENSIVE,chinese_restaurant,,True,True,,True,True,True,True,"[""Monday: 11:00 AM – 9:30 PM"", ""Tuesday: 11:00 AM – 9:30 PM"", ""Wednesday: 11:00 AM – 9:30 PM"", ""Thursday: 11:00 AM – 9:30 PM"", ""Friday: 11:00 AM – 9:30 PM"", ""Saturday: 11:00 AM – 9:30 PM"", ""Sunday: 11:00 AM – 9:30 PM""]"
ChIJ9UiTT_fafkcRut_yP1YsBsU,Rosticceria Garhwal,"[""indian_restaurant"", ""fast_food_restaurant"", ""restaurant"", ""food"", ""point_of_interest"", ""establishment""]","Via Ognissanti, 6, 35131 Padova PD",4.2,251.0,5,"{""latitude"": 45.4070066, ""longitude"": 11.892471599999999}",http://garhwalt.com/,049 735 7411,PRICE_LEVEL_MODERATE,indian_restaurant,True,True,True,False,True,True,True,False,"[""Monday: 12:00 – 3:00 PM, 7:00 – 11:00 PM"", ""Tuesday: 7:00 – 11:00 PM"", ""Wednesday: 12:00 – 3:00 PM, 7:00 – 11:00 PM"", ""Thursday: 12:00 – 3:00 PM, 7:00 – 11:00 PM"", ""Friday: 12:00 – 3:00 PM, 7:00 – 11:00 PM"", ""Saturday: 12:00 – 3:00 PM, 7:00 – 11:00 PM"", ""Sunday: 12:00 – 3:00 PM, 7:00 – 11:00 PM""]"
ChIJA12Qjl7afkcRjsEg1udYR78,Ytheca by Fiorital,"[""seafood_restaurant"", ""food_store"", ""restaurant"", ""food"", ""store"", ""point_of_interest"", ""establishment""]","Via Carlo Rezzonico, 8, 35131 Padova PD",4.4,938.0,5,"{""latitude"": 45.4137911, ""longitude"": 11.884627}",https://www.ytheca.com/,049 830 0979,PRICE_LEVEL_EXPENSIVE,seafood_restaurant,True,True,True,False,True,True,True,True,"[""Monday: 12:00 – 3:30 PM"", ""Tuesday: 12:00 – 3:30 PM"", ""Wednesday: 12:00 – 3:30 PM"", ""Thursday: 12:00 – 3:30 PM, 7:00 – 11:00 PM"", ""Friday: 12:00 – 3:30 PM, 7:00 – 11:00 PM"", ""Saturday: 7:00 – 11:00 PM"", ""Sunday: Closed""]"
ChIJA3zgNvrafkcRa8_9QqpthRQ,Pizzeria Albatros,"[""pizza_restaurant"", ""italian_restaurant"", ""restaurant"", ""food"", ""point_of_interest"", ""establishment""]","Via Alvise Cornaro, 4, 35128 Padova PD",4.4,1161.0,5,"{""latitude"": 45.4043333, ""longitude"": 11.893183299999999}",https://www.facebook.com/pages/Pizzeria-Albatros/169149713095633,049 807 0469,PRICE_LEVEL_MODERATE,pizza_restaurant,True,True,True,False,,True,True,True,"[""Monday: Closed"", ""Tuesday: 7:00 – 11:00 PM"", ""Wednesday: 7:00 – 11:00 PM"", ""Thursday: 7:00 – 11:00 PM"", ""Friday: 7:00 – 11:00 PM"", ""Saturday: 7:00 – 11:00 PM"", ""Sunday: 7:00 – 11:00 PM""]"
ChIJA68RmKjQfkcRCgjxHSwv-rs,Villa Tevere,"[""seafood_restaurant"", ""restaurant"", ""food"", ""point_of_interest"", ""establishment""]","Via Tevere, 11, 35135 Padova PD",4.6,1034.0,5,"{""latitude"": 45.4417464, ""longitude"": 11.8635655}",http://www.villateverepadova.it/,348 923 2874,PRICE_LEVEL_VERY_EXPENSIVE,seafood_restaurant,False,True,True,False,True,True,True,True,"[""Monday: 8:00 PM – 12:00 AM"", ""Tuesday: 8:00 PM – 12:00 AM"", ""Wednesday: 8:00 PM – 12:00 AM"", ""Thursday: 8:00 PM – 12:00 AM"", ""Friday: 8:00 PM – 12:00 AM"", ""Saturday: 8:00 PM – 12:00 AM"", ""Sunday: Closed""]"
ChIJAQB06u3afkcR1WEucC4PDUw,Chicken Club (Halal),"[""hamburger_restaurant"", ""halal_restaurant"", ""american_restaurant"", ""restaurant"", ""food"", ""point_of_interest"", ""establishment""]","Via Antonio Grassi, 24, 35129 Padova PD",3.8,248.0,5,"{""latitude"": 45.4110085, ""longitude"": 11.9024556}",,320 952 1959,PRICE_LEVEL_INEXPENSIVE,hamburger_restaurant,True,True,True,False,True,True,,,"[""Monday: 11:00 AM – 12:00 AM"", ""Tuesday: Closed"", ""Wednesday: 11:00 AM – 12:00 AM"", ""Thursday: 11:00 AM – 12:00 AM"", ""Friday: 11:00 AM – 12:00 AM"", ""Saturday: 11:00 AM – 12:00 AM"", ""Sunday: 11:00 AM – 12:00 AM""]"
ChIJASJmccjafkcR6Wv502aAjZM,Sapori,"[""mediterranean_restaurant"", ""restaurant"", ""food"", ""point_of_interest"", ""establishment""]","Viale dell'Industria, 53, 35129 Padova PD",4.3,207.0,5,"{""latitude"": 45.4110638, ""longitude"": 11.9244682}",https://www.facebook.com/Bar-Risto-Snack-Sapori-108547980844685,049 772625,PRICE_LEVEL_MODERATE,mediterranean_restaurant,False,True,True,True,True,,True,True,"[""Monday: 7:00 AM – 4:00 PM"", ""Tuesday: 7:00 AM – 4:00 PM"", ""Wednesday: 7:00 AM – 4:00 PM"", ""Thursday: 7:00 AM – 4:00 PM"", ""Friday: 7:00 AM – 4:00 PM"", ""Saturday: Closed"", ""Sunday: Closed""]"
ChIJATfzuL3bfkcRDaEgb0WagiA,MEXICANI Taqueria,"[""mexican_restaurant"", ""restaurant"", ""food"", ""point_of_interest"", ""establishment""]","Via Fiume, Piazza dei Signori, 11, 35139 Padova PD",4.6,284.0,5,"{""latitude"": 45.4073724, ""longitude"": 11.874165600000001}",https://www.mexicanitaqueria.com/,392 265 5114,PRICE_LEVEL_MODERATE,mexican_restaurant,True,True,False,False,True,True,True,False,"[""Monday: 12:00 – 3:00 PM, 6:30 – 10:30 PM"", ""Tuesday: 12:00 – 3:00 PM, 6:30 – 10:30 PM"", ""Wednesday: 12:00 – 3:00 PM, 6:30 – 10:30 PM"", ""Thursday: 12:00 – 3:00 PM, 6:30 – 10:30 PM"", ""Friday: 12:00 – 3:00 PM, 7:00 – 11:30 PM"", ""Saturday: 7:00 – 11:30 PM"", ""Sunday: 7:00 – 11:00 PM""]"
ChIJAYYtjDLbfkcRbhEnwoYqiS0,Passando Per Firenze,"[""restaurant"", ""food"", ""point_of_interest"", ""establishment""]","Via Adriatica, 63, 35125 Padova PD",4.4,1304.0,5,"{""latitude"": 45.3837578, ""longitude"": 11.862098699999999}",https://firenze.passandoper.com/,049 490 6678,PRICE_LEVEL_EXPENSIVE,restaurant,True,True,True,,True,True,True,True,"[""Monday: 12:00 – 3:00 PM, 7:00 – 11:30 PM"", ""Tuesday: 12:00 – 3:00 PM, 7:00 – 11:30 PM"", ""Wednesday: 12:00 – 3:00 PM, 7:00 – 11:30 PM"", ""Thursday: 12:00 – 3:00 PM, 7:00 – 11:30 PM"", ""Friday: 12:00 – 3:00 PM, 7:00 – 11:30 PM"", ""Saturday: 12:00 – 3:00 PM, 7:00 – 11:30 PM"", ""Sunday: 12:00 – 3:00 PM, 7:00 – 11:30 PM""]"
ChIJAe9s5jnafkcRaYjYMRqHMQE,Cafè Tinto | Padova,"[""bistro"", ""coffee_stand"", ""gastropub"", ""lounge_bar"", ""night_club"", ""coffee_shop"", ""cafe"", ""bar"", ""food_store"", ""restaurant"", ""food"", ""store"", ""point_of_interest"", ""establishment""]","Via Vicenza, 20, 35138 Padova PD",4.2,1030.0,5,"{""latitude"": 45.4118518, ""longitude"": 11.859745}",https://www.tintopadova.it/,049 202 3208,PRICE_LEVEL_MODERATE,bistro,False,True,True,True,True,True,True,True,"[""Monday: 7:00 AM – 11:00 PM"", ""Tuesday: 7:00 AM – 11:00 PM"", ""Wednesday: 7:00 AM – 11:00 PM"", ""Thursday: 7:00 AM – 11:00 PM"", ""Friday: 7:00 AM – 12:00 AM"", ""Saturday: 7:00 AM – 12:00 AM"", ""Sunday: Closed""]"
ChIJB0aslk3afkcRm1mMmkvJQi0,Ristorante Ai Navigli,"[""seafood_restaurant"", ""italian_restaurant"", ""restaurant"", ""point_of_interest"", ""food"", ""service"", ""establishment""]","Riviera Tiso da Camposampiero, 11, 35122 Padova PD",4.5,678.0,5,"{""latitude"": 45.4022065, ""longitude"": 11.8716747}",https://www.ainavigli.com/,049 836 4060,PRICE_LEVEL_VERY_EXPENSIVE,seafood_restaurant,False,True,True,False,True,True,True,True,"[""Monday: 7:30 – 11:30 PM"", ""Tuesday: Closed"", ""Wednesday: 7:30 – 11:30 PM"", ""Thursday: 7:30 – 11:30 PM"", ""Friday: 7:30 – 11:30 PM"", ""Saturday: 12:30 – 2:00 PM, 7:30 – 11:30 PM"", ""Sunday: 12:30 – 2:00 PM, 7:30 – 11:00 PM""]"
ChIJB1oYfVTafkcROKMmIc_asJw,Ristorante “al Fagiano”,"[""italian_restaurant"", ""restaurant"", ""food"", ""point_of_interest"", ""establishment""]","Via Antonio Locatelli, 45, 35123 Padova PD",3.9,516.0,5,"{""latitude"": 45.4007976, ""longitude"": 11.878807}",https://www.ristorantealfagiano.com/,049 652913,PRICE_LEVEL_MODERATE,italian_restaurant,True,True,True,,True,True,True,True,"[""Monday: 12:00 – 3:00 PM"", ""Tuesday: 12:00 – 3:00 PM"", ""Wednesday: 12:00 – 3:00 PM"", ""Thursday: 12:00 – 3:00 PM"", ""Friday: 12:00 – 3:00 PM"", ""Saturday: 12:00 – 3:00 PM"", ""Sunday: 12:00 – 3:00 PM""]"
ChIJB345B3_bfkcRjJY8wh_HvpQ,Uscita 10,"[""restaurant"", ""pub"", ""bar"", ""food"", ""point_of_interest"", ""establishment""]","Via Guizza Conselvana, 375, 35125 Padova PD",4.2,1102.0,5,"{""latitude"": 45.36337700000001, ""longitude"": 11.8713021}",https://www.instagram.com/uscita10?igsh=MTM4ajZwd3Z0eWFjaA==,379 105 6632,PRICE_LEVEL_MODERATE,restaurant,,True,True,True,True,True,True,True,"[""Monday: 11:00 AM – 3:00 PM"", ""Tuesday: 11:00 AM – 3:00 PM, 6:00 – 11:30 PM"", ""Wednesday: 11:00 AM – 3:00 PM, 6:00 – 11:30 PM"", ""Thursday: 11:00 AM – 3:00 PM, 6:00 – 11:30 PM"", ""Friday: 11:00 AM – 3:00 PM, 6:00 – 11:30 PM"", ""Saturday: 6:00 PM – 12:00 AM"", ""Sunday: 6:00 – 11:00 PM""]"
ChIJB87WE0zafkcRCTV01H6iEXM,Hostaria Piave,"[""restaurant"", ""food"", ""point_of_interest"", ""establishment""]","Riviera Paleocapa, 22B/24, 35141 Padova PD",4.4,930.0,5,"{""latitude"": 45.403255699999995, ""longitude"": 11.8680177}",http://www.hostariapiave.it/,049 871 9769,PRICE_LEVEL_EXPENSIVE,restaurant,False,True,True,,True,True,True,True,"[""Monday: 7:30 – 11:30 PM"", ""Tuesday: 7:30 – 11:30 PM"", ""Wednesday: 7:30 – 11:30 PM"", ""Thursday: 7:30 – 11:30 PM"", ""Friday: 7:30 – 11:30 PM"", ""Saturday: 12:15 – 2:15 PM, 7:30 – 11:30 PM"", ""Sunday: Closed""]"
ChIJBS7oD3DbfkcR57EjMZBjJoo,"Pizzeria ""BEEP BEEP"" Di Zulian Diego","[""kebab_shop"", ""meal_takeaway"", ""restaurant"", ""food"", ""point_of_interest"", ""establishment""]","Via Egidio Forcellini, 132N, 35128 Padova PD",4.5,109.0,5,"{""latitude"": 45.396243299999995, ""longitude"": 11.899694100000001}",https://www.pizzeriabeepbeep.it/,327 458 5614,PRICE_LEVEL_INEXPENSIVE,meal_takeaway,True,,True,False,True,,True,,"[""Monday: 6:30 – 10:00 PM"", ""Tuesday: 6:30 – 10:00 PM"", ""Wednesday: Closed"", ""Thursday: 6:30 – 10:00 PM"", ""Friday: 6:30 – 10:00 PM"", ""Saturday: 6:30 – 10:00 PM"", ""Sunday: 6:30 – 10:00 PM""]"
ChIJBwvSgwHbfkcRuUGcFbq9x58,Simon's Bistrot,"[""restaurant"", ""mediterranean_restaurant"", ""bistro"", ""seafood_restaurant"", ""italian_restaurant"", ""food"", ""point_of_interest"", ""establishment""]","Via Santa Rita, 5, 35126 Padova PD",4.3,1044.0,5,"{""latitude"": 45.395092000000005, ""longitude"": 11.8878174}",https://simonsbistrot.com/,049 756256,PRICE_LEVEL_EXPENSIVE,restaurant,True,True,True,,True,True,True,True,"[""Monday: Closed"", ""Tuesday: 11:00 AM – 3:00 PM, 5:00 PM – 12:00 AM"", ""Wednesday: 11:00 AM – 3:00 PM, 5:00 PM – 12:00 AM"", ""Thursday: 11:00 AM – 3:00 PM, 5:00 PM – 12:00 AM"", ""Friday: 11:00 AM – 3:00 PM, 5:00 PM – 12:00 AM"", ""Saturday: 11:00 AM – 3:00 PM, 5:00 PM – 12:00 AM"", ""Sunday: 11:00 AM – 3:00 PM, 5:00 PM – 12:00 AM""]"
ChIJBxn4IFDafkcRcd3Be1cyAUQ,Caramel Cafè,"[""bistro"", ""restaurant"", ""food"", ""point_of_interest"", ""establishment""]","Piazza delle Erbe, 45, 35122 Padova PD",3.7,397.0,5,"{""latitude"": 45.407075899999995, ""longitude"": 11.8758217}",https://www.caramelcafepadova.com/,049 875 5926,PRICE_LEVEL_INEXPENSIVE,bistro,False,True,True,True,True,,True,True,"[""Monday: 8:00 AM – 2:00 AM"", ""Tuesday: 8:00 AM – 2:00 AM"", ""Wednesday: 8:00 AM – 2:00 AM"", ""Thursday: 8:00 AM – 2:00 AM"", ""Friday: 8:00 AM – 2:00 AM"", ""Saturday: 8:00 AM – 2:00 AM"", ""Sunday: 8:00 AM – 2:00 AM""]"
ChIJC1-qR07afkcRe3IipdQB_Rg,Pizzeria Al Duomo,"[""pizza_restaurant"", ""restaurant"", ""food"", ""point_of_interest"", ""establishment""]","Via S. Gregorio Barbarigo, 18, 35141 Padova PD",4.4,1119.0,5,"{""latitude"": 45.405307, ""longitude"": 11.872354999999999}",http://www.pizzeriaduomo.it/,049 876 0434,PRICE_LEVEL_MODERATE,pizza_restaurant,False,True,True,False,,True,True,True,"[""Monday: 7:00 – 11:00 PM"", ""Tuesday: 7:00 – 11:00 PM"", ""Wednesday: 7:00 – 11:00 PM"", ""Thursday: 7:00 – 11:00 PM"", ""Friday: 7:00 – 11:00 PM"", ""Saturday: 7:00 – 11:00 PM"", ""Sunday: 7:00 – 11:00 PM""]"
ChIJC2jcehvbfkcRh1UVp5GEVqk,Bangla Fast Food,"[""restaurant"", ""food"", ""point_of_interest"", ""establishment""]","Via T. Aspetti, 16, 35132 Padova PD",4.3,83.0,5,"{""latitude"": 45.4201202, ""longitude"": 11.879543}",,049 591 5617,PRICE_LEVEL_INEXPENSIVE,restaurant,,True,True,,True,True,True,,"[""Monday: 9:00 AM – 10:00 PM"", ""Tuesday: 9:00 AM – 10:00 PM"", ""Wednesday: Closed"", ""Thursday: 9:00 AM – 10:00 PM"", ""Friday: 9:00 AM – 10:00 PM"", ""Saturday: 9:00 AM – 10:00 PM"", ""Sunday: 9:00 AM – 10:00 PM""]"
ChIJCaSpX63bfkcRXfPBJk32k-U,"Campo de’ Fiori, Pizzeria al taglio","[""meal_takeaway"", ""restaurant"", ""food"", ""point_of_interest"", ""establishment""]","Via del Portello, 8, 35129 Padova PD",4.7,36.0,5,"{""latitude"": 45.4075057, ""longitude"": 11.892317600000002}",,329 618 4554,PRICE_LEVEL_INEXPENSIVE,meal_takeaway,True,True,,,,,,,"[""Monday: 11:00 AM – 9:00 PM"", ""Tuesday: 11:00 AM – 9:00 PM"", ""Wednesday: 11:00 AM – 2:00 AM"", ""Thursday: 11:00 AM – 9:00 PM"", ""Friday: 11:00 AM – 9:00 PM"", ""Saturday: 5:30 – 9:00 PM"", ""Sunday: Closed""]"
ChIJCashe1bafkcRGBr5ePb9uNo,BarQuoVadis,"[""wine_bar"", ""snack_bar"", ""coffee_shop"", ""liquor_store"", ""cafe"", ""sandwich_shop"", ""meal_takeaway"", ""bar"", ""food_store"", ""store"", ""restaurant"", ""food"", ""point_of_interest"", ""establishment""]","Via S. Francesco, 135, 35121 Padova PD",4.6,149.0,5,"{""latitude"": 45.403192399999995, ""longitude"": 11.8829924}",,340 761 5835,PRICE_LEVEL_INEXPENSIVE,coffee_shop,False,True,,True,True,,True,True,"[""Monday: 7:00 AM – 8:00 PM"", ""Tuesday: 7:00 AM – 8:00 PM"", ""Wednesday: 7:00 AM – 8:00 PM"", ""Thursday: 7:00 AM – 8:00 PM"", ""Friday: 7:00 AM – 8:00 PM"", ""Saturday: 7:00 AM – 2:30 PM"", ""Sunday: Closed""]"
ChIJCbFpfInafkcRMph8GXCpZdU,Pizzeria Voglia Di,"[""pizza_restaurant"", ""pizza_delivery"", ""meal_delivery"", ""italian_restaurant"", ""food_delivery"", ""restaurant"", ""food"", ""point_of_interest"", ""establishment""]","Via Lorenzo Perosi, 41, 35132 Padova PD",4.2,1141.0,5,"{""latitude"": 45.420690099999995, ""longitude"": 11.896275099999999}",https://pizzeria-vogliadi.jimdofree.com/,049 604394,PRICE_LEVEL_MODERATE,pizza_restaurant,True,True,True,False,True,True,True,True,"[""Monday: 12:00 – 2:00 PM, 7:00 PM – 12:00 AM"", ""Tuesday: 12:00 – 2:00 PM, 7:00 PM – 12:00 AM"", ""Wednesday: 12:00 – 2:00 PM, 7:00 PM – 12:00 AM"", ""Thursday: 12:00 – 2:00 PM, 7:00 PM – 12:00 AM"", ""Friday: 12:00 – 2:00 PM, 7:00 PM – 12:00 AM"", ""Saturday: 7:00 PM – 12:00 AM"", ""Sunday: 7:00 PM – 12:00 AM""]"
ChIJCzjz_1vafkcR2rQEw0UQitc,Boschetti,"[""bistro"", ""coffee_shop"", ""cafe"", ""food_store"", ""store"", ""restaurant"", ""food"", ""point_of_interest"", ""establishment""]","Via Gaspare Gozzi, 2/H, 35131 Padova PD",4.5,132.0,5,"{""latitude"": 45.4122576, ""longitude"": 11.882962}",,347 984 9428,PRICE_LEVEL_MODERATE,bistro,True,True,True,True,True,True,True,True,"[""Monday: 7:00 AM – 7:30 PM"", ""Tuesday: 7:00 AM – 7:30 PM"", ""Wednesday: 7:00 AM – 7:30 PM"", ""Thursday: 7:00 AM – 7:30 PM"", ""Friday: 7:00 AM – 7:30 PM"", ""Saturday: Closed"", ""Sunday: Closed""]"
ChIJD02xx0bafkcR7Vp6qUbuKlg,Mario & Mercedes,"[""restaurant"", ""italian_restaurant"", ""food"", ""point_of_interest"", ""establishment""]","Via S. Giovanni di Verdara, 13, 35137 Padova PD",4.5,713.0,5,"{""latitude"": 45.4129565, ""longitude"": 11.869355599999999}",,049 871 9731,PRICE_LEVEL_EXPENSIVE,restaurant,False,True,True,False,True,True,True,True,"[""Monday: 12:00 – 2:00 PM, 7:00 – 10:00 PM"", ""Tuesday: 12:00 – 2:00 PM, 7:00 – 10:00 PM"", ""Wednesday: Closed"", ""Thursday: 12:00 – 2:00 PM, 7:00 – 10:00 PM"", ""Friday: 12:00 – 2:00 PM, 7:00 – 10:00 PM"", ""Saturday: 12:00 – 2:30 PM, 7:00 – 10:30 PM"", ""Sunday: 12:00 – 3:00 PM, 7:00 – 10:30 PM""]"
ChIJD1J4l1DafkcRv9L1ufyvcHo,Ristorante Vecchia Padova,"[""italian_restaurant"", ""pizza_restaurant"", ""restaurant"", ""food"", ""point_of_interest"", ""establishment""]","Via Cesare Battisti, 37, 35121 Padova PD",4.1,2606.0,5,"{""latitude"": 45.406871599999995, ""longitude"": 11.8790485}",https://www.ristorantevecchiapadova.it/,049 875 9680,PRICE_LEVEL_MODERATE,italian_restaurant,True,True,True,False,True,True,True,True,"[""Monday: Closed"", ""Tuesday: 11:00 AM – 3:00 PM, 7:00 PM – 12:00 AM"", ""Wednesday: 11:00 AM – 3:00 PM, 7:00 PM – 12:00 AM"", ""Thursday: 11:00 AM – 3:00 PM, 7:00 PM – 12:00 AM"", ""Friday: 11:00 AM – 3:00 PM, 7:00 PM – 12:00 AM"", ""Saturday: 11:00 AM – 3:00 PM, 7:00 PM – 12:00 AM"", ""Sunday: 11:00 AM – 3:00 PM, 7:00 PM – 12:00 AM""]"
ChIJDTC7qAPbfkcREKE7n8oq_wU,Luna Bar Padova,"[""bistro"", ""ice_cream_shop"", ""dessert_shop"", ""bar"", ""confectionery"", ""food_store"", ""store"", ""restaurant"", ""food"", ""point_of_interest"", ""establishment""]","Via Jacopo Facciolati, 53b, 35127 Padova PD",4.4,54.0,5,"{""latitude"": 45.394089799999996, ""longitude"": 11.8904479}",,345 325 3618,PRICE_LEVEL_INEXPENSIVE,bistro,False,True,,True,,,True,True,"[""Monday: 8:00 AM – 10:00 PM"", ""Tuesday: 8:00 AM – 10:00 PM"", ""Wednesday: 8:00 AM – 10:00 PM"", ""Thursday: 8:00 AM – 10:00 PM"", ""Friday: 8:00 AM – 10:00 PM"", ""Saturday: 8:00 AM – 10:00 PM"", ""Sunday: Closed""]"
ChIJDTojSPzafkcRFCGcDUvsmU8,Ninjutsu Padova - Arti marziali Giapponesi a Padova,"[""fitness_center"", ""gym"", ""sports_school"", ""japanese_restaurant"", ""restaurant"", ""food"", ""sports_activity_location"", ""point_of_interest"", ""health"", ""establishment""]","Via Nazareth, 7, 35128 Padova PD",5.0,20.0,5,"{""latitude"": 45.3996478, ""longitude"": 11.8919397}",https://ninjutsupadova.it/,339 651 1724,,sports_school,,,,,,,,,"[""Monday: 8:30 – 10:00 PM"", ""Tuesday: Closed"", ""Wednesday: Closed"", ""Thursday: Closed"", ""Friday: 8:30 – 10:00 PM"", ""Saturday: Closed"", ""Sunday: 10:00 AM – 1:00 PM""]"
ChIJDTvQQrPbfkcRKcaUXOKx8zI,KAUAI Virgin Active Padova,"[""restaurant"", ""food"", ""point_of_interest"", ""establishment""]","Via Cavour, 12, 35122 Padova PD",3.0,2.0,2,"{""latitude"": 45.408760300000004, ""longitude"": 11.8778939}",https://kauai.co.za/global/kauai-italy/,,,restaurant,,True,,,,,,,"[""Monday: 7:30 AM – 8:30 PM"", ""Tuesday: 7:30 AM – 8:30 PM"", ""Wednesday: 7:30 AM – 8:30 PM"", ""Thursday: 7:30 AM – 8:30 PM"", ""Friday: 7:30 AM – 8:30 PM"", ""Saturday: 8:30 AM – 4:30 PM"", ""Sunday: 8:30 AM – 3:00 PM""]"
ChIJDULdxuzbfkcRwsJHkXqmUas,Bar Delights - Bistrot,"[""bar"", ""restaurant"", ""food"", ""point_of_interest"", ""establishment""]","Via Jacopo Facciolati, 85, 35127 Padova PD",4.7,179.0,5,"{""latitude"": 45.390614899999996, ""longitude"": 11.8934016}",,049 956 3184,PRICE_LEVEL_INEXPENSIVE,bar,True,True,True,True,True,,True,True,"[""Monday: 6:00 AM – 11:00 PM"", ""Tuesday: 6:00 AM – 11:00 PM"", ""Wednesday: 6:00 AM – 11:00 PM"", ""Thursday: 6:00 AM – 11:00 PM"", ""Friday: 6:00 AM – 11:00 PM"", ""Saturday: 6:00 AM – 11:00 PM"", ""Sunday: 6:00 AM – 2:00 PM""]"
ChIJDVR7JV3afkcRNPDqM3VM3Fc,Yushanfang,"[""chinese_restaurant"", ""restaurant"", ""food"", ""point_of_interest"", ""establishment""]","Corso del Popolo, 37, 35131 Padova PD",4.0,564.0,5,"{""latitude"": 45.4153984, ""longitude"": 11.8791105}",,380 287 0000,PRICE_LEVEL_MODERATE,chinese_restaurant,True,True,True,,True,True,True,True,"[""Monday: 11:00 AM – 10:30 PM"", ""Tuesday: 11:00 AM – 10:30 PM"", ""Wednesday: Closed"", ""Thursday: 11:00 AM – 10:30 PM"", ""Friday: 11:00 AM – 10:30 PM"", ""Saturday: 11:00 AM – 10:30 PM"", ""Sunday: 11:00 AM – 10:30 PM""]"
ChIJDX2Y_3TbfkcRaMveK-BAttc,Chakramen Padova,"[""ramen_restaurant"", ""japanese_restaurant"", ""restaurant"", ""food"", ""point_of_interest"", ""establishment""]","Viale Arcella, 17c, 35132 Padova PD",4.6,891.0,5,"{""latitude"": 45.422291, ""longitude"": 11.8848004}",https://chakramen.it/padova/,049 688 7284,PRICE_LEVEL_MODERATE,ramen_restaurant,True,True,True,,True,True,True,True,"[""Monday: 12:00 – 3:00 PM, 7:00 – 11:00 PM"", ""Tuesday: 12:00 – 3:00 PM, 7:00 – 11:00 PM"", ""Wednesday: 12:00 – 3:00 PM, 7:00 – 11:00 PM"", ""Thursday: 12:00 – 3:00 PM, 7:00 – 11:00 PM"", ""Friday: 12:00 – 3:00 PM, 7:00 – 11:00 PM"", ""Saturday: 12:00 – 3:00 PM, 7:00 – 11:00 PM"", ""Sunday: 12:00 – 3:00 PM, 7:00 – 11:00 PM""]"
ChIJDXx8JszbfkcRHioWKASp-QU,Union by The Fucking Burger,"[""restaurant"", ""hamburger_restaurant"", ""vegan_restaurant"", ""vegetarian_restaurant"", ""american_restaurant"", ""food"", ""point_of_interest"", ""establishment""]","Via Jacopo Facciolati, 106, 35126 Padova PD",4.7,432.0,5,"{""latitude"": 45.3913244, ""longitude"": 11.8922887}",https://tfburger.com/,380 244 9470,PRICE_LEVEL_MODERATE,restaurant,True,True,True,,True,True,True,True,"[""Monday: 6:30 – 11:00 PM"", ""Tuesday: 6:30 – 11:00 PM"", ""Wednesday: 6:30 – 11:00 PM"", ""Thursday: 6:30 – 11:00 PM"", ""Friday: 6:30 – 11:00 PM"", ""Saturday: 12:00 – 3:00 PM, 6:30 – 11:00 PM"", ""Sunday: 12:00 – 3:00 PM, 6:30 – 11:00 PM""]"
ChIJDYGDKlnafkcR1_imOToMQ8s,Pizzeria La Pavana,"[""pizza_restaurant"", ""seafood_restaurant"", ""italian_restaurant"", ""restaurant"", ""food"", ""point_of_interest"", ""establishment""]","Via Trieste, 2, 35121 Padova PD",4.3,1409.0,5,"{""latitude"": 45.414955, ""longitude"": 11.875620699999999}",https://sites.google.com/view/ristorante-pizzeria-lapavana/home,049 875 9994,PRICE_LEVEL_MODERATE,pizza_restaurant,False,True,True,False,True,True,True,True,"[""Monday: 12:30 – 2:30 PM, 6:30 PM – 12:00 AM"", ""Tuesday: 12:30 – 2:30 PM, 6:30 PM – 12:00 AM"", ""Wednesday: Closed"", ""Thursday: 12:30 – 2:30 PM, 6:30 PM – 12:00 AM"", ""Friday: 12:30 – 2:30 PM, 6:30 PM – 12:00 AM"", ""Saturday: 12:30 – 2:30 PM, 6:30 PM – 12:00 AM"", ""Sunday: 12:30 – 2:30 PM, 6:30 PM – 12:00 AM""]"
ChIJE1scEaXbfkcRw2cpfhYkMp8,Gandhi - Ristorante Indiano,"[""indian_restaurant"", ""meal_takeaway"", ""restaurant"", ""point_of_interest"", ""food"", ""establishment""]","Viale Felice Cavallotti, 28, 35124 Padova PD",4.6,1109.0,5,"{""latitude"": 45.388362, ""longitude"": 11.869057699999999}",http://www.gandhipadova.it/,049 687840,PRICE_LEVEL_MODERATE,indian_restaurant,True,True,True,False,True,True,True,True,"[""Monday: 6:00 – 11:30 PM"", ""Tuesday: 11:00 AM – 2:30 PM, 6:00 – 11:30 PM"", ""Wednesday: 11:00 AM – 2:30 PM, 6:00 – 11:30 PM"", ""Thursday: 11:00 AM – 2:30 PM, 6:00 – 11:30 PM"", ""Friday: 11:00 AM – 2:30 PM, 6:00 – 11:30 PM"", ""Saturday: 11:00 AM – 2:30 PM, 6:00 – 11:30 PM"", ""Sunday: 11:00 AM – 2:30 PM, 6:00 – 11:30 PM""]"
ChIJE9GbE2TafkcRwHn7PNC66bQ,Paelleria Il Campanile,"[""spanish_restaurant"", ""seafood_restaurant"", ""pizza_restaurant"", ""restaurant"", ""food"", ""point_of_interest"", ""establishment""]","Via Niccolò Pizzolo, 3, 35132 Padova PD",4.0,1115.0,5,"{""latitude"": 45.422341200000005, ""longitude"": 11.8862446}",http://www.paelleriailcampanile.it/,049 604318,PRICE_LEVEL_MODERATE,spanish_restaurant,True,True,True,False,True,True,True,True,"[""Monday: Closed"", ""Tuesday: 11:00 AM – 2:30 PM, 6:00 PM – 12:00 AM"", ""Wednesday: 11:00 AM – 2:30 PM, 6:30 PM – 12:00 AM"", ""Thursday: 11:00 AM – 2:30 PM, 6:00 PM – 12:00 AM"", ""Friday: 11:00 AM – 2:30 PM, 6:00 PM – 12:00 AM"", ""Saturday: 11:00 AM – 2:30 PM, 6:00 PM – 12:00 AM"", ""Sunday: 11:00 AM – 2:30 PM, 6:00 PM – 12:00 AM""]"
ChIJEX0xPevbfkcRUQTc6JNCNnM,Sanfermo venti,"[""italian_restaurant"", ""restaurant"", ""food"", ""point_of_interest"", ""establishment""]","Via S. Fermo, 20, 35137 Padova PD",4.3,69.0,5,"{""latitude"": 45.4102271, ""longitude"": 11.8772594}",,393 202 0017,PRICE_LEVEL_MODERATE,italian_restaurant,False,True,True,,True,True,True,True,"[""Monday: 12:30 – 4:00 PM"", ""Tuesday: 12:30 – 4:00 PM"", ""Wednesday: 12:30 – 4:00 PM"", ""Thursday: 12:30 – 4:00 PM"", ""Friday: 12:30 PM – 12:00 AM"", ""Saturday: 12:30 PM – 12:00 AM"", ""Sunday: Closed""]"
ChIJEanW_1bafkcRfmAOGIAgX-0,Bar Bruno,"[""bistro"", ""bar"", ""restaurant"", ""food"", ""point_of_interest"", ""establishment""]","Via Cesare Battisti, 217, 35121 Padova PD",4.8,303.0,5,"{""latitude"": 45.4049548, ""longitude"": 11.8829508}",,344 135 2496,PRICE_LEVEL_MODERATE,bistro,False,True,True,True,True,,True,True,"[""Monday: 5:00 AM – 5:00 PM"", ""Tuesday: 5:00 AM – 5:00 PM"", ""Wednesday: 5:00 AM – 5:00 PM"", ""Thursday: 5:00 AM – 5:00 PM"", ""Friday: 5:00 AM – 5:00 PM"", ""Saturday: Closed"", ""Sunday: Closed""]"
ChIJEbEg7c3bfkcRK70CSRK83mc,Tessari Caffetteria Bistrot,"[""bistro"", ""coffee_shop"", ""cafe"", ""food_store"", ""restaurant"", ""food"", ""store"", ""point_of_interest"", ""establishment""]","Via Gabriele Falloppio, 8/10, 35121 Padova PD",4.8,148.0,5,"{""latitude"": 45.4072902, ""longitude"": 11.885473000000001}",,348 563 9341,PRICE_LEVEL_INEXPENSIVE,bistro,False,True,True,True,True,False,True,True,"[""Monday: 7:00 AM – 5:00 PM"", ""Tuesday: 7:00 AM – 5:00 PM"", ""Wednesday: 7:00 AM – 5:00 PM"", ""Thursday: 7:00 AM – 5:00 PM"", ""Friday: 7:00 AM – 5:00 PM"", ""Saturday: 7:00 AM – 12:00 PM"", ""Sunday: Closed""]"
ChIJEeD7SKvbfkcRqo0NAH0k_u8,Zairo,"[""italian_restaurant"", ""pizza_restaurant"", ""restaurant"", ""point_of_interest"", ""food"", ""establishment""]","Prato della Valle, 51, 35123 Padova PD",4.2,2861.0,5,"{""latitude"": 45.397911099999995, ""longitude"": 11.878562899999999}",http://zairo.net/,049 663803,PRICE_LEVEL_MODERATE,italian_restaurant,False,True,True,False,True,True,True,True,"[""Monday: Closed"", ""Tuesday: 12:00 – 2:30 PM, 7:00 PM – 12:01 AM"", ""Wednesday: 12:00 – 2:30 PM, 7:00 PM – 12:01 AM"", ""Thursday: 12:00 – 2:30 PM, 7:00 PM – 12:01 AM"", ""Friday: 12:00 – 2:30 PM, 7:00 PM – 12:01 AM"", ""Saturday: 12:00 – 2:30 PM, 7:00 PM – 12:01 AM"", ""Sunday: 12:00 – 2:30 PM, 7:00 PM – 12:00 AM""]"
ChIJExi4CS_bfkcRuUjT85IVo5s,La Prosciutteria Padova,"[""restaurant"", ""wine_bar"", ""italian_restaurant"", ""bar"", ""food_store"", ""store"", ""food"", ""point_of_interest"", ""establishment""]","Piazza dei Signori, 5, 35139 Padova PD",4.4,413.0,5,"{""latitude"": 45.4074774, ""longitude"": 11.8738064}",https://www.laprosciutteria.com/aperitivo-padova/,049 798 7398,PRICE_LEVEL_MODERATE,restaurant,True,True,True,,True,True,True,True,"[""Monday: 11:30 AM – 2:30 PM, 6:00 – 11:30 PM"", ""Tuesday: 11:30 AM – 2:30 PM, 6:00 – 11:30 PM"", ""Wednesday: 11:30 AM – 2:30 PM, 6:00 – 11:30 PM"", ""Thursday: 11:30 AM – 2:30 PM, 6:00 – 11:30 PM"", ""Friday: 11:30 AM – 2:30 PM, 6:00 – 11:30 PM"", ""Saturday: 11:30 AM – 3:00 PM, 5:00 – 11:30 PM"", ""Sunday: 11:30 AM – 3:00 PM, 5:00 – 11:30 PM""]"
ChIJF0Qo0FrafkcRVdgzRDm1iss,Snack Bar Principe,"[""bistro"", ""restaurant"", ""point_of_interest"", ""food"", ""establishment""]","Via del Risorgimento, 16, 35121 Padova PD",4.4,105.0,5,"{""latitude"": 45.4096895, ""longitude"": 11.8766584}",,347 933 0047,PRICE_LEVEL_MODERATE,bistro,,True,True,True,True,,True,True,"[""Monday: 7:00 AM – 10:00 PM"", ""Tuesday: 7:00 AM – 10:00 PM"", ""Wednesday: 7:00 AM – 10:00 PM"", ""Thursday: 7:00 AM – 10:00 PM"", ""Friday: 7:00 AM – 10:00 PM"", ""Saturday: 7:00 AM – 10:00 PM"", ""Sunday: Closed""]"
ChIJF1ZbK5rafkcRjnyWM2cTuG4,Al Moretto - Trattoria storica a Padova,"[""restaurant"", ""diner"", ""food"", ""point_of_interest"", ""establishment""]","Via Madonna della Salute, 82, 35129 Padova PD",4.2,1178.0,5,"{""latitude"": 45.4257359, ""longitude"": 11.9131541}",http://www.trattoriaalmoretto.it/,049 611389,PRICE_LEVEL_MODERATE,restaurant,True,True,True,True,True,True,True,True,"[""Monday: 8:00 AM – 4:00 PM"", ""Tuesday: 8:00 AM – 4:00 PM"", ""Wednesday: 8:00 AM – 4:00 PM"", ""Thursday: 8:00 AM – 4:00 PM"", ""Friday: 8:00 AM – 4:00 PM, 7:30 PM – 12:00 AM"", ""Saturday: 8:30 AM – 4:00 PM, 7:30 PM – 12:00 AM"", ""Sunday: Closed""]"
ChIJF1vvva7bfkcRpJfv1BpvP90,Principe d'Altamura,"[""seafood_restaurant"", ""italian_restaurant"", ""restaurant"", ""food"", ""point_of_interest"", ""establishment""]","Via Giovanni Malaman, 7, 35123 Padova PD",4.5,408.0,5,"{""latitude"": 45.392952099999995, ""longitude"": 11.87392}",https://www.principedaltamura.it/,049 684854,PRICE_LEVEL_MODERATE,italian_restaurant,False,True,True,False,True,True,True,True,"[""Monday: Closed"", ""Tuesday: 12:00 – 3:00 PM, 7:00 – 11:00 PM"", ""Wednesday: 12:00 – 3:00 PM, 7:00 – 11:00 PM"", ""Thursday: 12:00 – 3:00 PM, 7:00 – 11:00 PM"", ""Friday: 12:00 – 3:00 PM, 7:00 – 11:00 PM"", ""Saturday: 12:00 – 3:00 PM, 7:00 – 11:00 PM"", ""Sunday: 12:00 – 3:00 PM""]"
ChIJF7CdwlvafkcRZAMRAo2Pi7U,Ristorante Pizzeria agli Eremitani,"[""restaurant"", ""pizza_restaurant"", ""food"", ""point_of_interest"", ""establishment""]","Via Porciglia, 29, 35121 Padova PD",4.1,2314.0,5,"{""latitude"": 45.410799999999995, ""longitude"": 11.8813975}",http://www.aglieremitani.it/,049 875 4663,PRICE_LEVEL_MODERATE,restaurant,True,True,True,False,True,True,True,True,"[""Monday: Closed"", ""Tuesday: 12:00 – 3:00 PM, 7:00 PM – 12:00 AM"", ""Wednesday: 12:00 – 3:00 PM, 7:00 PM – 12:00 AM"", ""Thursday: 12:00 – 3:00 PM, 7:00 PM – 12:00 AM"", ""Friday: 12:00 – 3:00 PM, 7:00 PM – 12:00 AM"", ""Saturday: 12:00 – 3:00 PM, 7:00 PM – 12:00 AM"", ""Sunday: 12:00 – 3:00 PM, 7:00 PM – 12:00 AM""]"
ChIJFU_1Q1rafkcRlxDC2UXdnqg,La Risorta Osteria del Re Fosco,"[""restaurant"", ""wine_bar"", ""liquor_store"", ""bar"", ""food"", ""store"", ""point_of_interest"", ""establishment""]","Via Carlo Cassan, 5, 35100 Padova PD",4.4,479.0,5,"{""latitude"": 45.4090564, ""longitude"": 11.8799038}",https://www.facebook.com/La-Risorta-Osteria-del-Re-Fosco-428441690823331/,049 877 4159,PRICE_LEVEL_MODERATE,restaurant,False,True,True,,True,True,True,True,"[""Monday: 11:30 AM – 3:00 PM, 6:00 PM – 12:00 AM"", ""Tuesday: 11:30 AM – 3:00 PM, 6:00 PM – 12:00 AM"", ""Wednesday: 11:30 AM – 3:00 PM, 6:00 PM – 12:00 AM"", ""Thursday: 11:30 AM – 3:00 PM, 6:00 PM – 12:00 AM"", ""Friday: 11:30 AM – 3:00 PM, 6:00 PM – 12:00 AM"", ""Saturday: 11:30 AM – 3:00 PM, 6:00 PM – 12:00 AM"", ""Sunday: Closed""]"
ChIJFZu24ZvafkcRyYzcAdiU6fo,Non Solo Pizza mortise,"[""pizza_restaurant"", ""meal_delivery"", ""food_delivery"", ""kebab_shop"", ""restaurant"", ""food"", ""point_of_interest"", ""establishment""]","Via Madonna della Salute, 65, 35129 Padova PD",4.0,319.0,5,"{""latitude"": 45.426908, ""longitude"": 11.9136157}",http://fastorder.club/nonsolopizza,348 680 6965,PRICE_LEVEL_INEXPENSIVE,pizza_restaurant,True,True,,False,True,True,True,False,"[""Monday: 5:00 – 11:00 PM"", ""Tuesday: 5:00 – 11:00 PM"", ""Wednesday: 5:00 – 11:00 PM"", ""Thursday: 5:00 – 11:00 PM"", ""Friday: 5:00 – 11:00 PM"", ""Saturday: 5:00 – 11:00 PM"", ""Sunday: 5:00 – 11:00 PM""]"
ChIJFbb-QITQfkcRe3XVev3311Q,RISTORANTE VEGETARIANO,"[""restaurant"", ""food"", ""point_of_interest"", ""establishment""]","35133 Padua, Province of Padua, Italy",4.0,1.0,1,"{""latitude"": 45.440971399999995, ""longitude"": 11.893507}",,380 186 7501,,restaurant,,True,,,True,,,,[]
ChIJFcxCeVHafkcRpl7qtjmdy5M,Stefano Mocellin al Padovanino,"[""restaurant"", ""food"", ""point_of_interest"", ""establishment""]","Via Santa Chiara, 1, 35100 Padova PD",4.6,228.0,5,"{""latitude"": 45.403469699999995, ""longitude"": 11.8768432}",http://padovanino.com/,375 619 7434,PRICE_LEVEL_VERY_EXPENSIVE,restaurant,False,True,True,,True,True,,True,"[""Monday: 7:00 – 10:30 PM"", ""Tuesday: 7:00 – 10:30 PM"", ""Wednesday: 7:00 – 10:30 PM"", ""Thursday: 7:00 – 10:30 PM"", ""Friday: 7:00 – 10:30 PM"", ""Saturday: 12:00 – 2:30 PM, 7:00 – 10:30 PM"", ""Sunday: Closed""]"
ChIJFe67qYLbfkcRMa5h1rv56Vw,K.N. Ristorante,"[""pakistani_restaurant"", ""restaurant"", ""food"", ""point_of_interest"", ""establishment""]","Via Pietro Liberi, 1, 35132 Padova PD",4.4,183.0,5,"{""latitude"": 45.4195785, ""longitude"": 11.878874699999999}",,049 689 3534,PRICE_LEVEL_MODERATE,pakistani_restaurant,True,True,True,,True,True,False,False,"[""Monday: 11:00 AM – 11:00 PM"", ""Tuesday: Closed"", ""Wednesday: 11:00 AM – 11:00 PM"", ""Thursday: 11:00 AM – 11:00 PM"", ""Friday: 11:00 AM – 11:00 PM"", ""Saturday: 11:00 AM – 11:00 PM"", ""Sunday: 11:00 AM – 11:00 PM""]"
ChIJFePluWbafkcRgJBaSxOHxnw,Pescheria Nai Padova,"[""seafood_restaurant"", ""food_store"", ""restaurant"", ""food"", ""store"", ""point_of_interest"", ""establishment""]","Via Giusto de' Menabuoi, 44, 35132 Padova PD",4.7,455.0,5,"{""latitude"": 45.420400699999995, ""longitude"": 11.885736}",https://www.naisrl.it/,049 606419,,food_store,,,,,,,,,"[""Monday: Closed"", ""Tuesday: 8:00 AM – 1:00 PM"", ""Wednesday: 8:00 AM – 1:00 PM"", ""Thursday: 8:00 AM – 1:00 PM, 4:00 – 8:00 PM"", ""Friday: 8:00 AM – 1:00 PM, 4:00 – 8:00 PM"", ""Saturday: 8:00 AM – 1:00 PM"", ""Sunday: Closed""]"
ChIJG2cMO37cfkcR3wes0nPrVgo,Rossopomodoro,"[""pizza_restaurant"", ""shipping_service"", ""italian_restaurant"", ""restaurant"", ""food"", ""point_of_interest"", ""service"", ""establishment""]","Via Dante Alighieri, 34, 35139 Padova PD",3.9,2269.0,5,"{""latitude"": 45.408716500000004, ""longitude"": 11.8732475}",https://ristoranti.rossopomodoro.it/padova-9957789b4ae7,049 830 4084,PRICE_LEVEL_MODERATE,pizza_restaurant,True,True,True,False,True,True,True,True,"[""Monday: 12:00 – 3:00 PM, 7:00 PM – 12:00 AM"", ""Tuesday: 12:00 – 3:00 PM, 7:00 PM – 12:00 AM"", ""Wednesday: 12:00 – 3:00 PM, 7:00 PM – 12:00 AM"", ""Thursday: 12:00 – 3:00 PM, 7:00 PM – 12:00 AM"", ""Friday: 12:00 – 3:00 PM, 7:00 PM – 12:00 AM"", ""Saturday: 12:00 – 3:00 PM, 7:00 PM – 12:00 AM"", ""Sunday: 12:00 – 3:00 PM, 7:00 PM – 12:00 AM""]"
ChIJG7UGxAnbfkcREudGKik5bY4,GingerGi VeggiePop restaurant,"[""vegetarian_restaurant"", ""brunch_restaurant"", ""wine_bar"", ""vegan_restaurant"", ""bar"", ""restaurant"", ""food"", ""point_of_interest"", ""establishment""]","Via Pilade Bronzetti, 18, 35138 Padova PD",4.6,708.0,5,"{""latitude"": 45.4164747, ""longitude"": 11.8630943}",https://www.gingergi.com/,391 720 6006,PRICE_LEVEL_EXPENSIVE,vegetarian_restaurant,True,True,True,,True,True,True,True,"[""Monday: Closed"", ""Tuesday: 12:30 – 2:30 PM, 7:30 – 11:00 PM"", ""Wednesday: 12:30 – 2:30 PM, 7:30 – 11:00 PM"", ""Thursday: 12:30 – 2:30 PM, 7:30 – 11:00 PM"", ""Friday: 12:30 – 2:30 PM, 7:30 – 11:00 PM"", ""Saturday: 12:30 – 2:30 PM, 7:30 – 11:00 PM"", ""Sunday: 12:30 – 2:30 PM""]"
ChIJGSD1MeDbfkcR2wTQVkB7IHg,Elegguà - Cuban Lounge,"[""latin_american_restaurant"", ""southwestern_us_restaurant"", ""cocktail_bar"", ""bar"", ""restaurant"", ""food"", ""point_of_interest"", ""establishment""]","Via Santa Maria Assunta, 35B, 35125 Padova PD",4.4,490.0,5,"{""latitude"": 45.3833798, ""longitude"": 11.8660441}",https://www.instagram.com/elegguacuban/,327 750 6694,PRICE_LEVEL_MODERATE,latin_american_restaurant,,True,True,,False,True,True,True,"[""Monday: Closed"", ""Tuesday: 6:30 PM – 12:30 AM"", ""Wednesday: 6:30 PM – 12:30 AM"", ""Thursday: 6:30 PM – 12:30 AM"", ""Friday: 6:30 PM – 1:30 AM"", ""Saturday: 6:30 PM – 1:30 AM"", ""Sunday: 6:30 PM – 12:30 AM""]"
ChIJGT3onmjafkcRVB-53dEILI4,Osteria Di Fuori Porta,"[""restaurant"", ""food"", ""point_of_interest"", ""establishment""]","Via T. Aspetti, 7/A, 35132 Padova PD",4.5,775.0,5,"{""latitude"": 45.4207141, ""longitude"": 11.880111399999999}",http://www.osteriadifuoriporta.it/,049 616899,PRICE_LEVEL_MODERATE,restaurant,False,True,True,,True,True,True,True,"[""Monday: 12:30 – 3:00 PM, 7:30 – 11:00 PM"", ""Tuesday: 12:30 – 3:00 PM, 6:30 – 11:30 PM"", ""Wednesday: 12:30 – 3:00 PM, 6:30 – 11:30 PM"", ""Thursday: 12:30 – 3:00 PM, 6:30 – 11:30 PM"", ""Friday: 12:30 – 3:00 PM, 6:30 – 11:30 PM"", ""Saturday: 12:30 – 3:00 PM, 6:30 – 11:30 PM"", ""Sunday: Closed""]"
ChIJG_pQwFfbfkcR9NrMAhGmsFY,Aura 歡喜 Padova,"[""restaurant"", ""food"", ""point_of_interest"", ""establishment""]","Via Cesare Battisti, 28, 35121 Padova PD",4.5,213.0,5,"{""latitude"": 45.4067571, ""longitude"": 11.8790529}",https://aurapadova.eatbu.com/,049 688 1978,PRICE_LEVEL_MODERATE,restaurant,False,True,True,,True,True,True,True,"[""Monday: Closed"", ""Tuesday: 10:00 AM – 10:00 PM"", ""Wednesday: 10:00 AM – 10:00 PM"", ""Thursday: 10:00 AM – 10:00 PM"", ""Friday: 10:00 AM – 10:00 PM"", ""Saturday: 10:00 AM – 10:00 PM"", ""Sunday: 10:00 AM – 10:00 PM""]"
ChIJGf8i1HjbfkcRdLwI9isGxI8,BOX DOWNTOWN,"[""restaurant"", ""food"", ""point_of_interest"", ""establishment""]","Via Umberto I, 102, 35122 Padova PD",3.9,955.0,5,"{""latitude"": 45.4008428, ""longitude"": 11.8758021}",,049 522 0433,PRICE_LEVEL_MODERATE,restaurant,True,True,True,,True,True,True,True,"[""Monday: 12:00 – 3:00 PM, 6:00 PM – 12:00 AM"", ""Tuesday: 12:00 – 4:00 PM, 6:00 PM – 2:00 AM"", ""Wednesday: 12:00 – 4:00 PM, 6:00 PM – 2:00 AM"", ""Thursday: 12:00 – 4:00 PM, 6:00 PM – 2:00 AM"", ""Friday: 12:00 – 4:00 PM, 6:00 PM – 2:00 AM"", ""Saturday: 12:00 – 4:00 PM, 6:00 PM – 2:00 AM"", ""Sunday: 12:00 – 3:00 PM, 6:00 PM – 12:00 AM""]"
ChIJGz0bWm7afkcRuXfLmdh88-U,Pizzeria Sotto Casa,"[""pizza_delivery"", ""kebab_shop"", ""coffee_shop"", ""pizza_restaurant"", ""meal_delivery"", ""food_delivery"", ""meal_takeaway"", ""cafe"", ""food_store"", ""store"", ""restaurant"", ""food"", ""point_of_interest"", ""establishment""]","Via Michelangelo Buonarroti, 121, 35134 Padova PD",4.1,986.0,5,"{""latitude"": 45.4247458, ""longitude"": 11.8781008}",https://www.facebook.com/pages/Pizzeria-Sotto-casa/1418930998347226?ref_type=bookmark,380 905 4432,PRICE_LEVEL_INEXPENSIVE,pizza_delivery,True,True,,,,,,,"[""Monday: 12:00 – 11:00 PM"", ""Tuesday: 12:00 – 11:00 PM"", ""Wednesday: 12:00 – 11:00 PM"", ""Thursday: 12:00 – 11:00 PM"", ""Friday: 12:00 – 11:00 PM"", ""Saturday: 12:00 – 11:00 PM"", ""Sunday: 12:00 – 11:00 PM""]"
ChIJH--lmGfbfkcRyH3H0SH_IIY,Ristorante Desi,"[""restaurant"", ""food"", ""point_of_interest"", ""establishment""]","Cavalcavia Borgomagno, 2, 35132 Padova PD",5.0,3.0,3,"{""latitude"": 45.419078899999995, ""longitude"": 11.878836699999999}",,,,restaurant,,True,True,,True,True,True,True,"[""Monday: 11:00 AM – 11:00 PM"", ""Tuesday: 11:00 AM – 11:00 PM"", ""Wednesday: 11:00 AM – 11:00 PM"", ""Thursday: 11:00 AM – 11:00 PM"", ""Friday: 11:00 AM – 11:00 PM"", ""Saturday: 11:00 AM – 11:00 PM"", ""Sunday: 11:00 AM – 11:00 PM""]"
ChIJH-OWXADbfkcRHNV2JpTRTmA,Sedia Pizza Kebab,"[""turkish_restaurant"", ""restaurant"", ""point_of_interest"", ""food"", ""establishment""]","Via del Santo, 35123 Padova PD",4.0,4.0,4,"{""latitude"": 45.403188799999995, ""longitude"": 11.8792653}",,380 789 9403,PRICE_LEVEL_INEXPENSIVE,turkish_restaurant,,True,,,True,True,,,"[""Monday: 8:00 AM – 9:45 PM"", ""Tuesday: 8:00 AM – 9:45 PM"", ""Wednesday: 8:00 AM – 9:45 PM"", ""Thursday: 8:00 AM – 9:45 PM"", ""Friday: 8:00 AM – 9:45 PM"", ""Saturday: 10:30 AM – 12:30 AM"", ""Sunday: Closed""]"
ChIJH3nJp1HafkcRB4qO92Hc4Xw,Sushi House,"[""sushi_restaurant"", ""seafood_restaurant"", ""chinese_restaurant"", ""japanese_restaurant"", ""restaurant"", ""point_of_interest"", ""food"", ""establishment""]","Riviera Tito Livio, 24, 35123 Padova PD",4.5,4625.0,5,"{""latitude"": 45.4051153, ""longitude"": 11.8769694}",https://www.facebook.com/sushihousepadova/,049 501 2623,PRICE_LEVEL_MODERATE,sushi_restaurant,True,True,True,False,True,True,True,True,"[""Monday: 12:00 – 3:00 PM, 7:00 – 11:30 PM"", ""Tuesday: 12:00 – 3:00 PM, 7:00 – 11:30 PM"", ""Wednesday: 12:00 – 3:00 PM, 7:00 – 11:30 PM"", ""Thursday: 12:00 – 3:00 PM, 7:00 – 11:30 PM"", ""Friday: 12:00 – 3:00 PM, 7:00 – 11:30 PM"", ""Saturday: 12:00 – 3:00 PM, 7:00 – 11:30 PM"", ""Sunday: 12:00 – 3:00 PM, 7:00 – 11:30 PM""]"
ChIJH48FyFHafkcRFLa0J4Wgvak,Enotavola Pino,"[""seafood_restaurant"", ""wine_bar"", ""bar"", ""restaurant"", ""food"", ""point_of_interest"", ""establishment""]","Via dell'Arco, 37, 35122 Padova PD",4.6,1252.0,5,"{""latitude"": 45.405179399999994, ""longitude"": 11.875559299999999}",https://www.enotavola.com/home,049 876 2385,PRICE_LEVEL_EXPENSIVE,seafood_restaurant,False,True,True,True,True,True,True,True,"[""Monday: Closed"", ""Tuesday: 12:30 – 2:30 PM, 7:30 – 11:00 PM"", ""Wednesday: 12:30 – 2:30 PM, 7:30 – 11:00 PM"", ""Thursday: 12:30 – 2:30 PM, 7:30 – 11:00 PM"", ""Friday: 12:30 – 2:30 PM, 7:30 – 11:00 PM"", ""Saturday: 12:30 – 2:30 PM, 7:30 – 11:00 PM"", ""Sunday: 7:30 – 11:00 PM""]"
ChIJH52IZ-7afkcRG_wF5EIASIs,Alla Stanga Café Padova PD,"[""bistro"", ""bar"", ""restaurant"", ""food"", ""point_of_interest"", ""establishment""]","Via Venezia, 41A, 35131 Padova PD",4.3,129.0,5,"{""latitude"": 45.4091901, ""longitude"": 11.9028118}",https://www.facebook.com/allastangacafe/,049 213 7930,PRICE_LEVEL_INEXPENSIVE,bistro,False,True,,True,True,False,True,True,"[""Monday: 6:00 AM – 7:00 PM"", ""Tuesday: 6:00 AM – 7:00 PM"", ""Wednesday: 6:00 AM – 7:00 PM"", ""Thursday: 6:00 AM – 7:00 PM"", ""Friday: 6:00 AM – 6:00 PM"", ""Saturday: Closed"", ""Sunday: Closed""]"
ChIJH5aei1XafkcRLNB9MpVEF_g,Ristorante Pizzeria Pontecorvo,"[""pizza_restaurant"", ""seafood_restaurant"", ""italian_restaurant"", ""restaurant"", ""food"", ""point_of_interest"", ""establishment""]","Piazzale Pontecorvo, 5c, 35121 Padova PD",4.2,979.0,5,"{""latitude"": 45.4012325, ""longitude"": 11.8843763}",https://www.ristorantepontecorvo.com/,049 876 3819,PRICE_LEVEL_MODERATE,pizza_restaurant,False,True,True,False,True,True,True,True,"[""Monday: 12:00 – 2:30 PM, 7:00 – 11:00 PM"", ""Tuesday: 12:00 – 2:30 PM, 7:00 – 11:00 PM"", ""Wednesday: 12:00 – 2:30 PM, 7:00 – 11:00 PM"", ""Thursday: 12:00 – 2:30 PM, 7:00 – 11:00 PM"", ""Friday: 12:00 – 2:30 PM, 7:00 – 11:00 PM"", ""Saturday: 12:00 – 2:30 PM, 7:00 – 11:00 PM"", ""Sunday: Closed""]"
ChIJH7r_WADFfkcRf693t9PP1EM,Shiva 2 Padova,"[""indian_restaurant"", ""restaurant"", ""food"", ""point_of_interest"", ""establishment""]","Via S. Marco, 169, 35129 Padova PD",4.9,55.0,5,"{""latitude"": 45.4255509, ""longitude"": 11.9471483}",https://shiva2padova.com/,380 768 2552,PRICE_LEVEL_MODERATE,indian_restaurant,True,True,True,,True,True,True,True,"[""Monday: 6:00 – 11:00 PM"", ""Tuesday: 6:00 – 11:00 PM"", ""Wednesday: 6:00 – 11:00 PM"", ""Thursday: 6:00 – 11:00 PM"", ""Friday: 6:00 – 11:00 PM"", ""Saturday: 11:30 AM – 2:30 PM, 6:00 – 11:00 PM"", ""Sunday: 11:30 AM – 2:30 PM, 6:00 – 11:00 PM""]"
ChIJHRQhATbbfkcRFHb1xTFfBEA,Meridiana,"[""brunch_restaurant"", ""restaurant"", ""food"", ""point_of_interest"", ""establishment""]","Piazzetta Virgilio Bardella, 11, 35131 Padova PD",4.5,48.0,5,"{""latitude"": 45.4117664, ""longitude"": 11.901336899999999}",,049 521 9935,PRICE_LEVEL_MODERATE,brunch_restaurant,False,True,,True,True,,True,True,"[""Monday: 7:30 AM – 3:00 PM"", ""Tuesday: 7:30 AM – 3:00 PM"", ""Wednesday: 7:30 AM – 3:00 PM"", ""Thursday: 7:30 AM – 3:00 PM"", ""Friday: 7:30 AM – 3:00 PM"", ""Saturday: Closed"", ""Sunday: Closed""]"
ChIJHWmtFADbfkcRnIzpiAOo2Z8,Al Prato,"[""seafood_restaurant"", ""restaurant"", ""food"", ""point_of_interest"", ""establishment""]","Via Prato della Valle, 4, 35123 Padova PD",4.5,150.0,5,"{""latitude"": 45.4001504, ""longitude"": 11.876238299999999}",https://ristorantealprato.com/,049 261 9578,PRICE_LEVEL_EXPENSIVE,seafood_restaurant,True,True,True,False,True,True,True,True,"[""Monday: 12:00 – 3:00 PM, 7:00 PM – 12:00 AM"", ""Tuesday: 12:00 – 3:00 PM, 7:00 PM – 12:00 AM"", ""Wednesday: 12:00 – 3:00 PM, 7:00 PM – 12:00 AM"", ""Thursday: 12:00 – 3:00 PM, 7:00 PM – 12:00 AM"", ""Friday: 12:00 – 3:00 PM, 7:00 PM – 12:00 AM"", ""Saturday: 12:00 – 3:00 PM, 7:00 PM – 12:00 AM"", ""Sunday: Closed""]"
ChIJHZ7d41rafkcR162P5rYDR-w,Pinsa Pizzeria,"[""pizza_restaurant"", ""restaurant"", ""food"", ""point_of_interest"", ""establishment""]","Corso Giuseppe Garibaldi, 13, 35137 Padova PD",4.4,1153.0,5,"{""latitude"": 45.4099205, ""longitude"": 11.8778878}",,049 295 8833,PRICE_LEVEL_INEXPENSIVE,pizza_restaurant,True,True,True,,True,True,True,True,"[""Monday: 12:00 – 10:00 PM"", ""Tuesday: 12:00 – 10:00 PM"", ""Wednesday: 12:00 – 10:00 PM"", ""Thursday: 12:00 – 10:00 PM"", ""Friday: 12:00 – 10:00 PM"", ""Saturday: 12:00 – 10:00 PM"", ""Sunday: 12:00 – 10:00 PM""]"
ChIJHZRkfgDbfkcRCUV8z4veRnc,Sorbillo Gourmand Padova,"[""pizza_restaurant"", ""restaurant"", ""point_of_interest"", ""food"", ""establishment""]","Piazza dei Signori, 1, 35139 Padova PD",4.3,1053.0,5,"{""latitude"": 45.40741510000001, ""longitude"": 11.874044}",http://www.sorbillo.it/,049 981 8910,PRICE_LEVEL_MODERATE,pizza_restaurant,True,True,True,,True,True,True,True,"[""Monday: 12:00 – 3:00 PM, 7:00 – 11:00 PM"", ""Tuesday: 12:00 – 3:00 PM, 7:00 – 11:00 PM"", ""Wednesday: 12:00 – 3:00 PM, 7:00 – 11:00 PM"", ""Thursday: 12:00 – 3:00 PM, 7:00 – 11:00 PM"", ""Friday: 12:00 – 3:00 PM, 7:00 – 11:00 PM"", ""Saturday: 12:00 – 3:00 PM, 7:00 – 11:00 PM"", ""Sunday: 12:00 – 3:00 PM, 7:00 – 11:00 PM""]"
ChIJHdait-HbfkcRrBjT4Evyw1Y,Anna e Rido Padova,"[""restaurant"", ""food"", ""point_of_interest"", ""establishment""]","Via Andrea Costa, 18/a, 35124 Padova PD",4.6,43.0,5,"{""latitude"": 45.3902308, ""longitude"": 11.870677299999999}",https://annapadova.it/,049 232 7317,PRICE_LEVEL_EXPENSIVE,restaurant,False,True,True,,True,True,True,True,"[""Monday: Closed"", ""Tuesday: 11:00 AM – 3:00 PM, 6:00 PM – 2:00 AM"", ""Wednesday: 11:00 AM – 3:00 PM, 6:00 PM – 2:00 AM"", ""Thursday: 11:00 AM – 3:00 PM, 6:00 PM – 2:00 AM"", ""Friday: 11:00 AM – 3:00 PM, 6:00 PM – 2:00 AM"", ""Saturday: 11:00 AM – 3:00 PM, 6:00 PM – 2:00 AM"", ""Sunday: 11:00 AM – 3:00 PM, 6:00 PM – 2:00 AM""]"
ChIJHy9ImhDbfkcRq995tcfrTXg,Ottimo Kebab e Pizza,"[""kebab_shop"", ""restaurant"", ""food"", ""point_of_interest"", ""establishment""]","Via Ludovico Ariosto, 46, 35128 Padova PD",4.6,23.0,5,"{""latitude"": 45.408321099999995, ""longitude"": 11.902147999999999}",,351 930 1921,PRICE_LEVEL_INEXPENSIVE,kebab_shop,True,True,,,,,,,"[""Monday: 11:30 AM – 3:00 PM, 5:30 – 11:00 PM"", ""Tuesday: 11:30 AM – 3:00 PM, 5:30 – 11:00 PM"", ""Wednesday: 11:30 AM – 3:00 PM, 5:30 – 11:00 PM"", ""Thursday: 11:30 AM – 3:00 PM, 5:30 – 11:00 PM"", ""Friday: 11:30 AM – 3:00 PM, 5:30 – 11:00 PM"", ""Saturday: 11:30 AM – 3:00 PM, 5:30 PM – 12:00 AM"", ""Sunday: 11:30 AM – 3:00 PM, 5:30 PM – 12:00 AM""]"
ChIJI7PAUzbafkcRMTDjHU9OScI,Pizzeria Da Giorgia,"[""pizza_restaurant"", ""meal_takeaway"", ""pizza_delivery"", ""meal_delivery"", ""food_delivery"", ""restaurant"", ""point_of_interest"", ""food"", ""establishment""]","Via Palestro, 20, 35138 Padova PD",4.2,821.0,5,"{""latitude"": 45.407193, ""longitude"": 11.860121999999999}",https://pizzeria-dagiorgia.web.app/,049 871 0139,PRICE_LEVEL_MODERATE,pizza_restaurant,True,True,True,False,True,True,True,True,"[""Monday: 6:00 – 11:30 PM"", ""Tuesday: 6:00 – 11:30 PM"", ""Wednesday: 6:00 – 11:30 PM"", ""Thursday: 6:00 – 11:30 PM"", ""Friday: 6:00 PM – 12:00 AM"", ""Saturday: 6:00 PM – 12:00 AM"", ""Sunday: 6:00 PM – 12:00 AM""]"
ChIJIUghpj_bfkcRmw6k2xWFnro,Tian Yi JiAO Padova Angolo del Mondo SRLS,"[""chinese_restaurant"", ""restaurant"", ""food"", ""point_of_interest"", ""establishment""]","Corso del Popolo, 8D, 35131 Padova PD",3.1,271.0,5,"{""latitude"": 45.4154489, ""longitude"": 11.8793911}",https://www.angolodelmondo.com/,333 545 4183,PRICE_LEVEL_MODERATE,chinese_restaurant,,True,True,,True,True,True,True,"[""Monday: 11:30 AM – 10:30 PM"", ""Tuesday: 11:30 AM – 10:30 PM"", ""Wednesday: 11:30 AM – 10:30 PM"", ""Thursday: Closed"", ""Friday: 11:30 AM – 10:30 PM"", ""Saturday: 11:30 AM – 10:30 PM"", ""Sunday: 11:30 AM – 10:30 PM""]"
ChIJIWm-lxXbfkcR2SZ0UBpubvk,Ichiban Ramen Padova,"[""ramen_restaurant"", ""japanese_restaurant"", ""restaurant"", ""food"", ""point_of_interest"", ""establishment""]","Via del Santo, 113, 35123 Padova PD",4.6,1033.0,5,"{""latitude"": 45.4031507, ""longitude"": 11.8793587}",https://www.facebook.com/Ichiban-Ramen-Padova-115206479874300/,049 830 9142,PRICE_LEVEL_MODERATE,ramen_restaurant,True,True,True,False,True,True,True,True,"[""Monday: 12:00 – 2:20 PM, 7:00 – 10:30 PM"", ""Tuesday: Closed"", ""Wednesday: 12:00 – 2:20 PM, 7:00 – 10:30 PM"", ""Thursday: 12:00 – 2:20 PM, 7:00 – 10:30 PM"", ""Friday: 12:00 – 2:20 PM, 7:00 – 10:30 PM"", ""Saturday: 12:00 – 2:20 PM, 7:00 – 10:30 PM"", ""Sunday: 12:00 – 2:20 PM, 7:00 – 10:30 PM""]"
ChIJI_nnNQDbfkcR7SsJ-UAP2UU,Longato pizza e focaccia,"[""pizza_restaurant"", ""restaurant"", ""food"", ""point_of_interest"", ""establishment""]","Via Roma, 53, 35122 Padova PD",4.0,4.0,4,"{""latitude"": 45.4052528, ""longitude"": 11.8763867}",,,,pizza_restaurant,,True,,,,,,,[]
ChIJIauuTADbfkcRxMCpAUo2hm4,Bite&slice,"[""pizza_restaurant"", ""restaurant"", ""food"", ""point_of_interest"", ""establishment""]","Via Madonna della Salute, 112, 35129 Padova PD",4.5,19.0,5,"{""latitude"": 45.427144399999996, ""longitude"": 11.914240300000001}",,320 357 0311,PRICE_LEVEL_INEXPENSIVE,pizza_restaurant,,True,,,,,,,"[""Monday: Open 24 hours"", ""Tuesday: Closed"", ""Wednesday: Closed"", ""Thursday: Closed"", ""Friday: Closed"", ""Saturday: Closed"", ""Sunday: Closed""]"
ChIJIesUGFjafkcR4MGNLHzkjZc,Sumiti,"[""supermarket"", ""sandwich_shop"", ""grocery_store"", ""food_store"", ""restaurant"", ""food"", ""store"", ""point_of_interest"", ""establishment""]","Via Giambattista Belzoni, 8, 35121 Padova PD",4.8,374.0,5,"{""latitude"": 45.4075044, ""longitude"": 11.8859645}",http://www.sumiti.it/Presentazione.htm,049 875 1013,,supermarket,True,,,,,,,,"[""Monday: 9:00 AM – 2:00 PM, 4:30 – 8:00 PM"", ""Tuesday: 9:00 AM – 2:00 PM, 4:30 – 8:00 PM"", ""Wednesday: 9:00 AM – 2:00 PM, 4:30 – 8:00 PM"", ""Thursday: 9:00 AM – 2:00 PM, 4:30 – 8:00 PM"", ""Friday: 9:00 AM – 2:00 PM, 4:30 – 8:00 PM"", ""Saturday: 9:00 AM – 2:00 PM"", ""Sunday: Closed""]"
ChIJJ1UsXlTFfkcR-1HMi_Q7CGQ,Gandhi 2|Ristorante Indiano|Padova,"[""indian_restaurant"", ""restaurant"", ""food"", ""point_of_interest"", ""establishment""]","Via Pietro Donà, 13, 35129 Padova PD",4.3,468.0,5,"{""latitude"": 45.4087697, ""longitude"": 11.9093257}",http://www.gandhi2padova.it/,049 202 1452,PRICE_LEVEL_MODERATE,indian_restaurant,,True,True,,True,True,True,True,"[""Monday: 11:00 AM – 3:00 PM, 6:00 – 10:30 PM"", ""Tuesday: 11:00 AM – 3:00 PM, 6:00 – 10:30 PM"", ""Wednesday: 11:00 AM – 3:00 PM, 6:00 – 10:30 PM"", ""Thursday: 11:00 AM – 3:00 PM, 6:00 – 10:30 PM"", ""Friday: 11:00 AM – 3:00 PM, 6:00 – 10:30 PM"", ""Saturday: 11:00 AM – 3:00 PM, 6:00 – 10:30 PM"", ""Sunday: 11:00 AM – 3:00 PM, 6:00 – 10:30 PM""]"
ChIJJ3mpUXjbfkcRhOFAMzHg92I,Mille e Una Notte,"[""middle_eastern_restaurant"", ""restaurant"", ""point_of_interest"", ""food"", ""establishment""]","Via Stefano Breda, 5, 35139 Padova PD",4.7,121.0,5,"{""latitude"": 45.408087800000004, ""longitude"": 11.8754981}",https://www.milleunanotte.com/,049 689 9045,PRICE_LEVEL_MODERATE,middle_eastern_restaurant,False,True,True,False,True,True,True,,"[""Monday: Closed"", ""Tuesday: 11:00 AM – 3:00 PM, 6:00 – 11:00 PM"", ""Wednesday: 11:00 AM – 3:00 PM, 6:00 – 11:00 PM"", ""Thursday: 11:00 AM – 3:00 PM, 6:00 – 11:00 PM"", ""Friday: 11:00 AM – 3:00 PM, 6:00 – 11:00 PM"", ""Saturday: 11:00 AM – 3:00 PM, 6:00 – 11:00 PM"", ""Sunday: 11:00 AM – 3:00 PM, 6:00 – 11:00 PM""]"
ChIJJRZgcpvbfkcR80Zm7OfAl30,Club house Petrarca,"[""restaurant"", ""food"", ""point_of_interest"", ""establishment""]","Via Guido Gozzano, 64, 35125 Padova PD",4.2,227.0,5,"{""latitude"": 45.3729515, ""longitude"": 11.864706}",,348 814 2324,PRICE_LEVEL_MODERATE,restaurant,False,True,True,,True,True,True,True,"[""Monday: 8:30 AM – 10:30 PM"", ""Tuesday: 8:30 AM – 10:30 PM"", ""Wednesday: 8:30 AM – 10:30 PM"", ""Thursday: 8:30 AM – 10:30 PM"", ""Friday: 8:30 AM – 10:30 PM"", ""Saturday: 8:30 AM – 10:30 PM"", ""Sunday: 8:30 AM – 6:30 PM""]"
ChIJJTe6dwDbfkcRErUUiNl1XdA,Pizzeria Kebab,"[""pizza_restaurant"", ""restaurant"", ""food"", ""point_of_interest"", ""establishment""]","Via Riccardo Bajardi, 5, 35129 Padova PD",4.7,3.0,3,"{""latitude"": 45.4266705, ""longitude"": 11.9074028}",,,PRICE_LEVEL_INEXPENSIVE,pizza_restaurant,,True,,,,,,,"[""Monday: Closed"", ""Tuesday: Closed"", ""Wednesday: Closed"", ""Thursday: Closed"", ""Friday: Closed"", ""Saturday: Closed"", ""Sunday: Open 24 hours""]"
ChIJJcaE5dfbfkcRLb4qY_61PSc,Padova Est Risto & Caffe,"[""restaurant"", ""food"", ""point_of_interest"", ""establishment""]","Viale dell'Industria, 58, 35129 Padova PD",4.3,7.0,5,"{""latitude"": 45.4104453, ""longitude"": 11.9265907}",https://www.padovaestristocaffe.it/,049 774303,PRICE_LEVEL_MODERATE,restaurant,,True,True,True,True,,True,True,[]
ChIJJw-L55HZfkcRWjMRRzq2FDw,San Sushi,"[""japanese_restaurant"", ""sushi_restaurant"", ""meal_delivery"", ""food_delivery"", ""meal_takeaway"", ""seafood_restaurant"", ""restaurant"", ""food"", ""point_of_interest"", ""establishment""]","Via Chiesanuova, 217, 35316 Padova PD",4.2,927.0,5,"{""latitude"": 45.4165091, ""longitude"": 11.8291861}",http://www.san-sushi.it/,338 185 3146,PRICE_LEVEL_MODERATE,japanese_restaurant,True,True,True,,True,True,True,True,"[""Monday: Closed"", ""Tuesday: 12:00 – 3:00 PM, 7:00 – 11:30 PM"", ""Wednesday: 12:00 – 3:00 PM, 7:00 – 11:30 PM"", ""Thursday: 12:00 – 3:00 PM, 7:00 – 11:30 PM"", ""Friday: 12:00 – 3:00 PM, 7:00 – 11:30 PM"", ""Saturday: 12:00 – 3:00 PM, 7:00 – 11:30 PM"", ""Sunday: 12:00 – 3:00 PM, 7:00 – 11:30 PM""]"
ChIJK6QRWADbfkcRUhBPUjFnLHk,Food place,"[""fast_food_restaurant"", ""restaurant"", ""food"", ""point_of_interest"", ""establishment""]","Piazza dei Signori, 29, 35139 Padova PD",4.9,21.0,5,"{""latitude"": 45.4079926, ""longitude"": 11.8732238}",,347 411 0247,PRICE_LEVEL_INEXPENSIVE,fast_food_restaurant,,True,,,,,,,"[""Monday: 11:00 AM – 1:30 AM"", ""Tuesday: 11:00 AM – 1:30 AM"", ""Wednesday: 11:00 AM – 1:30 AM"", ""Thursday: 11:00 AM – 1:30 AM"", ""Friday: 11:00 AM – 1:30 AM"", ""Saturday: 11:00 AM – 1:30 AM"", ""Sunday: 11:00 AM – 1:30 AM""]"
ChIJK6THh03afkcR6IgS-jLW8U8,Il Tartino,"[""restaurant"", ""food"", ""point_of_interest"", ""establishment""]","Via Seminario, 6, 35122 Padova PD",4.6,341.0,5,"{""latitude"": 45.4018148, ""longitude"": 11.8724627}",,347 127 4319,PRICE_LEVEL_MODERATE,restaurant,False,True,True,False,True,True,True,True,"[""Monday: Closed"", ""Tuesday: 6:30 – 11:00 PM"", ""Wednesday: 6:30 – 11:00 PM"", ""Thursday: 6:30 – 11:00 PM"", ""Friday: 6:30 – 11:00 PM"", ""Saturday: 6:30 – 11:00 PM"", ""Sunday: Closed""]"
ChIJK8uScWXbfkcRVFC_T2UAdrg,BM Fast Food,"[""restaurant"", ""food"", ""point_of_interest"", ""establishment""]","Via Guisto De' Menabuoi, Via Jacopo d'Avanzo, 33, 35132 Padova PD",4.5,21.0,5,"{""latitude"": 45.4184383, ""longitude"": 11.882007300000001}",https://www.facebook.com/BM-Fast-Food-111043708290509/,389 598 7336,PRICE_LEVEL_INEXPENSIVE,restaurant,,True,,,True,True,,,"[""Monday: 8:00 AM – 10:30 PM"", ""Tuesday: 8:00 AM – 10:30 PM"", ""Wednesday: 8:00 AM – 10:30 PM"", ""Thursday: 8:00 AM – 10:30 PM"", ""Friday: 8:00 AM – 10:30 PM"", ""Saturday: 8:00 AM – 10:30 PM"", ""Sunday: 8:00 AM – 10:30 PM""]"
ChIJL-HUfEjFfkcRLMrF-O4jY6c,Opificio Padova,"[""restaurant"", ""wine_bar"", ""cocktail_bar"", ""bar"", ""point_of_interest"", ""food"", ""establishment""]","Via Roma, 131, 35027 Noventa Padovana PD",4.4,930.0,5,"{""latitude"": 45.4120296, ""longitude"": 11.9498685}",https://www.opificiopadova.it/,379 104 7747,PRICE_LEVEL_MODERATE,restaurant,True,True,True,False,True,True,True,True,"[""Monday: 12:30 – 2:30 PM, 6:30 – 11:00 PM"", ""Tuesday: 12:30 – 2:30 PM, 6:30 – 11:00 PM"", ""Wednesday: 12:30 – 2:30 PM, 6:30 – 11:00 PM"", ""Thursday: 12:30 – 2:30 PM, 6:30 – 11:00 PM"", ""Friday: 12:30 – 2:30 PM, 6:30 – 11:00 PM"", ""Saturday: 6:30 – 11:00 PM"", ""Sunday: Closed""]"
ChIJL7_PE1fafkcRgSh4yy4s7hY,Osteria Nane della Giulia,"[""italian_restaurant"", ""restaurant"", ""point_of_interest"", ""food"", ""establishment""]","Via Santa Sofia, 1, 35121 Padova PD",4.3,1946.0,5,"{""latitude"": 45.405091, ""longitude"": 11.881324399999999}",,049 660742,PRICE_LEVEL_EXPENSIVE,italian_restaurant,False,True,True,False,True,True,True,True,"[""Monday: 7:00 PM – 12:00 AM"", ""Tuesday: 12:30 – 3:00 PM, 7:00 PM – 12:00 AM"", ""Wednesday: 12:30 – 3:00 PM, 7:00 PM – 12:00 AM"", ""Thursday: 12:30 – 3:00 PM, 7:00 PM – 12:00 AM"", ""Friday: 12:30 – 3:00 PM, 7:00 PM – 12:00 AM"", ""Saturday: 12:30 – 3:00 PM, 7:00 PM – 12:00 AM"", ""Sunday: 12:30 – 3:00 PM, 7:00 PM – 12:00 AM""]"
ChIJL8a3yQHbfkcROJGaNUfrmZ4,Da Giggino,"[""fast_food_restaurant"", ""italian_restaurant"", ""deli"", ""grocery_store"", ""food_store"", ""store"", ""restaurant"", ""food"", ""point_of_interest"", ""establishment""]","Via S. Francesco, 212, 35121 Padova PD",4.6,503.0,5,"{""latitude"": 45.4025624, ""longitude"": 11.8830567}",https://www.dagiggino.com/,377 707 3860,PRICE_LEVEL_INEXPENSIVE,fast_food_restaurant,True,True,,,True,True,True,False,"[""Monday: 11:00 AM – 8:00 PM"", ""Tuesday: 11:00 AM – 8:00 PM"", ""Wednesday: 11:00 AM – 8:00 PM"", ""Thursday: 11:00 AM – 8:00 PM"", ""Friday: 11:00 AM – 8:00 PM"", ""Saturday: 11:00 AM – 8:00 PM"", ""Sunday: 11:00 AM – 8:00 PM""]"
ChIJL8gOgijafkcR27-g84bSM9U,Perla d'Oriente,"[""chinese_restaurant"", ""restaurant"", ""food"", ""point_of_interest"", ""establishment""]","Via Chiesanuova, 77, 35136 Padova PD",4.4,941.0,5,"{""latitude"": 45.411422699999996, ""longitude"": 11.8430919}",https://perla-doriente.eatbu.com/?lang=it,049 871 2711,PRICE_LEVEL_MODERATE,chinese_restaurant,,True,True,False,True,True,True,True,"[""Monday: 6:00 PM – 12:00 AM"", ""Tuesday: 6:00 PM – 12:00 AM"", ""Wednesday: 11:00 AM – 3:00 PM, 6:00 PM – 12:00 AM"", ""Thursday: 11:00 AM – 3:00 PM, 6:00 PM – 12:00 AM"", ""Friday: 11:00 AM – 3:00 PM, 6:00 PM – 12:00 AM"", ""Saturday: 11:00 AM – 3:00 PM, 6:00 PM – 12:00 AM"", ""Sunday: 11:00 AM – 3:00 PM, 6:00 – 11:00 PM""]"
ChIJLQGJJHbbfkcRPKdKXJCJ6MU,Yami rosticceria cinese,"[""chinese_restaurant"", ""restaurant"", ""food"", ""point_of_interest"", ""establishment""]","Via Giovanni Duprè, 15, 35134 Padova PD",4.6,147.0,5,"{""latitude"": 45.43434200000001, ""longitude"": 11.889192699999999}",,366 449 8571,PRICE_LEVEL_INEXPENSIVE,chinese_restaurant,True,True,True,,True,True,True,,"[""Monday: Closed"", ""Tuesday: 12:00 – 2:00 PM, 6:00 – 10:00 PM"", ""Wednesday: 12:00 – 2:00 PM, 6:00 – 10:00 PM"", ""Thursday: 12:00 – 2:00 PM, 6:00 – 10:00 PM"", ""Friday: 12:00 – 2:00 PM, 6:00 – 10:00 PM"", ""Saturday: 12:00 – 2:00 PM, 6:00 – 10:00 PM"", ""Sunday: 12:00 – 2:00 PM, 6:00 – 10:00 PM""]"
ChIJLU9tt2XafkcRpwkmzK-xsKI,Rosticceria Nove Drago Padova,"[""chinese_restaurant"", ""restaurant"", ""food"", ""point_of_interest"", ""establishment""]","Via Niccolò Pizzolo, 6, 35132 Padova PD",3.8,73.0,5,"{""latitude"": 45.4223724, ""longitude"": 11.886473299999999}",,049 864 1882,PRICE_LEVEL_INEXPENSIVE,chinese_restaurant,True,True,True,False,True,True,True,,"[""Monday: 10:30 AM – 3:00 PM, 6:00 – 10:30 PM"", ""Tuesday: 10:30 AM – 3:00 PM, 6:00 – 10:30 PM"", ""Wednesday: 10:30 AM – 3:00 PM, 6:00 – 10:30 PM"", ""Thursday: 10:30 AM – 3:00 PM, 6:00 – 10:30 PM"", ""Friday: 10:30 AM – 3:00 PM, 6:00 – 10:30 PM"", ""Saturday: 10:30 AM – 3:00 PM, 6:00 – 10:30 PM"", ""Sunday: 10:30 AM – 3:00 PM, 6:00 – 10:30 PM""]"
ChIJLUDgA1DafkcR-dtY0yPNtyA,Osteria Al Peronio,"[""restaurant"", ""food"", ""point_of_interest"", ""establishment""]","Via Stefano Breda, 3, 35139 Padova PD",4.3,593.0,5,"{""latitude"": 45.408011699999996, ""longitude"": 11.8754501}",https://www.alperonio.com/,049 875 6283,PRICE_LEVEL_MODERATE,restaurant,False,True,True,False,True,True,True,True,"[""Monday: Closed"", ""Tuesday: 12:00 – 2:30 PM, 7:00 – 11:00 PM"", ""Wednesday: 12:00 – 2:30 PM, 7:00 – 11:00 PM"", ""Thursday: 12:00 – 2:30 PM, 7:00 – 11:00 PM"", ""Friday: 12:00 – 2:30 PM, 7:00 – 11:00 PM"", ""Saturday: 12:00 – 2:30 PM, 7:00 – 11:00 PM"", ""Sunday: 12:00 – 2:30 PM, 7:00 – 11:00 PM""]"
ChIJLUVBNM7afkcR3Mti9l-nRbA,Cocò KM0 Restaurant & Pizza,"[""restaurant"", ""pizza_restaurant"", ""live_music_venue"", ""meal_takeaway"", ""event_venue"", ""food"", ""point_of_interest"", ""establishment""]","Via Vigonovese, 79/A, 35127 Padova PD",4.4,2825.0,5,"{""latitude"": 45.403879599999996, ""longitude"": 11.9265163}",https://www.ristorantecoco.it/,049 870 5963,PRICE_LEVEL_MODERATE,restaurant,True,True,True,False,True,True,True,True,"[""Monday: 12:15 – 3:00 PM, 7:00 PM – 12:00 AM"", ""Tuesday: 12:15 – 3:00 PM, 7:00 PM – 12:00 AM"", ""Wednesday: 12:15 – 3:00 PM, 7:00 PM – 12:00 AM"", ""Thursday: 12:15 – 3:00 PM, 7:00 PM – 12:00 AM"", ""Friday: 12:15 – 3:00 PM, 7:00 PM – 12:00 AM"", ""Saturday: 7:00 PM – 2:00 AM"", ""Sunday: Closed""]"
ChIJLUvvw0DbfkcRhu5MlZclpSA,Sushi Go,"[""meal_takeaway"", ""restaurant"", ""food"", ""point_of_interest"", ""establishment""]","Via Umberto I, 43, 35122 Padova PD",4.9,31.0,5,"{""latitude"": 45.402166099999995, ""longitude"": 11.875653999999999}",,328 317 7999,PRICE_LEVEL_INEXPENSIVE,meal_takeaway,False,True,,,,,,,"[""Monday: 11:30 AM – 2:30 PM, 5:00 – 10:30 PM"", ""Tuesday: 11:30 AM – 2:30 PM, 5:00 – 10:30 PM"", ""Wednesday: 11:30 AM – 2:30 PM, 5:00 – 10:30 PM"", ""Thursday: 11:30 AM – 2:30 PM, 5:00 – 10:30 PM"", ""Friday: 11:30 AM – 2:30 PM, 5:00 – 10:30 PM"", ""Saturday: 11:30 AM – 2:30 PM, 5:00 – 10:30 PM"", ""Sunday: 11:30 AM – 2:30 PM, 5:00 – 10:30 PM""]"
ChIJLVttLADbfkcReZAAHFBPM5o,DOZO YAKINIKU PADOVA,"[""yakiniku_restaurant"", ""asian_fusion_restaurant"", ""asian_restaurant"", ""sushi_restaurant"", ""barbecue_restaurant"", ""fusion_restaurant"", ""japanese_restaurant"", ""restaurant"", ""food"", ""point_of_interest"", ""establishment""]","Via Montà, 49, 35138 Padova PD",4.6,198.0,5,"{""latitude"": 45.421047099999996, ""longitude"": 11.857883699999999}",https://dozobbq.com/,331 398 2150,PRICE_LEVEL_EXPENSIVE,yakiniku_restaurant,False,True,True,False,True,True,True,True,"[""Monday: 12:00 – 3:00 PM, 7:00 – 11:00 PM"", ""Tuesday: 12:00 – 3:00 PM, 7:00 – 11:00 PM"", ""Wednesday: 12:00 – 3:00 PM, 7:00 – 11:00 PM"", ""Thursday: 12:00 – 3:00 PM, 7:00 – 11:00 PM"", ""Friday: 12:00 – 3:00 PM, 7:00 – 11:00 PM"", ""Saturday: 12:00 – 3:00 PM, 7:00 – 11:30 PM"", ""Sunday: 12:00 – 3:00 PM, 7:00 – 11:30 PM""]"
ChIJLWsDssbRfkcRs2JctcGf-KE,Sushi YoYo Padova,"[""sushi_restaurant"", ""japanese_restaurant"", ""restaurant"", ""food"", ""point_of_interest"", ""establishment""]","Via Fiorita 1/B Cadoneghe, 35010 Padova PD",4.3,441.0,5,"{""latitude"": 45.466128, ""longitude"": 11.89467}",,049 730 2639,PRICE_LEVEL_MODERATE,sushi_restaurant,True,True,True,,True,True,True,True,"[""Monday: 12:00 – 3:00 PM, 7:00 – 11:30 PM"", ""Tuesday: 12:00 – 3:00 PM, 7:00 – 11:30 PM"", ""Wednesday: 12:00 – 3:00 PM, 7:00 – 11:30 PM"", ""Thursday: 12:00 – 3:00 PM, 7:00 – 11:30 PM"", ""Friday: 12:00 – 3:00 PM, 7:00 – 11:30 PM"", ""Saturday: 12:00 – 3:00 PM, 7:00 – 11:30 PM"", ""Sunday: 12:00 – 3:00 PM, 7:00 – 11:30 PM""]"
ChIJLa3j_rDbfkcRApbTngSgAJM,Yama Sushi Padova,"[""japanese_restaurant"", ""restaurant"", ""food"", ""point_of_interest"", ""establishment""]","Via Venezia, 65, 35131 Padova PD",4.3,2473.0,5,"{""latitude"": 45.4122632, ""longitude"": 11.9100977}",http://www.yamasushipadova.it/,049 522 0200,PRICE_LEVEL_MODERATE,japanese_restaurant,True,True,True,False,True,True,True,True,"[""Monday: 12:00 – 3:00 PM, 7:00 – 11:30 PM"", ""Tuesday: 12:00 – 3:00 PM, 7:00 – 11:30 PM"", ""Wednesday: 12:00 – 3:00 PM, 7:00 – 11:30 PM"", ""Thursday: 12:00 – 3:00 PM, 7:00 – 11:30 PM"", ""Friday: 12:00 – 3:00 PM, 7:00 – 11:30 PM"", ""Saturday: 12:00 – 3:00 PM, 7:00 – 11:30 PM"", ""Sunday: 12:00 – 3:00 PM, 7:00 – 11:30 PM""]"
ChIJLwRXbEXafkcRz7Gr-6iaKDE,Imasa,"[""sushi_restaurant"", ""seafood_restaurant"", ""japanese_restaurant"", ""chinese_restaurant"", ""restaurant"", ""food"", ""point_of_interest"", ""establishment""]","Via Giuseppe Verdi, 18, 35139 Padova PD",4.4,524.0,5,"{""latitude"": 45.409342099999996, ""longitude"": 11.873692499999999}",https://www.imasapadova.com/,049 661394,PRICE_LEVEL_MODERATE,sushi_restaurant,,True,True,False,True,True,True,True,"[""Monday: 12:00 – 3:00 PM, 7:00 PM – 12:00 AM"", ""Tuesday: Closed"", ""Wednesday: 12:00 – 3:00 PM, 7:00 PM – 12:00 AM"", ""Thursday: 12:00 – 3:00 PM, 7:00 PM – 12:00 AM"", ""Friday: 12:00 – 3:00 PM, 7:00 PM – 12:00 AM"", ""Saturday: 12:00 – 3:00 PM, 7:00 PM – 12:00 AM"", ""Sunday: 12:00 – 3:00 PM, 7:00 PM – 12:00 AM""]"
ChIJLwXDDHTQfkcRk7qkmLmfPBI,Conamara,"[""gastropub"", ""pub"", ""sandwich_shop"", ""bar"", ""restaurant"", ""point_of_interest"", ""food"", ""establishment""]","Via Madonna del Rosario, 91/A, 35129 Padova PD",4.5,1550.0,5,"{""latitude"": 45.4348069, ""longitude"": 11.9257359}",https://conamara.pub/,049 629510,PRICE_LEVEL_MODERATE,gastropub,True,True,True,False,,True,True,True,"[""Monday: Closed"", ""Tuesday: 6:00 PM – 1:00 AM"", ""Wednesday: 6:00 PM – 1:00 AM"", ""Thursday: 6:00 PM – 1:00 AM"", ""Friday: 6:00 PM – 1:00 AM"", ""Saturday: 6:00 PM – 1:00 AM"", ""Sunday: 6:00 PM – 12:00 AM""]"
ChIJLym2q2vbfkcRxHnTM1F64oY,The Food Hub,"[""restaurant"", ""food"", ""point_of_interest"", ""establishment""]","Prato della Valle, 35123 Padova PD",4.7,3.0,3,"{""latitude"": 45.3967965, ""longitude"": 11.8770118}",,389 097 7352,,restaurant,,True,,,True,,True,,"[""Monday: 12:30 – 2:30 PM, 7:30 – 10:30 PM"", ""Tuesday: 12:30 – 2:30 PM, 7:30 – 10:30 PM"", ""Wednesday: Closed"", ""Thursday: 12:30 – 2:30 PM, 7:30 – 10:30 PM"", ""Friday: 12:30 – 2:30 PM, 7:30 – 10:30 PM"", ""Saturday: 12:30 – 2:30 PM, 7:30 – 10:30 PM"", ""Sunday: 12:30 – 2:30 PM, 7:30 – 10:30 PM""]"
ChIJLzotkLPQfkcRO3jXWrFv9mM,La Casa,"[""italian_restaurant"", ""restaurant"", ""point_of_interest"", ""food"", ""establishment""]","Via Altichiero, 27, 35135 Padova PD",4.5,590.0,5,"{""latitude"": 45.4460459, ""longitude"": 11.8715048}",https://lacasapadova.com/,049 865 4088,PRICE_LEVEL_EXPENSIVE,italian_restaurant,True,True,True,False,True,True,True,True,"[""Monday: Closed"", ""Tuesday: 12:00 – 2:00 PM, 7:00 – 9:30 PM"", ""Wednesday: 12:00 – 2:00 PM, 7:00 – 9:30 PM"", ""Thursday: 12:00 – 2:00 PM, 7:00 – 9:30 PM"", ""Friday: 12:00 – 2:00 PM, 7:00 – 9:30 PM"", ""Saturday: 12:00 – 2:00 PM, 7:00 – 9:30 PM"", ""Sunday: 12:00 – 2:00 PM""]"
ChIJM7ygiFHafkcRkPouNXdDF64,Patavinus Bakery,"[""bakery"", ""cafeteria"", ""dessert_restaurant"", ""pizza_restaurant"", ""breakfast_restaurant"", ""bar"", ""food_store"", ""store"", ""restaurant"", ""food"", ""point_of_interest"", ""establishment""]","Via Roma, 120, 35122 Padova PD",4.4,1555.0,5,"{""latitude"": 45.40356010000001, ""longitude"": 11.8755235}",https://patavinusdegustazioni.it/,049 875 1738,PRICE_LEVEL_MODERATE,bakery,True,True,True,True,True,True,True,True,"[""Monday: 8:00 AM – 3:30 PM"", ""Tuesday: 8:00 AM – 3:30 PM"", ""Wednesday: 8:00 AM – 3:30 PM"", ""Thursday: 8:00 AM – 9:00 PM"", ""Friday: 8:00 AM – 9:00 PM"", ""Saturday: 8:00 AM – 10:00 PM"", ""Sunday: 9:30 AM – 9:00 PM""]"
ChIJM8B-nVTafkcRMvD_sZzwAic,Pizzeria Kebab Al Prato,"[""pizza_restaurant"", ""restaurant"", ""food"", ""point_of_interest"", ""establishment""]","Via Beato Luca Belludi, 19, 35123 Padova PD",4.2,339.0,5,"{""latitude"": 45.3999768, ""longitude"": 11.877966299999999}",,049 733 6766,PRICE_LEVEL_INEXPENSIVE,pizza_restaurant,True,True,True,,True,True,True,False,"[""Monday: 11:00 AM – 2:00 AM"", ""Tuesday: 11:00 AM – 2:00 AM"", ""Wednesday: 11:00 AM – 2:00 AM"", ""Thursday: 11:00 AM – 2:00 AM"", ""Friday: 11:00 AM – 2:00 AM"", ""Saturday: 11:00 AM – 2:00 AM"", ""Sunday: 11:00 AM – 2:00 AM""]"
ChIJMTPrr3jbfkcRdXuAZ2qdAx8,La Pot Hot Pot - 辣尚瘾 LASHANGYIN,"[""hot_pot_restaurant"", ""restaurant"", ""food"", ""point_of_interest"", ""establishment""]","Via Annibale da Bassano, 1, 35135 Padova PD",4.5,426.0,5,"{""latitude"": 45.4192416, ""longitude"": 11.8767698}",https://la-pot-hot-pot-lashangyin.eatbu.com/?lang=it,049 956 0981,PRICE_LEVEL_EXPENSIVE,hot_pot_restaurant,False,True,True,,True,True,True,True,"[""Monday: 12:00 – 3:00 PM, 6:30 – 11:30 PM"", ""Tuesday: 12:00 – 3:00 PM, 6:30 – 11:30 PM"", ""Wednesday: 12:00 – 3:00 PM, 6:30 – 11:30 PM"", ""Thursday: 12:00 – 3:00 PM, 6:30 – 11:30 PM"", ""Friday: 12:00 – 3:00 PM, 6:30 – 11:30 PM"", ""Saturday: 12:00 – 3:00 PM, 6:30 – 11:30 PM"", ""Sunday: 12:00 – 3:00 PM, 6:30 – 11:30 PM""]"
ChIJMeOcdHzZfkcRTvVPkbKVRiY,KANTU ristorante peruviano,"[""peruvian_restaurant"", ""vegetarian_restaurant"", ""restaurant"", ""food"", ""point_of_interest"", ""establishment""]","Via Sette Martiri, 170, 35143 Padova PD",4.6,1657.0,5,"{""latitude"": 45.4008636, ""longitude"": 11.826629599999999}",https://kanturestauranteperuano.it/,049 817 2066,PRICE_LEVEL_EXPENSIVE,peruvian_restaurant,False,True,True,,True,True,True,True,"[""Monday: Closed"", ""Tuesday: 6:00 – 11:45 PM"", ""Wednesday: 6:00 – 11:45 PM"", ""Thursday: 6:00 – 11:45 PM"", ""Friday: 12:00 – 2:30 PM, 6:00 – 11:45 PM"", ""Saturday: 12:00 – 2:30 PM, 6:00 – 11:45 PM"", ""Sunday: 12:00 – 2:30 PM, 6:00 – 11:45 PM""]"
ChIJN-W3hVDafkcR3ihpqf7gW_U,Sushi Kai Padova,"[""sushi_restaurant"", ""meal_takeaway"", ""chinese_restaurant"", ""japanese_restaurant"", ""restaurant"", ""food"", ""point_of_interest"", ""establishment""]","Riviera dei Ponti Romani, 32, 35121 Padova PD",4.3,3241.0,5,"{""latitude"": 45.407306999999996, ""longitude"": 11.878558}",https://www.sushikaipadova.it/,049 663833,PRICE_LEVEL_MODERATE,sushi_restaurant,True,True,True,False,True,True,True,True,"[""Monday: 12:00 – 3:00 PM, 7:00 – 11:00 PM"", ""Tuesday: 12:00 – 3:00 PM, 7:00 – 11:00 PM"", ""Wednesday: 12:00 – 3:00 PM, 7:00 – 11:00 PM"", ""Thursday: 12:00 – 3:00 PM, 7:00 – 11:00 PM"", ""Friday: 12:00 – 3:00 PM, 7:00 – 11:00 PM"", ""Saturday: 12:00 – 3:00 PM, 7:00 – 11:00 PM"", ""Sunday: 12:00 – 3:00 PM, 7:00 – 11:00 PM""]"
ChIJN6X7IFDafkcR1gTqvH83C_0,Pastasuta,"[""restaurant"", ""food"", ""point_of_interest"", ""establishment""]","Sotto Il Salone, 54-55, 35122 Padova PD",4.4,1032.0,5,"{""latitude"": 45.4070895, ""longitude"": 11.8749738}",https://www.instagram.com/pastasutapadova/,392 121 9262,PRICE_LEVEL_MODERATE,restaurant,True,True,False,False,True,True,True,True,"[""Monday: 11:30 AM – 3:30 PM, 5:00 – 9:00 PM"", ""Tuesday: 11:30 AM – 3:30 PM, 5:00 – 9:00 PM"", ""Wednesday: 11:30 AM – 3:30 PM, 5:00 – 9:00 PM"", ""Thursday: 11:30 AM – 3:30 PM, 5:00 – 9:00 PM"", ""Friday: 11:30 AM – 3:30 PM, 5:00 – 9:00 PM"", ""Saturday: 11:30 AM – 9:30 PM"", ""Sunday: 11:30 AM – 9:00 PM""]"
ChIJNQ1odMzbfkcRj0c1L2a8wnM,'Colazione',"[""breakfast_restaurant"", ""asian_restaurant"", ""restaurant"", ""food"", ""point_of_interest"", ""establishment""]","Cavalcavia Borgomagno, 26, 35132 Padova PD",4.5,27.0,5,"{""latitude"": 45.4196617, ""longitude"": 11.8789082}",,377 880 6766,PRICE_LEVEL_INEXPENSIVE,breakfast_restaurant,,True,,True,True,,True,,"[""Monday: 7:30 AM – 7:55 PM"", ""Tuesday: 7:30 AM – 8:35 PM"", ""Wednesday: 7:30 AM – 8:35 PM"", ""Thursday: 7:30 AM – 8:35 PM"", ""Friday: 7:30 AM – 8:35 PM"", ""Saturday: 7:30 AM – 8:35 PM"", ""Sunday: 7:30 AM – 8:35 PM""]"
ChIJNXJLsEXafkcRXEf9hsTpw5w,Ristorante Sant'Agnese,"[""restaurant"", ""food"", ""point_of_interest"", ""establishment""]","V. Ponte Molino, 1, 35137 Padova PD",4.4,223.0,5,"{""latitude"": 45.411247499999995, ""longitude"": 11.873667500000002}",,049 875 8153,PRICE_LEVEL_EXPENSIVE,restaurant,False,True,True,False,True,True,True,True,"[""Monday: 12:30 – 3:00 PM, 7:30 – 11:30 PM"", ""Tuesday: 12:30 – 3:00 PM, 7:30 – 11:30 PM"", ""Wednesday: 12:30 – 3:00 PM, 7:30 – 11:30 PM"", ""Thursday: 12:30 – 3:00 PM, 7:30 – 11:30 PM"", ""Friday: 12:30 – 3:00 PM, 7:30 – 11:30 PM"", ""Saturday: 12:30 – 3:00 PM, 7:30 – 11:30 PM"", ""Sunday: 12:30 – 3:00 PM, 7:30 – 11:30 PM""]"
ChIJNeZ9PXfbfkcRnei9vD--8yg,Ciao- kebab pizza & fast food,"[""kebab_shop"", ""meal_takeaway"", ""fast_food_restaurant"", ""restaurant"", ""food"", ""point_of_interest"", ""establishment""]","Piazzale Mazzini, 61, 35138 Padova PD",4.0,355.0,5,"{""latitude"": 45.414521500000006, ""longitude"": 11.874988000000002}",,049 261 4422,,kebab_shop,True,True,False,False,True,True,False,False,"[""Monday: 12:00 – 11:50 PM"", ""Tuesday: 12:00 – 11:50 PM"", ""Wednesday: 12:00 – 11:50 PM"", ""Thursday: 12:00 – 11:50 PM"", ""Friday: 12:00 PM – 3:00 AM"", ""Saturday: 12:00 PM – 3:00 AM"", ""Sunday: 12:00 – 11:50 PM""]"
ChIJO-bEJQDbfkcRlsuTerGoVDw,Il Padovano,"[""restaurant"", ""food"", ""point_of_interest"", ""establishment""]","Via Martiri della Libertà, 17/19, 35137 Padova PD",4.4,119.0,5,"{""latitude"": 45.4106478, ""longitude"": 11.876038}",https://ilpadovanodrinkfood.it/,049 876 0441,PRICE_LEVEL_INEXPENSIVE,restaurant,False,True,True,True,True,True,True,True,"[""Monday: 7:00 AM – 4:00 PM"", ""Tuesday: 7:00 AM – 4:00 PM"", ""Wednesday: 7:00 AM – 4:00 PM"", ""Thursday: 7:00 AM – 4:00 PM"", ""Friday: 7:00 AM – 4:00 PM"", ""Saturday: 7:00 AM – 4:00 PM"", ""Sunday: Closed""]"
ChIJO9ccdUvbfkcRtQYgeaYH0m0,Hamerica's via Gozzi (PD),"[""american_restaurant"", ""restaurant"", ""food"", ""point_of_interest"", ""establishment""]","Via Gaspare Gozzi, 2, 35131 Padova PD",4.1,1587.0,5,"{""latitude"": 45.412073799999995, ""longitude"": 11.8828479}",http://www.hamericas.com/,049 214 9926,PRICE_LEVEL_MODERATE,american_restaurant,True,True,True,False,True,True,True,True,"[""Monday: 12:00 – 3:00 PM, 7:00 – 11:00 PM"", ""Tuesday: 12:00 – 3:00 PM, 7:00 – 11:00 PM"", ""Wednesday: 12:00 – 3:00 PM, 7:00 – 11:00 PM"", ""Thursday: 12:00 – 3:00 PM, 7:00 – 11:00 PM"", ""Friday: 12:00 – 3:00 PM, 7:00 – 11:00 PM"", ""Saturday: 12:00 – 3:00 PM, 7:00 – 11:00 PM"", ""Sunday: 12:00 – 3:00 PM, 7:00 – 11:00 PM""]"
ChIJO9xW4azbfkcRf1txV5-S1dQ,Sl Food Cucina Tipica Sri Lanka,"[""sri_lankan_restaurant"", ""kebab_shop"", ""restaurant"", ""food"", ""point_of_interest"", ""establishment""]","Corso Vittorio Emanuele II, 28, 35123 Padova PD",3.9,86.0,5,"{""latitude"": 45.3972926, ""longitude"": 11.8739714}",,331 755 4760,PRICE_LEVEL_INEXPENSIVE,sri_lankan_restaurant,True,True,True,,True,True,True,,"[""Monday: Closed"", ""Tuesday: 11:00 AM – 10:00 PM"", ""Wednesday: 11:00 AM – 10:00 PM"", ""Thursday: 11:00 AM – 10:00 PM"", ""Friday: 11:00 AM – 10:00 PM"", ""Saturday: 11:00 AM – 10:00 PM"", ""Sunday: 11:00 AM – 10:00 PM""]"
ChIJORN_mdnbfkcRq7g9fQtODbE,Rasa multi cuisine restaurant,"[""indian_restaurant"", ""restaurant"", ""food"", ""point_of_interest"", ""establishment""]","Via T. Aspetti, 51, 35132 Padova PD",4.8,443.0,5,"{""latitude"": 45.4211105, ""longitude"": 11.8813044}",,379 318 9323,PRICE_LEVEL_MODERATE,indian_restaurant,True,True,True,,True,True,True,True,"[""Monday: Closed"", ""Tuesday: 11:00 AM – 2:30 PM, 6:00 – 10:30 PM"", ""Wednesday: 11:30 AM – 2:30 PM, 6:30 – 10:30 PM"", ""Thursday: 11:30 AM – 2:30 PM, 6:00 – 10:30 PM"", ""Friday: 11:30 AM – 2:30 PM, 6:00 – 10:30 PM"", ""Saturday: 11:00 AM – 2:30 PM, 6:00 – 10:30 PM"", ""Sunday: 11:30 AM – 2:30 PM, 6:00 – 10:30 PM""]"
ChIJOXGASE7afkcR1NgjX22AjP4,Bacaro Padovano,"[""italian_restaurant"", ""restaurant"", ""food"", ""point_of_interest"", ""establishment""]","Via S. Gregorio Barbarigo, 3, 35141 Padova PD",4.6,2078.0,5,"{""latitude"": 45.405452, ""longitude"": 11.872472}",http://www.bacaropadovano.com/,049 876 2777,PRICE_LEVEL_EXPENSIVE,italian_restaurant,False,True,True,False,True,True,True,True,"[""Monday: 7:00 PM – 12:00 AM"", ""Tuesday: Closed"", ""Wednesday: 7:00 PM – 12:00 AM"", ""Thursday: 7:00 PM – 12:00 AM"", ""Friday: 12:00 – 3:30 PM, 7:00 PM – 12:00 AM"", ""Saturday: 12:00 – 3:30 PM, 7:00 PM – 12:00 AM"", ""Sunday: 12:00 – 3:30 PM""]"
ChIJOa3AdgDbfkcRCmQx7hvkbs4,Bacio di Dama,"[""bistro"", ""restaurant"", ""food"", ""point_of_interest"", ""establishment""]","Via Francesco Marzolo, 30/32, 35131 Padova PD",4.5,63.0,5,"{""latitude"": 45.4088651, ""longitude"": 11.889307500000001}",https://www.baciodidamaristobistrot.it/,049 876 6353,PRICE_LEVEL_INEXPENSIVE,bistro,True,True,True,True,True,,True,True,"[""Monday: 7:00 AM – 7:30 PM"", ""Tuesday: 7:00 AM – 7:30 PM"", ""Wednesday: 7:00 AM – 7:30 PM"", ""Thursday: 7:00 AM – 7:30 PM"", ""Friday: 7:00 AM – 7:30 PM"", ""Saturday: 7:00 AM – 2:00 PM"", ""Sunday: Closed""]"
ChIJOcS6nS3bfkcRf1dJ4Nf8CVo,Crazy Tuna Sotto il Salone,"[""meal_takeaway"", ""restaurant"", ""food"", ""point_of_interest"", ""establishment""]","Sotto Il Salone, 19, 35122 Padova PD",5.0,56.0,5,"{""latitude"": 45.4072248, ""longitude"": 11.8749399}",https://www.crazytunas.com/,334 993 9180,PRICE_LEVEL_MODERATE,meal_takeaway,True,True,,,,,,,"[""Monday: Closed"", ""Tuesday: 11:30 AM – 2:00 PM, 7:00 – 10:00 PM"", ""Wednesday: 11:30 AM – 2:00 PM, 7:00 – 10:00 PM"", ""Thursday: 11:30 AM – 2:00 PM, 7:00 – 10:00 PM"", ""Friday: 11:30 AM – 2:00 PM, 7:00 – 10:00 PM"", ""Saturday: 11:30 AM – 2:00 PM, 7:00 – 10:00 PM"", ""Sunday: Closed""]"
ChIJOd0t9ybbfkcRbUlRc9TxMXE,ravioleria cinese ristorante,"[""dumpling_restaurant"", ""restaurant"", ""food"", ""point_of_interest"", ""establishment""]","Piazza della Frutta, 5, 35122 Padova PD",4.8,91.0,5,"{""latitude"": 45.4074501, ""longitude"": 11.8754241}",,389 019 0323,PRICE_LEVEL_INEXPENSIVE,dumpling_restaurant,,True,True,,True,True,True,,"[""Monday: 11:00 AM – 11:00 PM"", ""Tuesday: 11:00 AM – 11:00 PM"", ""Wednesday: 11:00 AM – 11:00 PM"", ""Thursday: 11:00 AM – 11:00 PM"", ""Friday: 11:00 AM – 12:00 AM"", ""Saturday: 11:00 AM – 12:00 AM"", ""Sunday: 12:00 – 10:00 PM""]"
ChIJOepjVV3afkcRAQ5K3kfTe5s,Natoo | Healthy All The Way,"[""bar"", ""restaurant"", ""point_of_interest"", ""food"", ""establishment""]","Piazzale della Stazione, 35131 Padova PD",4.5,518.0,5,"{""latitude"": 45.4173901, ""longitude"": 11.880084}",,049 650467,PRICE_LEVEL_INEXPENSIVE,restaurant,False,True,False,True,True,,,,"[""Monday: 6:00 AM – 6:30 PM"", ""Tuesday: 6:00 AM – 6:30 PM"", ""Wednesday: 6:00 AM – 6:30 PM"", ""Thursday: 6:00 AM – 6:30 PM"", ""Friday: 6:00 AM – 6:30 PM"", ""Saturday: 7:00 AM – 7:00 PM"", ""Sunday: 8:00 AM – 7:00 PM""]"
ChIJP-ZEOlTafkcRFi8zBVerMvg,Soul Kitchen,"[""hamburger_restaurant"", ""fast_food_restaurant"", ""american_restaurant"", ""bar"", ""restaurant"", ""food"", ""point_of_interest"", ""establishment""]","Via del Santo, 23, 35123 Padova PD",4.7,1861.0,5,"{""latitude"": 45.40521, ""longitude"": 11.879434999999999}",,049 664818,PRICE_LEVEL_MODERATE,hamburger_restaurant,True,True,True,False,True,True,True,True,"[""Monday: Closed"", ""Tuesday: 12:00 – 2:30 PM, 7:00 – 10:30 PM"", ""Wednesday: 12:00 – 2:30 PM, 7:00 – 10:30 PM"", ""Thursday: 12:00 – 2:30 PM, 7:00 – 10:30 PM"", ""Friday: 12:00 – 2:30 PM, 7:00 – 10:30 PM"", ""Saturday: 12:00 – 2:30 PM, 7:00 – 10:30 PM"", ""Sunday: 7:00 – 10:30 PM""]"
ChIJP1Ea5NDbfkcRnzBx1e59Bak,Ginkgo Sushi Ristorante,"[""sushi_restaurant"", ""japanese_restaurant"", ""meal_takeaway"", ""chinese_restaurant"", ""restaurant"", ""food"", ""point_of_interest"", ""establishment""]","Via Altichieri da Zevio, 67, 35132 Padova PD",4.4,1374.0,5,"{""latitude"": 45.420056599999995, ""longitude"": 11.895392}",https://ginkgosushi.com/,328 979 0680,PRICE_LEVEL_MODERATE,sushi_restaurant,True,True,True,,True,True,True,True,"[""Monday: 12:00 – 3:30 PM, 7:00 – 11:00 PM"", ""Tuesday: 12:00 – 3:30 PM, 7:00 – 11:00 PM"", ""Wednesday: 12:00 – 3:30 PM, 7:00 – 11:00 PM"", ""Thursday: 12:00 – 3:30 PM, 7:00 – 11:00 PM"", ""Friday: 12:00 – 3:30 PM, 7:00 – 11:00 PM"", ""Saturday: 12:00 – 3:30 PM, 7:00 – 11:00 PM"", ""Sunday: 12:00 – 3:30 PM, 7:00 – 11:00 PM""]"
ChIJP3oZpUjafkcRu0gxTJMAYxs,Darvish,"[""persian_restaurant"", ""indian_restaurant"", ""restaurant"", ""food"", ""point_of_interest"", ""establishment""]","Riviera Albertino Mussato, 85, 35139 Padova PD",4.5,500.0,5,"{""latitude"": 45.408392400000004, ""longitude"": 11.868335}",https://www.ristorantedarvish.com/?utm_source=ig&utm_medium=social&utm_content=link_in_bio&fbclid=PAb21jcAR-40dleHRuA2FlbQIxMQBzcnRjBmFwcF9pZA81NjcwNjczNDMzNTI0MjcAAafCDNB72U4d0dw2oB49OOp_emtWl7t-sAW1T2ThffOT-bwTZ-2mle4cPmz9OQ_aem_njoSKAEWNT52rjU8_JfUHw,049 664048,PRICE_LEVEL_MODERATE,persian_restaurant,False,True,True,False,True,True,True,True,"[""Monday: 7:00 – 11:30 PM"", ""Tuesday: 7:00 – 11:30 PM"", ""Wednesday: 7:00 – 11:30 PM"", ""Thursday: 7:00 – 11:30 PM"", ""Friday: 12:30 – 3:00 PM, 7:00 – 11:30 PM"", ""Saturday: 12:30 – 3:00 PM, 7:00 – 11:30 PM"", ""Sunday: 12:30 – 3:00 PM, 7:00 – 10:30 PM""]"
ChIJP40p4BnbfkcRj_9J0x95zRo,Yume | La via Zen del Ramen,"[""ramen_restaurant"", ""japanese_restaurant"", ""restaurant"", ""food"", ""point_of_interest"", ""establishment""]","Via S. Francesco, 64, 35121 Padova PD",4.6,344.0,5,"{""latitude"": 45.4056667, ""longitude"": 11.8794872}",https://www.yumeramen.it/padova,393 049 5971,PRICE_LEVEL_MODERATE,ramen_restaurant,False,True,True,,True,True,True,False,"[""Monday: 7:30 – 10:00 PM"", ""Tuesday: 7:30 – 10:00 PM"", ""Wednesday: 7:30 – 10:00 PM"", ""Thursday: 7:30 – 10:00 PM"", ""Friday: 7:30 – 10:00 PM"", ""Saturday: 7:30 – 10:00 PM"", ""Sunday: 7:30 – 10:00 PM""]"
ChIJP622RBrRfkcRQEydnppqAno,Ristorante Da Dotto,"[""italian_restaurant"", ""restaurant"", ""food"", ""point_of_interest"", ""establishment""]","Via Giovanni Randaccio, 4, 35129 Padova PD",4.5,209.0,5,"{""latitude"": 45.4323882, ""longitude"": 11.9357172}",https://ristorantedadotto.it/,049 625660,PRICE_LEVEL_MODERATE,italian_restaurant,False,True,True,,True,True,True,True,"[""Monday: 12:00 – 3:00 PM, 7:00 – 11:00 PM"", ""Tuesday: 12:00 – 3:00 PM, 7:00 – 11:00 PM"", ""Wednesday: 12:00 – 3:00 PM, 7:00 – 11:00 PM"", ""Thursday: 12:00 – 3:00 PM, 7:00 – 11:00 PM"", ""Friday: 12:00 – 3:00 PM, 7:00 – 11:00 PM"", ""Saturday: 12:00 – 3:00 PM, 7:00 PM – 12:00 AM"", ""Sunday: 12:00 – 3:00 PM, 7:00 – 11:00 PM""]"
ChIJP8f_LgDbfkcR_Xm0i6-6ayI,L’Antica Pizzeria Da Michele Padova,"[""pizza_restaurant"", ""restaurant"", ""food"", ""point_of_interest"", ""establishment""]","Piazza Eremitani, 2, 35121 Padova PD",4.3,1918.0,5,"{""latitude"": 45.4101898, ""longitude"": 11.8789473}",https://damichelepadova.com/,049 688 4092,PRICE_LEVEL_MODERATE,pizza_restaurant,True,True,True,,True,True,True,True,"[""Monday: 12:00 – 3:00 PM, 7:00 – 11:30 PM"", ""Tuesday: 12:00 – 3:00 PM, 7:00 – 11:30 PM"", ""Wednesday: 12:00 – 3:00 PM, 7:00 – 11:30 PM"", ""Thursday: 12:00 – 3:00 PM, 7:00 – 11:30 PM"", ""Friday: 12:00 – 3:00 PM, 7:00 – 11:30 PM"", ""Saturday: 12:00 – 11:30 PM"", ""Sunday: 12:00 – 11:30 PM""]"
ChIJPTRpx3jbfkcRx5Gv5a-P484,Ristorante Da Attilio,"[""italian_restaurant"", ""restaurant"", ""food"", ""point_of_interest"", ""establishment""]","Via Guizza Conselvana, 381, 35125 Padova PD",4.4,524.0,5,"{""latitude"": 45.3629481, ""longitude"": 11.871148}",,049 684687,PRICE_LEVEL_EXPENSIVE,italian_restaurant,False,True,True,False,True,True,True,True,"[""Monday: Closed"", ""Tuesday: Closed"", ""Wednesday: Closed"", ""Thursday: 12:00 – 2:00 PM, 8:00 – 10:00 PM"", ""Friday: 12:00 – 2:00 PM, 8:00 – 10:00 PM"", ""Saturday: 8:00 – 10:00 PM"", ""Sunday: 12:00 – 2:00 PM""]"
ChIJPTUJOQHbfkcRzT2nZaLygVg,Sole di Pizza,"[""pizza_restaurant"", ""meal_takeaway"", ""restaurant"", ""food"", ""point_of_interest"", ""establishment""]","Via Pier Paolo Vergerio, 48, 35126 Padova PD",3.9,131.0,5,"{""latitude"": 45.393503599999995, ""longitude"": 11.8855759}",https://soledipizza.eatbu.com/,049 688 5263,PRICE_LEVEL_INEXPENSIVE,meal_takeaway,True,,True,,,,,,"[""Monday: 10:00 AM – 10:30 PM"", ""Tuesday: 10:00 AM – 10:30 PM"", ""Wednesday: 10:00 AM – 10:30 PM"", ""Thursday: 10:00 AM – 10:30 PM"", ""Friday: 10:00 AM – 10:30 PM"", ""Saturday: 10:00 AM – 10:30 PM"", ""Sunday: 10:00 AM – 10:30 PM""]"
ChIJPX0oUjjafkcR8C46z0sMzps,Pizzeria Piadineria Più Gusti,"[""pizza_restaurant"", ""kebab_shop"", ""restaurant"", ""food"", ""point_of_interest"", ""establishment""]","Via Piave, 19A, 35138 Padova PD",4.2,160.0,5,"{""latitude"": 45.4114259, ""longitude"": 11.8613801}",http://www.piugusti-padova.it/,049 872 5445,PRICE_LEVEL_INEXPENSIVE,pizza_restaurant,True,True,,False,True,True,True,False,"[""Monday: 11:30 AM – 11:00 PM"", ""Tuesday: 11:30 AM – 11:00 PM"", ""Wednesday: 11:30 AM – 11:00 PM"", ""Thursday: 11:30 AM – 11:00 PM"", ""Friday: 11:30 AM – 12:00 AM"", ""Saturday: 11:30 AM – 12:00 AM"", ""Sunday: 11:30 AM – 12:00 AM""]"
ChIJPXvWJ8nbfkcR00HBbbd7MNI,Ravioleria al Portello,"[""asian_restaurant"", ""restaurant"", ""food"", ""point_of_interest"", ""establishment""]","Via Ognissanti, 22, 35131 Padova PD",4.5,227.0,5,"{""latitude"": 45.4070319, ""longitude"": 11.8930881}",,388 172 0702,PRICE_LEVEL_INEXPENSIVE,asian_restaurant,,True,,,True,True,,,"[""Monday: 11:30 AM – 3:00 PM, 6:00 – 10:00 PM"", ""Tuesday: 11:30 AM – 3:00 PM, 6:00 – 10:00 PM"", ""Wednesday: 11:30 AM – 3:00 PM, 6:00 – 10:00 PM"", ""Thursday: 11:30 AM – 3:00 PM, 6:00 – 10:00 PM"", ""Friday: 11:30 AM – 3:00 PM, 6:00 – 10:00 PM"", ""Saturday: 11:30 AM – 3:00 PM, 6:00 – 10:00 PM"", ""Sunday: Closed""]"
ChIJPamMuaTQfkcRkvfp3adyR5s,L'abbuffata Ristorante Pizzeria,"[""italian_restaurant"", ""pizza_restaurant"", ""restaurant"", ""food"", ""point_of_interest"", ""establishment""]","Via Altichiero, 32, 35135 Padova PD",4.1,791.0,5,"{""latitude"": 45.4470034, ""longitude"": 11.8722861}",http://www.abbuffataristorante.it/,049 611206,PRICE_LEVEL_MODERATE,italian_restaurant,True,True,True,False,True,True,True,True,"[""Monday: 12:00 – 2:30 PM, 7:00 – 11:00 PM"", ""Tuesday: 12:00 – 2:30 PM, 7:00 – 11:00 PM"", ""Wednesday: 12:00 – 2:30 PM"", ""Thursday: 12:00 – 2:30 PM, 7:00 – 11:00 PM"", ""Friday: 12:00 – 2:30 PM, 7:00 – 11:00 PM"", ""Saturday: 12:00 – 2:30 PM, 7:00 PM – 12:00 AM"", ""Sunday: Closed""]"
ChIJQR9o0zTafkcRA76TSnrQuiw,Fastdrink24,"[""restaurant"", ""hamburger_restaurant"", ""pizza_restaurant"", ""meal_takeaway"", ""bar"", ""american_restaurant"", ""point_of_interest"", ""food"", ""establishment""]","Via Sorio, 64/A, 35141 Padova PD",4.2,773.0,5,"{""latitude"": 45.4007133, ""longitude"": 11.8562201}",http://www.fastdrink24.it/,345 173 7833,PRICE_LEVEL_MODERATE,restaurant,True,True,True,False,,True,True,True,"[""Monday: 6:30 PM – 2:30 AM"", ""Tuesday: 6:30 PM – 2:30 AM"", ""Wednesday: 6:30 PM – 2:30 AM"", ""Thursday: 6:30 PM – 2:30 AM"", ""Friday: 6:30 PM – 4:00 AM"", ""Saturday: 6:30 PM – 4:00 AM"", ""Sunday: 6:30 PM – 2:30 AM""]"
ChIJQbuFTwDbfkcR2eYerdn2oaE,Baba Food,"[""kebab_shop"", ""shawarma_restaurant"", ""halal_restaurant"", ""middle_eastern_restaurant"", ""restaurant"", ""food"", ""point_of_interest"", ""establishment""]","Via Cernaia, 62A, 35141 Padova PD",4.9,246.0,5,"{""latitude"": 45.3997812, ""longitude"": 11.863517}",,049 221 2886,PRICE_LEVEL_INEXPENSIVE,kebab_shop,True,True,True,False,True,True,True,False,"[""Monday: 6:30 – 10:30 PM"", ""Tuesday: Closed"", ""Wednesday: 6:30 – 11:30 PM"", ""Thursday: 6:30 – 11:30 PM"", ""Friday: 6:30 – 11:30 PM"", ""Saturday: 6:30 – 11:30 PM"", ""Sunday: 6:30 – 11:30 PM""]"
ChIJR0-bw_7ZfkcR16MAgw7OacI,Ciokkolatte Il Gelato che Meriti - Padova,"[""ice_cream_shop"", ""dessert_shop"", ""confectionery"", ""restaurant"", ""food_store"", ""store"", ""point_of_interest"", ""food"", ""establishment""]","Piazza dei Signori, 27, 35139 Padova PD",4.7,971.0,5,"{""latitude"": 45.4079749, ""longitude"": 11.8731291}",http://www.ciokkolatte.it/,049 205 1325,,ice_cream_shop,True,True,,,,,,,"[""Monday: 12:00 – 11:00 PM"", ""Tuesday: 12:00 – 11:00 PM"", ""Wednesday: 12:00 – 11:00 PM"", ""Thursday: 12:00 – 11:00 PM"", ""Friday: 12:00 PM – 12:30 AM"", ""Saturday: 11:00 AM – 12:30 AM"", ""Sunday: 11:00 AM – 11:30 PM""]"
ChIJR2FuTU_bfkcR6xwXKpQnGmw,DìVi Coffee & co.,"[""bistro"", ""restaurant"", ""food"", ""point_of_interest"", ""establishment""]","Via Francesco Marzolo, 17/D, 35131 Padova PD",4.2,618.0,5,"{""latitude"": 45.408679199999995, ""longitude"": 11.8918029}",http://www.divicoffeeandco.com/,375 628 3570,PRICE_LEVEL_INEXPENSIVE,bistro,True,True,True,True,True,,True,True,"[""Monday: 10:00 AM – 2:00 AM"", ""Tuesday: 10:00 AM – 2:00 AM"", ""Wednesday: 10:00 AM – 2:00 AM"", ""Thursday: 10:00 AM – 2:00 AM"", ""Friday: 10:00 AM – 2:00 AM"", ""Saturday: 10:00 AM – 2:00 AM"", ""Sunday: 4:00 PM – 12:00 AM""]"
ChIJR7KOCF_afkcRZEPSzXZqe_E,Zushi Padova,"[""sushi_restaurant"", ""vegetarian_restaurant"", ""seafood_restaurant"", ""japanese_restaurant"", ""restaurant"", ""food"", ""point_of_interest"", ""establishment""]","Via Niccolò Tommaseo, 76/A, 35100 Padova PD",4.3,1018.0,5,"{""latitude"": 45.4136601, ""longitude"": 11.8879831}",https://www.zushi.eu/,049 663488,PRICE_LEVEL_EXPENSIVE,sushi_restaurant,True,True,True,False,True,True,True,True,"[""Monday: 12:00 – 3:00 PM, 7:00 – 11:00 PM"", ""Tuesday: 12:00 – 3:00 PM, 7:00 – 11:00 PM"", ""Wednesday: 12:00 – 3:00 PM, 7:00 – 11:00 PM"", ""Thursday: 12:00 – 3:00 PM, 7:00 – 11:00 PM"", ""Friday: 12:00 – 3:00 PM, 7:00 – 11:00 PM"", ""Saturday: 12:00 – 3:00 PM, 7:00 – 11:00 PM"", ""Sunday: 7:00 – 11:00 PM""]"
ChIJRWjKsWXafkcR4Up98JcMNAE,Adam Pizza e Kebab,"[""kebab_shop"", ""restaurant"", ""food"", ""point_of_interest"", ""establishment""]","Via T. Aspetti, 140, 35132 Padova PD",3.8,214.0,5,"{""latitude"": 45.4232243, ""longitude"": 11.884165699999999}",,327 611 1262,PRICE_LEVEL_INEXPENSIVE,kebab_shop,True,True,,,True,True,True,False,"[""Monday: Open 24 hours"", ""Tuesday: Open 24 hours"", ""Wednesday: Open 24 hours"", ""Thursday: Open 24 hours"", ""Friday: Open 24 hours"", ""Saturday: 11:00 AM – 2:30 PM, 5:00 PM – 2:00 AM"", ""Sunday: 11:00 AM – 2:30 PM, 5:00 PM – 12:00 AM""]"
ChIJR_qWrznafkcR9uT7CqMsD_g,Trattoria Tre Scalini,"[""restaurant"", ""seafood_restaurant"", ""food"", ""point_of_interest"", ""establishment""]","Via Vicenza, 16B, 35138 Padova PD",4.0,653.0,5,"{""latitude"": 45.4116309, ""longitude"": 11.8607119}",,049 872 2943,PRICE_LEVEL_MODERATE,restaurant,True,True,True,True,True,True,True,True,"[""Monday: 7:30 AM – 11:00 PM"", ""Tuesday: 7:30 AM – 11:00 PM"", ""Wednesday: 7:30 AM – 11:00 PM"", ""Thursday: 7:30 AM – 11:00 PM"", ""Friday: 7:30 AM – 11:00 PM"", ""Saturday: 7:30 AM – 11:00 PM"", ""Sunday: Closed""]"
ChIJRbZj_yvbfkcR7Lc_D40hBM4,Shiva Indian Takeaway,"[""meal_takeaway"", ""restaurant"", ""food"", ""point_of_interest"", ""establishment""]","Via S. Francesco, 214, 35121 Padova PD",4.7,234.0,5,"{""latitude"": 45.4024148, ""longitude"": 11.8831673}",http://www.shivapadova.com/,380 768 2552,PRICE_LEVEL_MODERATE,meal_takeaway,True,,True,,True,True,False,,"[""Monday: Closed"", ""Tuesday: 11:30 AM – 4:30 PM, 6:00 – 10:00 PM"", ""Wednesday: 11:30 AM – 4:30 PM, 6:00 – 10:00 PM"", ""Thursday: 11:30 AM – 4:30 PM, 6:00 – 10:00 PM"", ""Friday: 11:30 AM – 4:30 PM, 6:00 – 10:00 PM"", ""Saturday: 11:30 AM – 4:30 PM, 6:00 – 10:00 PM"", ""Sunday: 11:30 AM – 4:30 PM, 6:00 – 10:00 PM""]"
ChIJSU4lP_fafkcRjZWfJf7CXj0,Antica Pasticceria Manzato,"[""dessert_restaurant"", ""restaurant"", ""food"", ""point_of_interest"", ""establishment""]","Via del Portello, 12, 35131 Padova PD",4.6,340.0,5,"{""latitude"": 45.407668, ""longitude"": 11.8924}",,049 807 1060,PRICE_LEVEL_INEXPENSIVE,dessert_restaurant,False,True,,True,,,,,"[""Monday: 7:00 AM – 6:00 PM"", ""Tuesday: 7:00 AM – 6:00 PM"", ""Wednesday: 7:00 AM – 6:00 PM"", ""Thursday: 7:00 AM – 6:00 PM"", ""Friday: 7:00 AM – 6:00 PM"", ""Saturday: Closed"", ""Sunday: 8:00 AM – 1:00 PM""]"
ChIJSarkcFbbfkcR61q7tpu0UYo,Rispolina pizza e food,"[""pizza_restaurant"", ""restaurant"", ""point_of_interest"", ""food"", ""establishment""]","Via Michelangelo Buonarroti, 35134 Padova PD",4.7,47.0,5,"{""latitude"": 45.423491500000004, ""longitude"": 11.8782766}",,347 143 1592,PRICE_LEVEL_MODERATE,pizza_restaurant,True,True,True,False,True,True,True,True,"[""Monday: 12:00 – 2:30 PM, 6:00 – 10:30 PM"", ""Tuesday: Closed"", ""Wednesday: 12:00 – 2:30 PM, 6:00 – 10:40 PM"", ""Thursday: 12:00 – 2:30 PM, 6:00 – 10:40 PM"", ""Friday: 12:00 – 2:30 PM, 6:00 – 11:00 PM"", ""Saturday: 12:00 – 2:00 PM, 6:00 – 11:00 PM"", ""Sunday: 12:00 – 2:30 PM, 6:00 – 10:30 PM""]"
ChIJSd1lrifbfkcR6pD5q4whX-0,Trattoria da Crak,"[""restaurant"", ""vegan_restaurant"", ""vegetarian_restaurant"", ""food"", ""point_of_interest"", ""establishment""]","Via Rolando da Piazzola, 23, 35139 Padova PD",4.4,125.0,5,"{""latitude"": 45.410668, ""longitude"": 11.8718836}",https://www.crakbrewery.com/trattoria-da-crak/,049 742 3095,PRICE_LEVEL_EXPENSIVE,restaurant,False,True,True,False,False,True,True,True,"[""Monday: Closed"", ""Tuesday: 7:45 PM – 12:00 AM"", ""Wednesday: 7:45 PM – 12:00 AM"", ""Thursday: 7:45 PM – 12:00 AM"", ""Friday: 7:45 PM – 12:00 AM"", ""Saturday: 7:45 PM – 12:00 AM"", ""Sunday: Closed""]"
ChIJSw_j1mrbfkcR2HKzIAwxtzQ,Boho Padova Ristorante,"[""fusion_restaurant"", ""restaurant"", ""food"", ""point_of_interest"", ""establishment""]","Vicolo Pontecorvo, 1, 35121 Padova PD",4.6,609.0,5,"{""latitude"": 45.4016719, ""longitude"": 11.8840924}",http://www.bohopadova.it/,345 929 1193,PRICE_LEVEL_EXPENSIVE,fusion_restaurant,False,True,True,,True,True,True,True,"[""Monday: Closed"", ""Tuesday: 12:00 – 3:00 PM, 6:00 – 10:30 PM"", ""Wednesday: 12:00 – 3:00 PM, 6:00 – 11:00 PM"", ""Thursday: 12:00 – 3:00 PM, 6:00 – 11:00 PM"", ""Friday: 12:00 – 3:00 PM, 6:00 – 11:00 PM"", ""Saturday: 12:00 – 3:00 PM, 6:30 – 11:00 PM"", ""Sunday: 12:00 – 2:30 PM""]"
ChIJSzIFeerafkcROxLbcD3dWZo,Wok Sushi,"[""chinese_restaurant"", ""sushi_restaurant"", ""japanese_restaurant"", ""restaurant"", ""food"", ""point_of_interest"", ""establishment""]","Via della Croce Rossa, 66, 35129 Padova PD",3.8,2897.0,5,"{""latitude"": 45.4098915, ""longitude"": 11.911033999999999}",https://woksushipadova.com/,049 738 8084,PRICE_LEVEL_MODERATE,chinese_restaurant,False,True,True,False,True,True,True,True,"[""Monday: 12:00 – 3:00 PM, 7:00 – 11:00 PM"", ""Tuesday: 12:00 – 3:00 PM, 7:00 – 11:00 PM"", ""Wednesday: 12:00 – 3:00 PM, 7:00 – 11:00 PM"", ""Thursday: 12:00 – 3:00 PM, 7:00 – 11:00 PM"", ""Friday: 12:00 – 3:00 PM, 7:00 – 11:00 PM"", ""Saturday: 12:00 – 3:00 PM, 7:00 – 11:00 PM"", ""Sunday: 12:00 – 3:00 PM, 7:00 – 11:00 PM""]"
ChIJT3buiYbbfkcR22Ne2qA1jpY,Nautilus fish & wine,"[""seafood_restaurant"", ""catering_service"", ""food_delivery"", ""restaurant"", ""food"", ""point_of_interest"", ""service"", ""establishment""]","Via Francesco Petrarca, 18, 35137 Padova PD",5.0,32.0,5,"{""latitude"": 45.4128876, ""longitude"": 11.8735336}",https://www.nautilus-fish-wine.it/,348 761 1067,PRICE_LEVEL_EXPENSIVE,seafood_restaurant,True,True,True,,True,True,False,True,"[""Monday: 7:00 – 11:00 PM"", ""Tuesday: Closed"", ""Wednesday: 12:00 – 2:30 PM, 7:30 – 11:00 PM"", ""Thursday: 12:00 – 2:30 PM, 7:30 – 11:00 PM"", ""Friday: 12:00 – 2:30 PM, 7:30 – 11:00 PM"", ""Saturday: 12:00 – 2:30 PM, 7:30 – 11:00 PM"", ""Sunday: 12:00 – 2:30 PM, 7:30 – 11:00 PM""]"
ChIJT3yUAKnbfkcRBH3rrGZ7zN0,Idea Pizza Arcella,"[""pizza_delivery"", ""meal_delivery"", ""meal_takeaway"", ""food_delivery"", ""restaurant"", ""food"", ""point_of_interest"", ""establishment""]","Via Luigi Pierobon, 14, 35132 Padova PD",4.7,142.0,5,"{""latitude"": 45.427562099999996, ""longitude"": 11.894003099999999}",https://arcella.ideapizza.it/,049 619642,PRICE_LEVEL_INEXPENSIVE,pizza_delivery,True,,,,,,,,"[""Monday: 7:00 – 10:00 PM"", ""Tuesday: 7:00 – 10:00 PM"", ""Wednesday: 7:00 – 10:00 PM"", ""Thursday: 7:00 – 10:00 PM"", ""Friday: 7:00 – 10:00 PM"", ""Saturday: 7:00 – 10:00 PM"", ""Sunday: 7:00 – 10:00 PM""]"
ChIJT53wyE_afkcR1F5St9yzY5c,Osteria La Boccia,"[""restaurant"", ""food"", ""point_of_interest"", ""establishment""]","Via Soncin, 39, 35141 Padova PD",4.5,389.0,5,"{""latitude"": 45.406457499999995, ""longitude"": 11.8732404}",https://social.quandoo.com/en/groups/la-boccia-109432,049 735 3604,PRICE_LEVEL_MODERATE,restaurant,False,True,True,,True,True,True,True,"[""Monday: 7:00 – 11:00 PM"", ""Tuesday: 7:00 – 11:00 PM"", ""Wednesday: 7:00 – 11:00 PM"", ""Thursday: 7:00 – 11:00 PM"", ""Friday: 7:00 – 11:00 PM"", ""Saturday: 12:00 – 2:30 PM, 7:00 – 11:00 PM"", ""Sunday: 12:00 – 2:30 PM, 7:00 – 11:00 PM""]"
ChIJT66HDADbfkcRxjRVE9tO7Ps,Mama Eat - Padova,"[""restaurant"", ""point_of_interest"", ""food"", ""establishment""]","Piazza Camillo Benso Conte di Cavour, 22, 35121 Padova PD",4.3,222.0,5,"{""latitude"": 45.407869399999996, ""longitude"": 11.8780047}",http://www.mamaeat.com/%E2%81%A9,049 748 5780,PRICE_LEVEL_MODERATE,restaurant,,True,True,,True,True,True,True,"[""Monday: 11:00 AM – 12:00 AM"", ""Tuesday: 11:00 AM – 12:00 AM"", ""Wednesday: 11:00 AM – 12:00 AM"", ""Thursday: 11:00 AM – 12:00 AM"", ""Friday: 11:00 AM – 12:00 AM"", ""Saturday: 11:00 AM – 12:00 AM"", ""Sunday: 11:00 AM – 12:00 AM""]"
ChIJT7DIlPzafkcRCo1NxFrUkqw,Magnolie Mulan,"[""sushi_restaurant"", ""seafood_restaurant"", ""japanese_restaurant"", ""chinese_restaurant"", ""restaurant"", ""food"", ""point_of_interest"", ""establishment""]","Via Nazareth, 39, 35128 Padova PD",4.1,2721.0,5,"{""latitude"": 45.4003416, ""longitude"": 11.894043}",https://www.magnoliemulan.com/padova/,049 756155,PRICE_LEVEL_MODERATE,sushi_restaurant,True,True,True,False,True,True,True,True,"[""Monday: 12:00 – 3:00 PM, 7:00 – 11:30 PM"", ""Tuesday: 12:00 – 3:00 PM, 7:00 PM – 12:00 AM"", ""Wednesday: 12:00 – 3:00 PM, 7:00 – 11:30 PM"", ""Thursday: 12:00 – 3:00 PM, 7:00 – 11:30 PM"", ""Friday: 12:00 – 3:00 PM, 7:00 PM – 12:00 AM"", ""Saturday: 12:00 – 3:30 PM, 7:00 PM – 12:00 AM"", ""Sunday: 12:00 – 3:30 PM, 7:00 – 11:30 PM""]"
ChIJT7iD_0_afkcR_q-VVg3OgaM,All'Ombra Della Piazza,"[""bistro"", ""restaurant"", ""point_of_interest"", ""food"", ""establishment""]","Via Pietro D'Abano, 16, 35139 Padova PD",4.6,2019.0,5,"{""latitude"": 45.408134499999996, ""longitude"": 11.875202}",http://www.allombradellapiazza.com/,049 875 7343,PRICE_LEVEL_MODERATE,bistro,False,True,True,False,True,True,True,True,"[""Monday: 11:00 AM – 11:30 PM"", ""Tuesday: 11:00 AM – 11:30 PM"", ""Wednesday: 11:00 AM – 11:30 PM"", ""Thursday: 11:00 AM – 11:30 PM"", ""Friday: 11:00 AM – 11:30 PM"", ""Saturday: 11:00 AM – 11:30 PM"", ""Sunday: 11:00 AM – 10:00 PM""]"
ChIJU3ouEJPbfkcRbEY5kq8I6yQ,Brace e Fantasia Padova,"[""restaurant"", ""food"", ""point_of_interest"", ""establishment""]","Via Monsignor Fortin, 39, 35128 Padova PD",4.7,80.0,5,"{""latitude"": 45.396341, ""longitude"": 11.9090788}",https://www.brace-e-fantasia.com/,379 333 0409,PRICE_LEVEL_EXPENSIVE,restaurant,,True,True,,True,True,True,True,"[""Monday: 12:00 – 3:00 PM, 7:00 – 11:00 PM"", ""Tuesday: 12:00 – 3:00 PM"", ""Wednesday: 12:00 – 3:00 PM, 7:00 – 11:00 PM"", ""Thursday: 12:00 – 3:00 PM, 7:00 – 11:00 PM"", ""Friday: 12:00 – 3:00 PM, 7:00 – 11:00 PM"", ""Saturday: 12:00 – 3:00 PM, 7:00 – 11:00 PM"", ""Sunday: 12:00 – 3:00 PM, 7:00 – 11:00 PM""]"
ChIJU6EOI6PbfkcRwIMN0vUMDSA,Taverna del Porto | Independent Pub,"[""gastropub"", ""hamburger_restaurant"", ""beer_garden"", ""pub"", ""bar"", ""american_restaurant"", ""restaurant"", ""food"", ""point_of_interest"", ""establishment""]","Via Armistizio, 9, 35142 Padova PD",4.4,1032.0,5,"{""latitude"": 45.383620799999996, ""longitude"": 11.8572318}",http://www.tavernadelporto.it/,049 692444,PRICE_LEVEL_MODERATE,gastropub,False,True,True,,False,True,True,True,"[""Monday: Closed"", ""Tuesday: 6:00 PM – 12:00 AM"", ""Wednesday: 6:00 PM – 12:00 AM"", ""Thursday: 6:00 PM – 12:00 AM"", ""Friday: 6:00 PM – 12:00 AM"", ""Saturday: 6:00 PM – 12:00 AM"", ""Sunday: Closed""]"
ChIJUYbFO47bfkcRFfaTjZXyMyA,L'ingotto - Ristorante Pasticceria Caffetteria,"[""restaurant"", ""food"", ""point_of_interest"", ""establishment""]","Via Ospedale Civile, 81, 35121 Padova PD",4.6,166.0,5,"{""latitude"": 45.4037958, ""longitude"": 11.8856649}",https://lingottopadova.it/,334 109 0086,PRICE_LEVEL_MODERATE,restaurant,False,True,True,True,True,True,True,True,"[""Monday: 7:00 AM – 11:00 PM"", ""Tuesday: 7:00 AM – 11:00 PM"", ""Wednesday: 7:00 AM – 11:00 PM"", ""Thursday: 7:00 AM – 11:00 PM"", ""Friday: 7:00 AM – 11:00 PM"", ""Saturday: 7:30 AM – 11:00 PM"", ""Sunday: Closed""]"
ChIJUem637_bfkcRyTDo1zULrIw,Ristorante Caffè Letterario Treccani Padova,"[""italian_restaurant"", ""cultural_landmark"", ""restaurant"", ""food"", ""point_of_interest"", ""establishment""]","Via Umberto I, n2, 35122 Padova PD",4.5,659.0,5,"{""latitude"": 45.4031215, ""longitude"": 11.8754709}",https://ristorantecaffeletterariotreccani.com/,049 675 0024,PRICE_LEVEL_EXPENSIVE,italian_restaurant,True,True,True,True,True,True,True,True,"[""Monday: 12:00 – 3:00 PM, 7:15 – 10:30 PM"", ""Tuesday: Closed"", ""Wednesday: 12:00 – 3:00 PM, 7:15 – 10:30 PM"", ""Thursday: 12:00 – 3:00 PM, 7:15 – 10:30 PM"", ""Friday: 12:00 – 3:00 PM, 7:15 – 10:30 PM"", ""Saturday: 12:00 – 10:30 PM"", ""Sunday: 12:00 – 10:30 PM""]"
ChIJUxwaIPjbfkcR4xlDmkxgmUI,Wok Time,"[""meal_takeaway"", ""restaurant"", ""food"", ""point_of_interest"", ""establishment""]","Via Niccolò Tommaseo, 96/C, 35131 Padova PD",4.7,312.0,5,"{""latitude"": 45.4121491, ""longitude"": 11.892371899999999}",,049 729 4125,PRICE_LEVEL_INEXPENSIVE,meal_takeaway,True,,True,False,True,True,,,"[""Monday: 11:00 AM – 3:30 PM, 5:30 – 9:00 PM"", ""Tuesday: 11:00 AM – 3:30 PM, 5:30 – 9:00 PM"", ""Wednesday: 11:00 AM – 3:30 PM, 5:30 – 9:00 PM"", ""Thursday: 11:00 AM – 3:30 PM, 5:30 – 9:00 PM"", ""Friday: 11:00 AM – 3:30 PM, 5:30 – 9:00 PM"", ""Saturday: 12:00 – 3:30 PM, 5:30 – 9:30 PM"", ""Sunday: Closed""]"
ChIJV-p2SI7bfkcRL0644whIW2w,Eroica Caffè Padova,"[""coffee_shop"", ""food_store"", ""cafe"", ""restaurant"", ""food"", ""point_of_interest"", ""store"", ""establishment""]","Via Santa Lucia, 85/87, 35139 Padova PD",4.4,1052.0,5,"{""latitude"": 45.40839, ""longitude"": 11.874195}",http://www.eroica.cc/it,049 744 9288,PRICE_LEVEL_MODERATE,coffee_shop,False,True,True,True,True,True,True,True,"[""Monday: 12:00 – 3:00 PM, 5:30 – 11:00 PM"", ""Tuesday: 12:00 – 11:00 PM"", ""Wednesday: 12:00 – 11:00 PM"", ""Thursday: 12:00 – 11:00 PM"", ""Friday: 12:00 PM – 1:00 AM"", ""Saturday: 11:00 AM – 1:00 AM"", ""Sunday: 11:00 AM – 11:00 PM""]"
ChIJV2M7GFPafkcRM93CmDUQpq4,Passando Per Modena,"[""restaurant"", ""italian_restaurant"", ""food"", ""point_of_interest"", ""establishment""]","Prato della Valle, 117, 35123 Padova PD",4.4,2869.0,5,"{""latitude"": 45.399965300000005, ""longitude"": 11.8755545}",http://modena.passandoper.com/,049 825 8832,PRICE_LEVEL_MODERATE,restaurant,True,True,True,True,True,True,True,True,"[""Monday: 12:00 – 3:00 PM, 7:00 – 10:00 PM"", ""Tuesday: 12:00 – 3:00 PM, 7:00 – 10:00 PM"", ""Wednesday: 12:00 – 3:00 PM, 7:00 – 10:00 PM"", ""Thursday: 12:00 – 3:00 PM, 7:00 – 10:00 PM"", ""Friday: 12:00 – 3:00 PM, 7:00 – 11:00 PM"", ""Saturday: 12:00 – 3:00 PM, 7:00 – 11:00 PM"", ""Sunday: 12:00 – 3:00 PM, 7:00 – 10:00 PM""]"
ChIJV5P5i-7bfkcRtzsOGW_NXfc,Vinet,"[""restaurant"", ""wine_bar"", ""bar"", ""food"", ""point_of_interest"", ""establishment""]","Via delle Piazze, 1, 35122 Padova PD",4.7,573.0,5,"{""latitude"": 45.4062717, ""longitude"": 11.8761757}",https://vin-et.it/,049 815 8818,PRICE_LEVEL_EXPENSIVE,restaurant,False,True,True,,True,True,True,True,"[""Monday: 6:00 PM – 12:00 AM"", ""Tuesday: Closed"", ""Wednesday: 6:00 PM – 12:00 AM"", ""Thursday: 6:00 PM – 12:00 AM"", ""Friday: 11:00 AM – 3:00 PM, 6:00 PM – 1:00 AM"", ""Saturday: 11:00 AM – 3:00 PM, 6:00 PM – 1:00 AM"", ""Sunday: 11:00 AM – 3:00 PM, 6:00 PM – 12:00 AM""]"
ChIJVRdlLHfbfkcR0Itrg7bUo4k,Il Carro,"[""italian_restaurant"", ""restaurant"", ""food"", ""point_of_interest"", ""establishment""]","Via Bosco Wollemborg, 19, 35100 Padova PD",4.2,1118.0,5,"{""latitude"": 45.3726687, ""longitude"": 11.8785054}",http://www.ristoilcarro.com/,049 880 8993,PRICE_LEVEL_MODERATE,italian_restaurant,False,True,True,False,True,True,True,True,"[""Monday: 12:00 – 3:00 PM"", ""Tuesday: 12:00 – 3:00 PM, 6:00 – 11:00 PM"", ""Wednesday: 12:00 – 3:00 PM, 6:00 – 11:00 PM"", ""Thursday: 12:00 – 3:00 PM, 6:00 – 11:00 PM"", ""Friday: 12:00 – 3:00 PM, 6:00 – 11:00 PM"", ""Saturday: 12:00 – 3:00 PM, 6:00 – 11:00 PM"", ""Sunday: 12:00 – 3:00 PM""]"
ChIJVU2Yg-7afkcRSBZv9UwzYQ4,Old Wild West,"[""steak_house"", ""hamburger_restaurant"", ""family_restaurant"", ""american_restaurant"", ""bar"", ""restaurant"", ""food"", ""point_of_interest"", ""establishment""]","Via Venezia, 51/a, 35129 Padova PD",4.0,4334.0,5,"{""latitude"": 45.4096821, ""longitude"": 11.903944599999999}",https://www.oldwildwest.it/it/ristoranti/padova?utm_campaign=Brand-Schede_Google&utm_content=paginaristorante&utm_medium=Organic&utm_source=Partoo,049 748 3174,PRICE_LEVEL_MODERATE,steak_house,False,True,True,False,True,True,True,True,"[""Monday: 12:00 – 3:30 PM, 6:30 – 11:30 PM"", ""Tuesday: 12:00 – 3:30 PM, 6:30 – 11:30 PM"", ""Wednesday: 12:00 – 3:30 PM, 6:30 – 11:30 PM"", ""Thursday: 12:00 – 3:30 PM, 6:30 – 11:30 PM"", ""Friday: 12:00 – 3:30 PM, 6:30 PM – 12:00 AM"", ""Saturday: 12:00 – 4:00 PM, 6:00 PM – 12:00 AM"", ""Sunday: 12:00 – 4:00 PM, 6:00 – 11:30 PM""]"
ChIJV_FiEVPafkcRNKVcLGSgUr4,Caffè Diemme Italian Attitude,"[""cafeteria"", ""bistro"", ""coffee_shop"", ""cafe"", ""food_store"", ""store"", ""restaurant"", ""food"", ""point_of_interest"", ""establishment""]","Prato della Valle, 2, 35123 Padova PD",4.2,1065.0,5,"{""latitude"": 45.4001488, ""longitude"": 11.8760842}",,049 875 0140,PRICE_LEVEL_INEXPENSIVE,cafeteria,False,True,,,,,,,"[""Monday: 7:30 AM – 8:00 PM"", ""Tuesday: 7:30 AM – 8:00 PM"", ""Wednesday: 7:30 AM – 8:00 PM"", ""Thursday: 7:30 AM – 8:00 PM"", ""Friday: 7:30 AM – 8:00 PM"", ""Saturday: 7:30 AM – 8:00 PM"", ""Sunday: 8:00 AM – 8:00 PM""]"
ChIJVczgFJXbe0cRAmuTRlM0abs,"THOPE Ristorante Indiano, Italiano e pizzeria","[""pizza_restaurant"", ""vegan_restaurant"", ""pizza_delivery"", ""cocktail_bar"", ""vegetarian_restaurant"", ""halal_restaurant"", ""coffee_shop"", ""cafe"", ""meal_delivery"", ""food_delivery"", ""bar"", ""meal_takeaway"", ""indian_restaurant"", ""italian_restaurant"", ""food_store"", ""restaurant"", ""food"", ""store"", ""point_of_interest"", ""establishment""]","Via Giovanni d'Alemagna, 16/B, 35134 Padova PD",4.9,321.0,5,"{""latitude"": 45.4272843, ""longitude"": 11.884049899999999}",https://social.quandoo.com/en/groups/thope-ristorante-indiano-italiano-e-pizzeria-padova-110107,324 861 5892,PRICE_LEVEL_MODERATE,pizza_restaurant,True,True,True,True,True,True,True,True,"[""Monday: 10:00 AM – 2:00 AM"", ""Tuesday: 10:00 AM – 2:00 AM"", ""Wednesday: 10:00 AM – 2:00 AM"", ""Thursday: 10:00 AM – 2:00 AM"", ""Friday: 10:00 AM – 3:00 AM"", ""Saturday: 10:00 AM – 2:00 AM"", ""Sunday: 10:00 AM – 2:00 AM""]"
ChIJVdX8gKrbfkcRf6Z3XV21eXM,Pizza e Kebab Zabarella27,"[""meal_takeaway"", ""restaurant"", ""food"", ""point_of_interest"", ""establishment""]","Via Zabarella, 27, 35121 Padova PD",4.3,151.0,5,"{""latitude"": 45.4064998, ""longitude"": 11.879098299999999}",,049 744 3065,PRICE_LEVEL_INEXPENSIVE,meal_takeaway,True,True,True,,True,True,,,"[""Monday: 11:00 AM – 3:00 PM, 6:00 PM – 12:00 AM"", ""Tuesday: 11:00 AM – 3:00 PM, 6:00 PM – 12:00 AM"", ""Wednesday: 11:00 AM – 3:00 PM, 6:00 PM – 12:00 AM"", ""Thursday: 11:00 AM – 3:00 PM, 6:00 PM – 12:00 AM"", ""Friday: 11:00 AM – 3:00 PM, 6:00 PM – 12:00 AM"", ""Saturday: 11:00 AM – 3:00 PM, 6:00 PM – 12:00 AM"", ""Sunday: 11:00 AM – 3:00 PM, 6:00 PM – 12:00 AM""]"
ChIJVwNrcY7QfkcR_0XXkr2nKZE,Gastronomia Kebab Pizza suma moriom akther,"[""kebab_shop"", ""restaurant"", ""food"", ""point_of_interest"", ""establishment""]","Via Pontevigodarzere, 177, 35133 Padova PD",3.6,41.0,5,"{""latitude"": 45.448689599999994, ""longitude"": 11.894329599999999}",,320 724 5444,PRICE_LEVEL_INEXPENSIVE,kebab_shop,,True,,,,,,,"[""Monday: 10:00 AM – 11:30 PM"", ""Tuesday: 10:00 AM – 9:00 PM"", ""Wednesday: 10:00 AM – 11:30 PM"", ""Thursday: 10:00 AM – 11:30 PM"", ""Friday: 10:00 AM – 11:30 PM"", ""Saturday: 10:00 AM – 11:30 PM"", ""Sunday: 10:00 AM – 11:30 PM""]"
ChIJVwvup_nbfkcRlq_26hNFXJA,Ristorante Serafina,"[""restaurant"", ""point_of_interest"", ""food"", ""establishment""]","Piazza delle Erbe, 18, 35122 Padova PD",4.4,309.0,5,"{""latitude"": 45.406751, ""longitude"": 11.8748879}",https://serafinaitaly.com/,049 097 1362,PRICE_LEVEL_MODERATE,restaurant,False,True,True,,True,True,True,True,"[""Monday: 7:00 – 10:00 PM"", ""Tuesday: 7:00 – 10:00 PM"", ""Wednesday: 7:00 – 10:00 PM"", ""Thursday: 7:00 – 10:00 PM"", ""Friday: 7:00 – 10:00 PM"", ""Saturday: 12:00 – 2:30 PM, 7:00 – 10:00 PM"", ""Sunday: Closed""]"
ChIJVyhmClDafkcRZBbUZ_VMkkg,Dalla Zita,"[""sandwich_shop"", ""fast_food_restaurant"", ""restaurant"", ""food"", ""point_of_interest"", ""establishment""]","Via Gorizia, 16, 35139 Padova PD",4.8,926.0,5,"{""latitude"": 45.407875, ""longitude"": 11.8764975}",https://m.facebook.com/pages/Dalla-Zita/135324679848609,049 654992,PRICE_LEVEL_INEXPENSIVE,sandwich_shop,False,True,,,True,,True,True,"[""Monday: 9:00 AM – 7:30 PM"", ""Tuesday: 9:00 AM – 7:30 PM"", ""Wednesday: 9:00 AM – 7:30 PM"", ""Thursday: 9:00 AM – 7:30 PM"", ""Friday: 9:00 AM – 7:30 PM"", ""Saturday: 9:00 AM – 7:30 PM"", ""Sunday: Closed""]"
ChIJWR9fH1jafkcRXRYwhkVmBVs,Istanbul Pizza e Kebab,"[""pizza_restaurant"", ""kebab_shop"", ""restaurant"", ""food"", ""point_of_interest"", ""establishment""]","Via Gabriele Falloppio, 12, 35121 Padova PD",4.3,449.0,5,"{""latitude"": 45.4072586, ""longitude"": 11.8854943}",https://kebapistanbul.it/,351 398 6485,PRICE_LEVEL_INEXPENSIVE,pizza_restaurant,True,True,,False,True,True,True,False,"[""Monday: 11:30 AM – 12:00 AM"", ""Tuesday: 11:30 AM – 12:00 AM"", ""Wednesday: 11:30 AM – 12:00 AM"", ""Thursday: 11:30 AM – 12:00 AM"", ""Friday: 11:30 AM – 12:00 AM"", ""Saturday: 11:30 AM – 12:00 AM"", ""Sunday: 11:30 AM – 12:00 AM""]"
ChIJWU9K4gfbfkcRODHgmxh_A8w,Pizzeria alla Palma,"[""restaurant"", ""pizza_restaurant"", ""food"", ""point_of_interest"", ""establishment""]","Via Fabrici Girolamo d'Acquapendente, 57, 35126 Padova PD",4.4,1269.0,5,"{""latitude"": 45.3885223, ""longitude"": 11.880629599999999}",https://www.pizzeriaallapalma.it/,049 687895,PRICE_LEVEL_MODERATE,restaurant,True,True,True,False,False,True,True,True,"[""Monday: 6:30 PM – 12:00 AM"", ""Tuesday: Closed"", ""Wednesday: 6:30 PM – 12:00 AM"", ""Thursday: 6:30 PM – 12:00 AM"", ""Friday: 6:30 PM – 12:00 AM"", ""Saturday: 6:30 PM – 12:00 AM"", ""Sunday: 6:30 PM – 12:00 AM""]"
ChIJWeWv_ZzbfkcRDLVGX7QMQJk,Spunciotti Di Pesce - Andreazzi Nereo,"[""seafood_restaurant"", ""restaurant"", ""point_of_interest"", ""food"", ""establishment""]","Piazzale Porta S. Giovanni, 35141 Padova PD",4.3,18.0,5,"{""latitude"": 45.4043566, ""longitude"": 11.864027700000001}",,,PRICE_LEVEL_MODERATE,restaurant,False,True,True,,True,True,True,True,[]
ChIJWfDrMjTbfkcRTgJgqu100Ss,Fatty Patty - Padova,"[""fast_food_restaurant"", ""hamburger_restaurant"", ""american_restaurant"", ""restaurant"", ""point_of_interest"", ""food"", ""establishment""]","Piazzale Mazzini, 59, 35137 Padova PD",4.0,602.0,5,"{""latitude"": 45.4147171, ""longitude"": 11.875183300000002}",https://fattypatty.it/,375 613 3719,PRICE_LEVEL_MODERATE,fast_food_restaurant,True,True,,,True,True,True,False,"[""Monday: 11:30 AM – 10:30 PM"", ""Tuesday: 11:30 AM – 10:30 PM"", ""Wednesday: 11:30 AM – 10:30 PM"", ""Thursday: 11:30 AM – 10:30 PM"", ""Friday: 11:30 AM – 3:00 AM"", ""Saturday: 11:30 AM – 3:00 AM"", ""Sunday: 11:30 AM – 10:30 PM""]"
ChIJX1F9NETafkcRak9FtEBDeG8,Osteria San Leonardo,"[""italian_restaurant"", ""restaurant"", ""food"", ""point_of_interest"", ""establishment""]","Via S. Pietro, 47, 35139 Padova PD",4.2,759.0,5,"{""latitude"": 45.4111009, ""longitude"": 11.871724799999999}",,388 324 2770,PRICE_LEVEL_MODERATE,italian_restaurant,True,True,True,False,True,True,True,True,"[""Monday: Closed"", ""Tuesday: 12:00 – 2:30 PM, 6:30 – 10:30 PM"", ""Wednesday: 12:00 – 2:30 PM, 6:30 – 10:30 PM"", ""Thursday: 12:00 – 2:30 PM, 6:30 – 10:30 PM"", ""Friday: 12:00 – 2:30 PM, 6:30 – 10:30 PM"", ""Saturday: 12:00 – 2:30 PM, 6:30 – 10:30 PM"", ""Sunday: 12:00 – 3:00 PM""]"
ChIJX1jA6FvbfkcRk6FcFeIO7ZI,Ristorante Napoli Centrale,"[""pizza_restaurant"", ""italian_restaurant"", ""restaurant"", ""food"", ""point_of_interest"", ""establishment""]","Via S. Fermo, 59, 35137 Padova PD",4.2,1364.0,5,"{""latitude"": 45.4109469, ""longitude"": 11.875271399999999}",http://ristorantenapolicentrale.it/,349 283 1806,PRICE_LEVEL_MODERATE,pizza_restaurant,True,True,True,False,True,True,True,True,"[""Monday: 7:00 – 11:00 PM"", ""Tuesday: 12:00 – 3:00 PM, 7:00 – 11:00 PM"", ""Wednesday: 12:00 – 3:00 PM, 7:00 – 11:00 PM"", ""Thursday: 12:00 – 3:00 PM, 7:00 – 11:00 PM"", ""Friday: 12:00 – 3:00 PM, 7:00 – 11:00 PM"", ""Saturday: 12:00 – 3:00 PM, 7:00 – 11:00 PM"", ""Sunday: 12:00 – 3:00 PM, 7:00 – 11:00 PM""]"
ChIJX5earmbbfkcRKWQlX81bJrw,Casa Scrovegni | Caffè Cibo Vino,"[""restaurant"", ""food"", ""point_of_interest"", ""establishment""]","Via Enrico degli Scrovegni, 4, 35131 Padova PD",4.4,152.0,5,"{""latitude"": 45.413100199999995, ""longitude"": 11.8837589}",,049 214 3498,PRICE_LEVEL_MODERATE,restaurant,,True,True,True,True,True,True,True,"[""Monday: 7:30 AM – 10:00 PM"", ""Tuesday: 7:30 AM – 10:00 PM"", ""Wednesday: 7:30 AM – 10:00 PM"", ""Thursday: 7:30 AM – 10:00 PM"", ""Friday: 7:30 AM – 10:00 PM"", ""Saturday: Closed"", ""Sunday: Closed""]"
ChIJX6ZpcqXbfkcRRZY82zx7B0E,Ciao Sakura - Rosticceria e Ristorantino Cinese,"[""asian_restaurant"", ""sushi_restaurant"", ""meal_takeaway"", ""chinese_restaurant"", ""japanese_restaurant"", ""restaurant"", ""food"", ""point_of_interest"", ""establishment""]","Via Piovese, 40, 35124 Padova PD",4.3,437.0,5,"{""latitude"": 45.3807409, ""longitude"": 11.9015995}",http://www.ciaosakura.it/,366 142 8588,PRICE_LEVEL_MODERATE,meal_takeaway,True,True,True,False,True,True,True,,"[""Monday: Closed"", ""Tuesday: 11:00 AM – 3:00 PM, 6:00 – 11:00 PM"", ""Wednesday: 11:00 AM – 3:00 PM, 6:00 – 11:00 PM"", ""Thursday: 11:00 AM – 3:00 PM, 6:00 – 11:00 PM"", ""Friday: 11:00 AM – 3:00 PM, 6:00 – 11:00 PM"", ""Saturday: 11:00 AM – 3:00 PM, 6:00 – 11:00 PM"", ""Sunday: 11:00 AM – 3:00 PM, 6:00 – 11:00 PM""]"
ChIJXQEOMgDbfkcRdYAhLo-3OTo,Sushi Box,"[""japanese_restaurant"", ""restaurant"", ""food"", ""point_of_interest"", ""establishment""]","Via Umberto I, 43, 35122 Padova PD",4.2,13.0,5,"{""latitude"": 45.402166099999995, ""longitude"": 11.875653999999999}",,,PRICE_LEVEL_INEXPENSIVE,japanese_restaurant,,True,,,,True,,,[]
ChIJXSaO01nafkcRB6BNz8ls8KE,Osteria Antica Colonna - Prenota telefonicamente,"[""restaurant"", ""food"", ""point_of_interest"", ""establishment""]","Via Altinate, 127, 35121 Padova PD",4.2,519.0,5,"{""latitude"": 45.4076026, ""longitude"": 11.8839423}",https://www.instagram.com/osteria_anticacolonna,320 088 3822,PRICE_LEVEL_MODERATE,restaurant,False,True,True,False,True,True,True,True,"[""Monday: Closed"", ""Tuesday: 7:00 – 10:30 PM"", ""Wednesday: 7:00 – 10:30 PM"", ""Thursday: 7:00 – 10:30 PM"", ""Friday: 12:00 – 2:30 PM, 7:00 – 10:30 PM"", ""Saturday: 12:00 – 2:30 PM, 7:00 – 11:30 PM"", ""Sunday: 12:00 – 2:30 PM, 7:00 – 10:30 PM""]"
ChIJXUue__TafkcRB7VFafeWjus,Hosteria Moderna,"[""restaurant"", ""food"", ""point_of_interest"", ""establishment""]","Via Francesco Rismondo, 2f/2/F, 35131 Padova PD",4.1,1444.0,5,"{""latitude"": 45.413474799999996, ""longitude"": 11.892920799999999}",https://hosteriamodernapadova.it/,351 674 1191,PRICE_LEVEL_MODERATE,restaurant,True,True,True,False,True,True,True,True,"[""Monday: 12:00 – 2:30 PM, 6:00 – 11:00 PM"", ""Tuesday: 12:00 – 2:30 PM, 6:00 – 11:00 PM"", ""Wednesday: 12:00 – 2:30 PM, 6:00 – 11:00 PM"", ""Thursday: 12:00 – 2:30 PM, 6:00 – 11:00 PM"", ""Friday: 12:00 – 2:30 PM, 6:00 – 11:00 PM"", ""Saturday: 12:00 – 2:30 PM, 6:00 – 11:00 PM"", ""Sunday: Closed""]"
ChIJXecWpdTdfkcR46QZzgQi1ls,LOTUS ORIENTAL RESTAURANT,"[""japanese_restaurant"", ""restaurant"", ""food"", ""point_of_interest"", ""establishment""]","Via Conselvana, 21, 35020 Maserà di Padova PD",4.4,803.0,5,"{""latitude"": 45.323958499999996, ""longitude"": 11.8642083}",https://lotusoriental.it/,049 573 1406,PRICE_LEVEL_EXPENSIVE,japanese_restaurant,True,True,True,False,True,True,True,True,"[""Monday: Closed"", ""Tuesday: 12:00 – 3:00 PM, 7:00 – 11:30 PM"", ""Wednesday: 12:00 – 3:00 PM, 7:00 – 11:30 PM"", ""Thursday: 12:00 – 3:00 PM, 7:00 – 11:30 PM"", ""Friday: 12:00 – 3:00 PM, 7:00 – 11:30 PM"", ""Saturday: 12:00 – 3:00 PM, 7:00 – 11:30 PM"", ""Sunday: 12:00 – 3:00 PM, 7:00 – 11:30 PM""]"
ChIJXz4wKkXafkcRwwTNqexhh4M,Attimi,"[""sushi_restaurant"", ""cocktail_bar"", ""seafood_restaurant"", ""bar"", ""japanese_restaurant"", ""restaurant"", ""food"", ""point_of_interest"", ""establishment""]","Via Martiri della Libertà, 7, 35137 Padova PD",4.3,2106.0,5,"{""latitude"": 45.4103432, ""longitude"": 11.875843999999999}",https://www.attimisushi.it/padova/,049 501 0758,PRICE_LEVEL_MODERATE,sushi_restaurant,True,True,True,False,True,True,True,True,"[""Monday: 12:00 – 3:00 PM, 7:00 PM – 12:00 AM"", ""Tuesday: 12:00 – 3:00 PM, 7:00 PM – 12:00 AM"", ""Wednesday: 12:00 – 3:00 PM, 7:00 PM – 12:00 AM"", ""Thursday: 12:00 – 3:00 PM, 7:00 PM – 12:00 AM"", ""Friday: 12:00 – 3:00 PM, 7:00 PM – 12:00 AM"", ""Saturday: 12:00 – 3:00 PM, 7:00 PM – 12:00 AM"", ""Sunday: 12:00 – 3:00 PM, 7:00 PM – 12:00 AM""]"
ChIJY3DerrTbfkcRbY0JfznTmGc,Passando Per Roma,"[""restaurant"", ""food"", ""point_of_interest"", ""establishment""]","Via Santa Lucia, 59, 35139 Padova PD",4.4,1013.0,5,"{""latitude"": 45.4085691, ""longitude"": 11.8752155}",https://roma.passandoper.com/it/,049 490 6989,PRICE_LEVEL_MODERATE,restaurant,False,True,True,,True,True,True,True,"[""Monday: 12:00 – 2:30 PM, 7:00 – 10:00 PM"", ""Tuesday: 12:00 – 2:30 PM, 7:00 – 10:00 PM"", ""Wednesday: 12:00 – 2:30 PM, 7:00 – 10:00 PM"", ""Thursday: 12:00 – 2:30 PM, 7:00 – 10:00 PM"", ""Friday: 12:00 – 2:30 PM, 7:00 – 10:30 PM"", ""Saturday: 12:00 – 2:45 PM, 7:00 – 10:30 PM"", ""Sunday: 12:00 – 2:45 PM, 7:00 – 10:30 PM""]"
ChIJY6K-DjrbfkcRbFwOGVuY5so,Osteria de na Volta,"[""restaurant"", ""food"", ""point_of_interest"", ""establishment""]","Via Alessandro Prosdocimi, 12, 35100 Padova PD",4.2,338.0,5,"{""latitude"": 45.3968846, ""longitude"": 11.900560700000002}",https://m.facebook.com/OsteriaDeNaVolta/#!/OsteriaDeNaVolta/,049 802 1628,PRICE_LEVEL_MODERATE,restaurant,False,True,True,True,True,False,True,True,"[""Monday: Closed"", ""Tuesday: 9:00 AM – 8:30 PM"", ""Wednesday: 9:00 AM – 8:30 PM"", ""Thursday: 9:00 AM – 8:30 PM"", ""Friday: 9:00 AM – 8:30 PM"", ""Saturday: 9:00 AM – 8:30 PM"", ""Sunday: 9:00 AM – 8:30 PM""]"
ChIJY7vmgJ7bfkcR_lfLSjaJX08,Motoi Sushi,"[""sushi_restaurant"", ""chinese_restaurant"", ""seafood_restaurant"", ""japanese_restaurant"", ""restaurant"", ""food"", ""point_of_interest"", ""establishment""]","Via Guizza Conselvana, 258, 35125 Padova PD",4.2,1492.0,5,"{""latitude"": 45.3755533, ""longitude"": 11.8704872}",http://motoirestaurant.com/,049 692007,PRICE_LEVEL_MODERATE,sushi_restaurant,True,True,True,False,True,True,True,True,"[""Monday: Closed"", ""Tuesday: 12:00 – 3:00 PM, 7:00 PM – 12:00 AM"", ""Wednesday: 12:00 – 3:00 PM, 7:00 PM – 12:00 AM"", ""Thursday: 12:00 – 3:00 PM, 7:00 PM – 12:00 AM"", ""Friday: 12:00 – 3:00 PM, 7:00 PM – 12:00 AM"", ""Saturday: 12:00 – 3:00 PM, 7:00 PM – 12:00 AM"", ""Sunday: 12:00 – 3:00 PM, 7:00 PM – 12:00 AM""]"
ChIJYebbdRHbfkcRvehtZdKFRXs,RISTORANTE TRINACRIA,"[""italian_restaurant"", ""restaurant"", ""food"", ""point_of_interest"", ""establishment""]","Via Armistizio, 277, 35142 Padova PD",5.0,1.0,1,"{""latitude"": 45.3714453, ""longitude"": 11.843192}",http://ristorantetrinacria.it/,351 487 2718,,italian_restaurant,False,True,True,,True,True,True,True,"[""Monday: 12:00 – 2:30 PM"", ""Tuesday: 12:00 – 2:30 PM"", ""Wednesday: 12:00 – 2:30 PM"", ""Thursday: 12:00 – 2:30 PM"", ""Friday: 12:00 – 2:30 PM"", ""Saturday: 12:00 – 2:30 PM"", ""Sunday: Closed""]"
ChIJYxnDPybbfkcRU1GGOmnSv08,C20 Bistrot,"[""bistro"", ""coffee_shop"", ""cafe"", ""food_store"", ""store"", ""restaurant"", ""food"", ""point_of_interest"", ""establishment""]","Piazza del Santo, 21, 35123 Padova PD",4.1,403.0,5,"{""latitude"": 45.4014994, ""longitude"": 11.879547299999999}",https://www.padovasuitesc20.it/bistrot-cucina-italiana-padova,049 730 8971,PRICE_LEVEL_MODERATE,bistro,True,True,True,True,True,True,True,True,"[""Monday: 8:30 AM – 3:00 PM"", ""Tuesday: 8:30 AM – 7:30 PM"", ""Wednesday: 8:30 AM – 7:30 PM"", ""Thursday: 8:30 AM – 7:30 PM"", ""Friday: 8:30 AM – 7:30 PM"", ""Saturday: 9:00 AM – 7:30 PM"", ""Sunday: 9:00 AM – 7:30 PM""]"
ChIJYz3noBnafkcRjsTuGftkEd4,Sir Francis Drake Pub Brewery,"[""pub"", ""bar"", ""restaurant"", ""food"", ""point_of_interest"", ""establishment""]","Via Montà, 101, 35100 Padova PD",4.5,1111.0,5,"{""latitude"": 45.423203799999996, ""longitude"": 11.8539934}",https://sirfrancisdrakepub.com/,049 714446,PRICE_LEVEL_MODERATE,bar,False,True,True,False,False,True,True,True,"[""Monday: Closed"", ""Tuesday: Closed"", ""Wednesday: 7:00 PM – 2:00 AM"", ""Thursday: 7:00 PM – 2:00 AM"", ""Friday: 7:00 PM – 2:00 AM"", ""Saturday: 7:00 PM – 2:00 AM"", ""Sunday: 7:00 PM – 2:00 AM""]"
ChIJZ3saHuXafkcRrRT36MISFaE,Da Pippo,"[""italian_restaurant"", ""restaurant"", ""food"", ""point_of_interest"", ""establishment""]","Via Gattamelata, 80, 35128 Padova PD",4.2,1219.0,5,"{""latitude"": 45.4037185, ""longitude"": 11.894926}",https://www.facebook.com/pages/Trattoria-Da-Pippo/162736520405307,049 807 0476,PRICE_LEVEL_MODERATE,italian_restaurant,False,True,True,False,True,True,True,True,"[""Monday: 12:00 – 2:00 PM, 7:15 – 9:00 PM"", ""Tuesday: 12:00 – 2:00 PM, 7:15 – 9:00 PM"", ""Wednesday: 12:00 – 2:00 PM, 7:15 – 9:00 PM"", ""Thursday: 12:00 – 2:00 PM, 7:15 – 9:00 PM"", ""Friday: 12:00 – 2:00 PM, 7:15 – 9:00 PM"", ""Saturday: Closed"", ""Sunday: Closed""]"
ChIJZWkPuGXafkcRrCREtQZbekk,Alif pizza e kebab,"[""bar"", ""kebab_shop"", ""ice_cream_shop"", ""dessert_shop"", ""meal_takeaway"", ""confectionery"", ""food_store"", ""restaurant"", ""food"", ""store"", ""point_of_interest"", ""establishment""]","Via T. Aspetti, 90, 35132 Padova PD",4.3,90.0,5,"{""latitude"": 45.4216225, ""longitude"": 11.8825024}",,049 956 6774,PRICE_LEVEL_MODERATE,bar,True,True,True,,,,True,True,"[""Monday: 6:30 AM – 10:00 PM"", ""Tuesday: 6:30 AM – 10:00 PM"", ""Wednesday: 6:30 AM – 10:00 PM"", ""Thursday: 6:30 AM – 10:00 PM"", ""Friday: 6:30 AM – 11:00 PM"", ""Saturday: 6:30 AM – 11:00 PM"", ""Sunday: 8:00 AM – 10:00 PM""]"
ChIJZXcO4E_afkcRXhveylRXcDo,Adriatica Pescheria con Cucina,"[""seafood_restaurant"", ""food_store"", ""restaurant"", ""food"", ""store"", ""point_of_interest"", ""establishment""]","Sotto Il Salone, 32, 35122 Padova PD",4.0,220.0,5,"{""latitude"": 45.407353400000005, ""longitude"": 11.8753839}",,049 875 1304,,food_store,True,,,,,,,,"[""Monday: Closed"", ""Tuesday: 8:30 AM – 2:00 PM, 4:00 – 10:00 PM"", ""Wednesday: 8:30 AM – 2:00 PM, 4:00 – 10:00 PM"", ""Thursday: 8:30 AM – 2:00 PM, 4:00 – 10:00 PM"", ""Friday: 8:30 AM – 2:00 PM, 4:00 – 10:00 PM"", ""Saturday: 8:30 AM – 2:00 PM, 4:00 – 10:00 PM"", ""Sunday: Closed""]"
ChIJZemIlq7bfkcRJkKmr-mzwRM,Memmo Bistrot,"[""restaurant"", ""food"", ""point_of_interest"", ""establishment""]","Prato della Valle, 12, 35123 Padova PD",4.4,82.0,5,"{""latitude"": 45.3999835, ""longitude"": 11.8768698}",https://reservations-guest.teamsystem.cloud/memmoguest,049 695 1893,PRICE_LEVEL_MODERATE,restaurant,False,True,True,,True,True,True,True,"[""Monday: 12:00 – 3:00 PM, 7:30 – 10:30 PM"", ""Tuesday: 12:00 – 3:00 PM, 7:30 – 10:30 PM"", ""Wednesday: 12:00 – 3:00 PM, 7:30 – 10:30 PM"", ""Thursday: 12:00 – 3:00 PM, 7:30 – 10:30 PM"", ""Friday: 12:00 – 3:00 PM, 7:30 – 10:30 PM"", ""Saturday: 12:00 – 3:00 PM, 7:30 – 10:30 PM"", ""Sunday: 12:00 – 3:00 PM""]"
ChIJ_3vdAOfafkcRBBUUrw6ispI,ENRI'S PIZZA,"[""pizza_restaurant"", ""pizza_delivery"", ""meal_delivery"", ""food_delivery"", ""restaurant"", ""food"", ""point_of_interest"", ""establishment""]","Via Gattamelata, 19/B, 35128 Padova PD",4.6,292.0,5,"{""latitude"": 45.4022098, ""longitude"": 11.9074063}",https://www.enrispizza.com/,049 807 9934,PRICE_LEVEL_MODERATE,pizza_restaurant,True,True,True,False,False,True,True,,"[""Monday: Closed"", ""Tuesday: 6:45 – 10:30 PM"", ""Wednesday: 6:30 – 10:30 PM"", ""Thursday: 6:30 – 10:30 PM"", ""Friday: 6:30 – 10:30 PM"", ""Saturday: 6:30 – 10:30 PM"", ""Sunday: 6:30 – 10:30 PM""]"
ChIJ_92N2v_bfkcRTybxdhM1tJE,Pizza Craft,"[""pizza_restaurant"", ""restaurant"", ""food"", ""point_of_interest"", ""establishment""]","Via Beato Luca Belludi, 21A, 35123 Padova PD",4.7,27.0,5,"{""latitude"": 45.4001215, ""longitude"": 11.878143999999999}",https://www.instagram.com/pizza_craft_padova?igsh=MWs0cDJwMTJzbWpnaQ==,352 045 2812,PRICE_LEVEL_INEXPENSIVE,pizza_restaurant,True,True,,,True,True,,,"[""Monday: Closed"", ""Tuesday: 11:00 AM – 9:00 PM"", ""Wednesday: 11:00 AM – 9:00 PM"", ""Thursday: 11:00 AM – 9:00 PM"", ""Friday: 11:00 AM – 9:30 PM"", ""Saturday: 11:00 AM – 10:00 PM"", ""Sunday: 11:00 AM – 9:30 PM""]"
ChIJ_QYV-6nbfkcREOY-UIhED_k,Peace 'n' Spice | Portello,"[""restaurant"", ""food"", ""point_of_interest"", ""establishment""]","Via del Portello, 40, 35131 Padova PD",4.4,316.0,5,"{""latitude"": 45.4087521, ""longitude"": 11.892662}",http://www.peaceandspice.com/,049 940 7098,PRICE_LEVEL_MODERATE,restaurant,True,True,True,,True,True,True,True,"[""Monday: 10:00 AM – 11:30 PM"", ""Tuesday: 10:00 AM – 11:30 PM"", ""Wednesday: 10:00 AM – 11:30 PM"", ""Thursday: 10:00 AM – 11:30 PM"", ""Friday: 10:00 AM – 11:30 PM"", ""Saturday: 10:00 AM – 11:30 PM"", ""Sunday: 10:00 AM – 11:30 PM""]"
ChIJ_RuqoyrbfkcREusRjQaPT2o,Miss Poppy,"[""fast_food_restaurant"", ""restaurant"", ""point_of_interest"", ""food"", ""establishment""]","Via Cavazzana, 9, 35123 Padova PD",4.9,339.0,5,"{""latitude"": 45.396941299999995, ""longitude"": 11.879383899999999}",http://www.misspoppy.it/,328 149 7886,PRICE_LEVEL_MODERATE,fast_food_restaurant,,True,,,,,True,,"[""Monday: 12:30 – 3:30 PM, 7:00 – 10:00 PM"", ""Tuesday: 12:30 – 3:30 PM, 7:00 – 10:00 PM"", ""Wednesday: 12:30 – 3:30 PM, 7:00 – 10:00 PM"", ""Thursday: 12:30 – 3:30 PM, 7:00 – 10:00 PM"", ""Friday: 7:00 – 11:00 PM"", ""Saturday: 12:30 – 3:30 PM, 7:00 – 11:00 PM"", ""Sunday: 12:30 – 3:30 PM, 7:00 – 10:00 PM""]"
ChIJ_SaBLk_afkcRXi0mcVsnFPk,Enoteca Ristorante dei Tadi,"[""restaurant"", ""point_of_interest"", ""food"", ""establishment""]","Via dei Tadi, 15, 35139 Padova PD",4.6,623.0,5,"{""latitude"": 45.4068712, ""longitude"": 11.8700507}",https://www.enotecadeitadi.it/,338 408 3434,PRICE_LEVEL_EXPENSIVE,restaurant,False,True,,,,True,,,"[""Monday: Closed"", ""Tuesday: 7:00 – 11:30 PM"", ""Wednesday: 7:00 – 11:30 PM"", ""Thursday: 7:00 – 11:30 PM"", ""Friday: 7:00 – 11:30 PM"", ""Saturday: 7:00 – 11:30 PM"", ""Sunday: 12:00 – 3:00 PM""]"
ChIJ___TmCnafkcRO4lvgytD0b8,Osteria le Cave,"[""seafood_restaurant"", ""italian_restaurant"", ""restaurant"", ""food"", ""point_of_interest"", ""establishment""]","Via Cave, 51, 35136 Padova PD",4.4,821.0,5,"{""latitude"": 45.407993399999995, ""longitude"": 11.8410195}",http://www.osterialecave.it/,049 872 3346,PRICE_LEVEL_EXPENSIVE,seafood_restaurant,False,True,True,False,True,True,True,True,"[""Monday: Closed"", ""Tuesday: 12:30 – 2:30 PM, 7:30 – 11:30 PM"", ""Wednesday: 12:30 – 2:30 PM, 7:30 – 11:30 PM"", ""Thursday: 12:30 – 2:30 PM, 7:30 – 11:30 PM"", ""Friday: 12:30 – 2:30 PM, 7:30 – 11:30 PM"", ""Saturday: 12:30 – 2:30 PM, 7:30 – 11:30 PM"", ""Sunday: 12:30 – 2:30 PM""]"
ChIJ_aCgVVbafkcR41roqUQj1BM,Osteria Ai Scarponi,"[""restaurant"", ""italian_restaurant"", ""food"", ""point_of_interest"", ""establishment""]","Via Cesare Battisti, 138, 35121 Padova PD",4.5,1323.0,5,"{""latitude"": 45.4046903, ""longitude"": 11.883111399999999}",http://www.aiscarponi.it/,049 817 1285,PRICE_LEVEL_EXPENSIVE,restaurant,,True,True,False,True,True,True,True,"[""Monday: 7:30 – 10:30 PM"", ""Tuesday: Closed"", ""Wednesday: Closed"", ""Thursday: 7:30 – 10:30 PM"", ""Friday: 12:30 – 2:30 PM, 7:30 – 10:30 PM"", ""Saturday: 12:30 – 2:30 PM, 7:30 – 10:30 PM"", ""Sunday: 12:30 – 2:30 PM, 7:30 – 10:30 PM""]"
ChIJ_eJp5n7bfkcR9LeZrxRo5T8,This is not a Sushi Bar | Padova,"[""sushi_restaurant"", ""japanese_restaurant"", ""deli"", ""food_store"", ""store"", ""restaurant"", ""food"", ""point_of_interest"", ""establishment""]","Piazzale Mazzini, 74, 35137 Padova PD",3.2,20.0,5,"{""latitude"": 45.4139918, ""longitude"": 11.8742111}",https://www.thisisnotasushibar.com/,049 490 7367,PRICE_LEVEL_MODERATE,sushi_restaurant,True,True,True,,True,True,True,True,"[""Monday: 6:30 – 10:15 PM"", ""Tuesday: 6:30 – 10:15 PM"", ""Wednesday: 6:30 – 10:15 PM"", ""Thursday: 6:30 – 10:15 PM"", ""Friday: 6:30 – 10:30 PM"", ""Saturday: 6:30 – 10:30 PM"", ""Sunday: 6:30 – 10:30 PM""]"
ChIJ_yEvTl3afkcR2b8jOrg4xAU,Kebab e Più,"[""kebab_shop"", ""restaurant"", ""point_of_interest"", ""food"", ""establishment""]","Corso del Popolo, 75, 35131 Padova PD",4.1,149.0,5,"{""latitude"": 45.4166342, ""longitude"": 11.8793385}",,320 687 1786,PRICE_LEVEL_INEXPENSIVE,kebab_shop,True,True,,,True,True,,,"[""Monday: 9:00 AM – 11:00 PM"", ""Tuesday: 9:00 AM – 11:00 PM"", ""Wednesday: 9:00 AM – 11:00 PM"", ""Thursday: 9:00 AM – 11:00 PM"", ""Friday: 9:00 AM – 11:00 PM"", ""Saturday: 9:00 AM – 11:00 PM"", ""Sunday: 9:00 AM – 11:00 PM""]"
ChIJa6Ts1k7afkcRPkDMIAADpLk,EL PERICON,"[""argentinian_restaurant"", ""cultural_center"", ""south_american_restaurant"", ""restaurant"", ""food"", ""point_of_interest"", ""establishment""]","Via Concariola, 22, 35100 Padova PD",4.7,213.0,5,"{""latitude"": 45.4062354, ""longitude"": 11.8688089}",,340 540 4635,PRICE_LEVEL_MODERATE,argentinian_restaurant,False,True,True,False,,True,True,True,"[""Monday: Closed"", ""Tuesday: 8:00 PM – 12:00 AM"", ""Wednesday: 8:00 PM – 12:00 AM"", ""Thursday: 8:00 PM – 12:00 AM"", ""Friday: 8:00 PM – 12:00 AM"", ""Saturday: 8:00 PM – 12:00 AM"", ""Sunday: Closed""]"
ChIJa6oIzpvbfkcRtgsc2ijQtVM,Elettrico,"[""restaurant"", ""food"", ""point_of_interest"", ""establishment""]","Passaggio Elena Lucrezia Corner Piscopia, 19, 35137 Padova PD",5.0,12.0,5,"{""latitude"": 45.410751999999995, ""longitude"": 11.875185}",https://elettricopadova.it/,334 875 8900,PRICE_LEVEL_MODERATE,restaurant,,True,True,,True,True,True,True,"[""Monday: Closed"", ""Tuesday: Closed"", ""Wednesday: 12:00 – 3:00 PM, 6:00 PM – 12:00 AM"", ""Thursday: 12:00 – 3:00 PM, 6:00 PM – 12:00 AM"", ""Friday: 12:00 – 3:00 PM, 6:00 PM – 2:00 AM"", ""Saturday: 12:00 – 3:00 PM, 6:00 PM – 2:00 AM"", ""Sunday: 12:00 – 3:00 PM, 6:00 PM – 12:00 AM""]"
ChIJaRh7L9HafkcRMVo5XPrNdWo,Pita Gyros da Andrea,"[""fast_food_restaurant"", ""restaurant"", ""food"", ""point_of_interest"", ""establishment""]","Piazza delle Erbe, 32, 35122 Padova PD",4.3,293.0,5,"{""latitude"": 45.4070592, ""longitude"": 11.875105}",,380 348 4858,PRICE_LEVEL_INEXPENSIVE,fast_food_restaurant,True,True,,,,,,,"[""Monday: 6:00 PM – 12:00 AM"", ""Tuesday: 12:00 – 3:00 PM, 6:00 PM – 12:00 AM"", ""Wednesday: 12:00 – 3:00 PM, 6:00 PM – 2:00 AM"", ""Thursday: 12:00 – 3:00 PM, 6:00 PM – 12:00 AM"", ""Friday: 12:00 – 3:00 PM, 6:00 PM – 2:00 AM"", ""Saturday: 12:00 – 3:00 PM, 6:00 PM – 2:00 AM"", ""Sunday: 12:00 – 3:00 PM, 6:00 PM – 2:00 AM""]"
ChIJaZZ7r5zbfkcROAX_ZJv6Qz8,Poke Sun-rice,"[""hawaiian_restaurant"", ""american_restaurant"", ""restaurant"", ""food"", ""point_of_interest"", ""establishment""]","Via Roma, 106, 35122 Padova PD",4.3,355.0,5,"{""latitude"": 45.4039747, ""longitude"": 11.875631}",https://pokesunrice.com/,388 397 0422,PRICE_LEVEL_MODERATE,hawaiian_restaurant,True,True,,,True,True,,False,"[""Monday: 11:30 AM – 9:00 PM"", ""Tuesday: 11:30 AM – 9:00 PM"", ""Wednesday: 11:30 AM – 9:00 PM"", ""Thursday: 11:30 AM – 9:00 PM"", ""Friday: 11:30 AM – 9:30 PM"", ""Saturday: 11:30 AM – 9:30 PM"", ""Sunday: 11:30 AM – 9:30 PM""]"
ChIJa_2C_vTbfkcR-oo9NNvTgyw,Forastero PD,"[""gastropub"", ""wine_bar"", ""cocktail_bar"", ""liquor_store"", ""bar"", ""restaurant"", ""food"", ""store"", ""point_of_interest"", ""establishment""]","Via Alessandro Manzoni, 4, 35126 Padova PD",4.6,265.0,5,"{""latitude"": 45.3930284, ""longitude"": 11.8787849}",https://forasterocucinadelleameriche.eatbu.com/,049 729 4963,PRICE_LEVEL_MODERATE,gastropub,False,True,True,False,True,True,True,True,"[""Monday: 6:30 PM – 1:00 AM"", ""Tuesday: 6:30 PM – 1:00 AM"", ""Wednesday: 6:30 PM – 1:00 AM"", ""Thursday: 6:30 PM – 1:00 AM"", ""Friday: 6:30 PM – 1:00 AM"", ""Saturday: 6:30 PM – 1:00 AM"", ""Sunday: Closed""]"
ChIJazNdM2fRfkcR-fYzJicKZjc,Hinata sushi ristorante,"[""sushi_restaurant"", ""japanese_restaurant"", ""restaurant"", ""food"", ""point_of_interest"", ""establishment""]","Via Pontevigodarzere, 121, 35133 Padova PD",4.2,700.0,5,"{""latitude"": 45.444564799999995, ""longitude"": 11.893286999999999}",https://www.instagram.com/hinata_sushi_pontevigodarzere?igsh=MXF4NW0xd3loaTNw,049 227 0403,PRICE_LEVEL_MODERATE,sushi_restaurant,True,True,True,,True,True,True,True,"[""Monday: 12:00 – 3:30 PM, 7:00 – 11:30 PM"", ""Tuesday: Closed"", ""Wednesday: 12:00 – 3:30 PM, 7:00 – 11:30 PM"", ""Thursday: 12:00 – 3:30 PM, 7:00 – 11:30 PM"", ""Friday: 12:00 – 3:30 PM, 7:00 – 11:30 PM"", ""Saturday: 12:00 – 3:30 PM, 7:00 – 11:30 PM"", ""Sunday: 12:00 – 3:30 PM, 7:00 – 11:30 PM""]"
ChIJb4Ptv0_afkcRfNweT65ZggQ,Idem Con Patate,"[""fast_food_restaurant"", ""restaurant"", ""food"", ""point_of_interest"", ""establishment""]","Via Daniele Manin, 50, 35139 Padova PD",4.2,687.0,5,"{""latitude"": 45.4071863, ""longitude"": 11.8731308}",http://www.idemconpatate.net/,049 738 0055,PRICE_LEVEL_INEXPENSIVE,fast_food_restaurant,,True,,False,True,True,False,False,"[""Monday: 12:00 – 3:00 PM, 6:00 – 9:30 PM"", ""Tuesday: 12:00 – 3:00 PM, 6:00 – 9:30 PM"", ""Wednesday: 12:00 – 3:00 PM, 6:00 – 9:30 PM"", ""Thursday: 12:00 – 3:00 PM, 6:00 – 9:30 PM"", ""Friday: 12:00 – 3:00 PM, 6:00 – 9:30 PM"", ""Saturday: 11:30 AM – 9:30 PM"", ""Sunday: Closed""]"
ChIJb8FoYPjafkcR8MxYe1zIw_Y,ARISTON RISTORANTE-PIZZERIA,"[""restaurant"", ""italian_restaurant"", ""pizza_restaurant"", ""bar"", ""food"", ""point_of_interest"", ""establishment""]","Via Gabriele Falloppio, 73, 35121 Padova PD",4.1,763.0,5,"{""latitude"": 45.4046185, ""longitude"": 11.8875449}",http://www.ariston.padova.it/,049 876 1453,PRICE_LEVEL_MODERATE,restaurant,,True,True,True,True,True,True,True,"[""Monday: 8:30 AM – 3:00 PM, 7:00 – 10:00 PM"", ""Tuesday: 8:30 AM – 3:00 PM, 7:00 – 10:00 PM"", ""Wednesday: 8:30 AM – 3:00 PM, 7:00 – 10:00 PM"", ""Thursday: 8:30 AM – 3:00 PM, 7:00 – 10:00 PM"", ""Friday: 8:30 AM – 3:00 PM, 7:00 – 10:00 PM"", ""Saturday: Closed"", ""Sunday: Closed""]"
ChIJbQsuIf7afkcR5YFx_-tz65E,"Birreria ""Da Carre""","[""pub"", ""gastropub"", ""night_club"", ""bar"", ""restaurant"", ""food"", ""point_of_interest"", ""establishment""]","Via Jacopo Facciolati, 42, 35126 Padova PD",4.6,718.0,5,"{""latitude"": 45.3972984, ""longitude"": 11.887191}",,347 429 4876,PRICE_LEVEL_MODERATE,pub,False,True,True,,,,True,True,"[""Monday: Closed"", ""Tuesday: 5:30 PM – 1:00 AM"", ""Wednesday: 5:30 PM – 1:00 AM"", ""Thursday: 5:30 PM – 1:00 AM"", ""Friday: 5:30 PM – 2:00 AM"", ""Saturday: 5:30 PM – 2:00 AM"", ""Sunday: Closed""]"
ChIJbXgq4arbfkcRYnT3FsI9cow,Brunch Bar Padova,"[""bar"", ""restaurant"", ""food"", ""point_of_interest"", ""establishment""]","Via Cavazzana, 33/35, 35123 Padova PD",4.4,66.0,5,"{""latitude"": 45.396793699999996, ""longitude"": 11.8799542}",,392 348 2716,PRICE_LEVEL_INEXPENSIVE,bar,False,True,True,,,,True,True,"[""Monday: 6:30 AM – 8:00 PM"", ""Tuesday: 6:30 AM – 8:00 PM"", ""Wednesday: 6:30 AM – 8:00 PM"", ""Thursday: 6:30 AM – 8:00 PM"", ""Friday: 6:30 AM – 8:00 PM"", ""Saturday: 6:30 AM – 8:00 PM"", ""Sunday: Closed""]"
ChIJbffCEwDbfkcRyqU2IKl2G8Y,Alice Pizza,"[""pizza_restaurant"", ""restaurant"", ""food"", ""point_of_interest"", ""establishment""]","Via Venezia, Centro Giotto, 61, 35131 Padova PD",4.1,83.0,5,"{""latitude"": 45.411411, ""longitude"": 11.9068542}",,,PRICE_LEVEL_INEXPENSIVE,pizza_restaurant,,True,,,True,,,,"[""Monday: 11:00 AM – 8:00 PM"", ""Tuesday: 11:00 AM – 8:00 PM"", ""Wednesday: 11:00 AM – 8:00 PM"", ""Thursday: 11:00 AM – 8:00 PM"", ""Friday: 11:00 AM – 8:00 PM"", ""Saturday: 11:00 AM – 8:00 PM"", ""Sunday: 11:00 AM – 8:00 PM""]"
ChIJc2tvVNzbfkcRCClcs0cyhmA,ZEN(Padova) Sushi | Poke | Bao,"[""hawaiian_restaurant"", ""meal_delivery"", ""food_delivery"", ""japanese_restaurant"", ""meal_takeaway"", ""chinese_restaurant"", ""american_restaurant"", ""restaurant"", ""food"", ""point_of_interest"", ""establishment""]","Via Jacopo Facciolati, 38, 35126 Padova PD",4.4,85.0,5,"{""latitude"": 45.397647400000004, ""longitude"": 11.886883099999999}",https://www.zentakeaway.it/,379 258 7134,PRICE_LEVEL_MODERATE,meal_takeaway,True,True,,False,True,True,True,,"[""Monday: Closed"", ""Tuesday: 11:00 AM – 3:00 PM, 6:00 – 11:00 PM"", ""Wednesday: 11:00 AM – 3:00 PM, 6:00 – 11:00 PM"", ""Thursday: 11:00 AM – 3:00 PM, 6:00 – 11:00 PM"", ""Friday: 11:00 AM – 3:00 PM, 6:00 – 11:00 PM"", ""Saturday: 11:00 AM – 3:00 PM, 6:00 – 11:00 PM"", ""Sunday: 11:00 AM – 3:00 PM, 6:00 – 11:00 PM""]"
ChIJc34OU1HafkcRNil1puEkTg8,Frascoli Bacaro / Cicchetteria Veneziana a Padova,"[""wine_bar"", ""bistro"", ""bar"", ""seafood_restaurant"", ""italian_restaurant"", ""restaurant"", ""food"", ""point_of_interest"", ""establishment""]","Via del Santo, 93, 35121 Padova PD",4.5,1606.0,5,"{""latitude"": 45.4034068, ""longitude"": 11.8792261}",https://restaurantht.com/chat/frascoli-bacaro,049 660505,PRICE_LEVEL_EXPENSIVE,italian_restaurant,True,True,True,False,True,True,True,True,"[""Monday: Closed"", ""Tuesday: 11:30 AM – 3:15 PM, 6:30 – 11:00 PM"", ""Wednesday: 11:30 AM – 3:15 PM, 6:30 – 11:00 PM"", ""Thursday: 11:30 AM – 3:15 PM, 6:30 – 11:00 PM"", ""Friday: 11:30 AM – 3:15 PM, 6:30 – 11:00 PM"", ""Saturday: 11:30 AM – 3:15 PM, 6:30 – 11:00 PM"", ""Sunday: Closed""]"
ChIJc4KRSVHafkcRJ94UuOtZI5o,Al Santo,"[""restaurant"", ""food"", ""point_of_interest"", ""establishment""]","Via del Santo, 147, 35123 Padova PD",4.4,804.0,5,"{""latitude"": 45.4025612, ""longitude"": 11.8798475}",http://www.alsanto.it/,049 875 2131,,restaurant,True,True,True,True,True,True,True,True,"[""Monday: 12:00 – 2:30 PM, 7:00 – 11:00 PM"", ""Tuesday: Closed"", ""Wednesday: 12:00 – 2:30 PM, 7:00 – 11:00 PM"", ""Thursday: 12:00 – 2:30 PM, 7:00 – 11:00 PM"", ""Friday: 12:00 – 2:30 PM, 7:00 – 11:00 PM"", ""Saturday: 12:00 – 2:30 PM, 7:00 – 11:00 PM"", ""Sunday: 12:00 – 2:30 PM, 7:00 – 11:00 PM""]"
ChIJcUe4zhfbfkcRuMjuq3X4X8A,Johnny Takeué Padova,"[""pizza_restaurant"", ""italian_restaurant"", ""restaurant"", ""food"", ""point_of_interest"", ""establishment""]","Via Guizza Conselvana, 284, 35125 Padova PD",4.3,847.0,5,"{""latitude"": 45.3729484, ""longitude"": 11.8708957}",https://www.johnnypizzaportafoglio.it/,049 684185,PRICE_LEVEL_MODERATE,pizza_restaurant,True,True,True,False,True,True,True,True,"[""Monday: 12:00 – 3:00 PM, 7:00 PM – 12:00 AM"", ""Tuesday: 12:00 – 3:00 PM, 7:00 PM – 12:00 AM"", ""Wednesday: 12:00 – 3:00 PM, 7:00 PM – 12:00 AM"", ""Thursday: 12:00 – 3:00 PM, 7:00 PM – 12:00 AM"", ""Friday: 12:00 – 3:00 PM, 7:00 PM – 12:00 AM"", ""Saturday: 12:00 – 3:00 PM, 7:00 PM – 12:00 AM"", ""Sunday: 12:00 – 3:00 PM, 7:00 PM – 12:00 AM""]"
ChIJcWVNMl_bfkcRXTNO-ITi8z0,Arcella pizza kabab,"[""pizza_restaurant"", ""restaurant"", ""food"", ""point_of_interest"", ""establishment""]","Via Giovanni d'Alemagna, 12a, 35134 Padova PD",3.7,51.0,5,"{""latitude"": 45.427194899999996, ""longitude"": 11.884375799999999}",,350 993 5431,PRICE_LEVEL_INEXPENSIVE,pizza_restaurant,True,True,,,True,True,,,"[""Monday: 10:00 AM – 3:00 AM"", ""Tuesday: 10:00 AM – 3:00 AM"", ""Wednesday: 10:00 AM – 3:00 AM"", ""Thursday: 10:00 AM – 3:00 AM"", ""Friday: 10:00 AM – 3:00 AM"", ""Saturday: 10:00 AM – 3:00 AM"", ""Sunday: 10:00 AM – 3:00 AM""]"
ChIJcX65AM_bfkcRXs5K5Fol9Us,Il desco,"[""restaurant"", ""food"", ""point_of_interest"", ""establishment""]","Via M. Cesarotti, 17, 35123 Padova PD",4.1,170.0,5,"{""latitude"": 45.4021804, ""longitude"": 11.881630399999999}",https://www.ildescopadova.com/,049 823 9711,PRICE_LEVEL_MODERATE,restaurant,False,True,True,True,True,True,True,True,"[""Monday: 12:00 – 2:30 PM"", ""Tuesday: 12:00 – 2:30 PM, 7:00 – 10:00 PM"", ""Wednesday: 12:00 – 2:30 PM, 7:00 – 10:00 PM"", ""Thursday: 12:00 – 2:30 PM, 7:00 – 10:00 PM"", ""Friday: 12:00 – 2:30 PM, 7:00 – 10:00 PM"", ""Saturday: 12:00 – 2:30 PM, 7:00 – 10:00 PM"", ""Sunday: 12:00 – 2:30 PM""]"
ChIJcXwonjjafkcRlRBuQK-Xe_Y,Masa Sushi,"[""japanese_restaurant"", ""sushi_restaurant"", ""seafood_restaurant"", ""restaurant"", ""food"", ""point_of_interest"", ""establishment""]","Via Raggio di Sole, 45, 35137 Padova PD",4.5,936.0,5,"{""latitude"": 45.412374, ""longitude"": 11.865250800000002}",https://www.masapadova.it/,049 871 3290,PRICE_LEVEL_MODERATE,japanese_restaurant,True,True,True,False,True,True,True,True,"[""Monday: Closed"", ""Tuesday: 12:15 – 2:30 PM, 7:15 – 11:30 PM"", ""Wednesday: 12:15 – 2:30 PM, 7:15 – 11:30 PM"", ""Thursday: 12:15 – 2:30 PM, 7:15 – 11:30 PM"", ""Friday: 12:15 – 2:30 PM, 7:15 – 11:30 PM"", ""Saturday: 12:15 – 2:30 PM, 7:15 – 11:30 PM"", ""Sunday: 12:15 – 2:30 PM, 7:15 – 11:30 PM""]"
ChIJcYOv3U_afkcRkMVR93RtSZY,Dante alle Piazze,"[""restaurant"", ""seafood_restaurant"", ""italian_restaurant"", ""point_of_interest"", ""food"", ""establishment""]","Via Daniele Manin, 10, 35139 Padova PD",4.5,492.0,5,"{""latitude"": 45.407, ""longitude"": 11.8742}",https://danteallepiazze.it/,049 836 0973,,restaurant,False,True,True,,True,True,True,True,"[""Monday: 7:30 – 10:30 PM"", ""Tuesday: 12:30 – 2:30 PM, 7:30 – 10:30 PM"", ""Wednesday: 12:30 – 2:30 PM, 7:30 – 10:30 PM"", ""Thursday: 12:30 – 2:30 PM, 7:30 – 10:30 PM"", ""Friday: 12:30 – 2:30 PM, 7:30 – 10:30 PM"", ""Saturday: 12:30 – 2:30 PM, 7:30 – 10:30 PM"", ""Sunday: Closed""]"
ChIJcYy-2UTafkcRK_k0LGfZA-A,SO’ RIVÀ - Storie di Sapori (ri)trovati,"[""restaurant"", ""food"", ""point_of_interest"", ""establishment""]","Passaggio Corner, 22, 35137 Padova PD",4.7,417.0,5,"{""latitude"": 45.410764099999994, ""longitude"": 11.8752882}",http://www.sorivaristorantino.it/,049 660565,PRICE_LEVEL_EXPENSIVE,restaurant,False,True,True,False,True,True,True,True,"[""Monday: Closed"", ""Tuesday: 12:45 – 2:00 PM, 7:30 – 10:00 PM"", ""Wednesday: 12:45 – 2:00 PM, 7:30 – 10:00 PM"", ""Thursday: 12:45 – 2:00 PM, 7:30 – 10:00 PM"", ""Friday: 12:45 – 2:00 PM, 7:30 – 10:00 PM"", ""Saturday: 12:45 – 2:00 PM, 7:30 – 10:00 PM"", ""Sunday: Closed""]"
ChIJcb7aZzbFfkcR5ZcyvzQoISI,Ristorante Lotus,"[""japanese_restaurant"", ""restaurant"", ""point_of_interest"", ""food"", ""establishment""]","Via Vigonovese, 427, 35127 Padova PD",4.2,1247.0,5,"{""latitude"": 45.39777540000001, ""longitude"": 11.9668625}",http://www.lotusrestaurant.it/,049 096 4019,PRICE_LEVEL_MODERATE,japanese_restaurant,,True,True,False,True,True,True,True,"[""Monday: Closed"", ""Tuesday: 12:00 – 3:00 PM, 7:00 – 11:30 PM"", ""Wednesday: 12:00 – 3:00 PM, 7:00 – 11:30 PM"", ""Thursday: 12:00 – 3:00 PM, 7:00 – 11:30 PM"", ""Friday: 12:00 – 3:00 PM, 7:00 – 11:30 PM"", ""Saturday: 12:00 – 3:00 PM, 7:00 – 11:30 PM"", ""Sunday: 12:00 – 3:00 PM, 7:00 – 11:30 PM""]"
ChIJcdfL3G_bfkcR5FCN8fo4SOg,Con Mollica o Senza? - Padova,"[""sandwich_shop"", ""restaurant"", ""food"", ""point_of_interest"", ""establishment""]","Via del Santo, 64, 35123 Padova PD",4.5,555.0,5,"{""latitude"": 45.4030067, ""longitude"": 11.879293899999999}",https://conmollicaosenzashop.it/,,PRICE_LEVEL_MODERATE,sandwich_shop,,True,False,,True,,True,,"[""Monday: 11:00 AM – 10:00 PM"", ""Tuesday: 11:00 AM – 10:00 PM"", ""Wednesday: 11:00 AM – 10:00 PM"", ""Thursday: 11:00 AM – 10:00 PM"", ""Friday: 10:00 AM – 11:00 PM"", ""Saturday: 10:00 AM – 11:00 PM"", ""Sunday: 10:00 AM – 11:00 PM""]"
ChIJcfE46A_bfkcRr2lUlKgDiLg,Ristorante halal la famille,"[""restaurant"", ""food"", ""point_of_interest"", ""establishment""]","Via Trieste, 26, 35121 Padova PD",4.9,125.0,5,"{""latitude"": 45.414060199999994, ""longitude"": 11.877163099999999}",https://lafamilleristorantehalal.it/,333 543 7330,PRICE_LEVEL_MODERATE,restaurant,,True,True,,True,True,False,False,"[""Monday: Closed"", ""Tuesday: 11:00 AM – 9:00 PM"", ""Wednesday: 11:00 AM – 9:00 PM"", ""Thursday: 11:00 AM – 9:00 PM"", ""Friday: 11:00 AM – 9:00 PM"", ""Saturday: 11:00 AM – 9:00 PM"", ""Sunday: 11:00 AM – 9:00 PM""]"
ChIJcy7o5arbfkcRU3HHqteWr5w,Bar Ristorante Aladino,"[""kebab_shop"", ""bar"", ""restaurant"", ""food"", ""point_of_interest"", ""establishment""]","Via Giuseppe Ferrari, 1/A, 35123 Padova PD",4.6,481.0,5,"{""latitude"": 45.3961586, ""longitude"": 11.880587}",,049 875 6705,PRICE_LEVEL_INEXPENSIVE,kebab_shop,True,True,True,True,True,True,True,True,"[""Monday: 10:00 AM – 12:00 AM"", ""Tuesday: Closed"", ""Wednesday: 10:00 AM – 12:00 AM"", ""Thursday: 10:00 AM – 12:00 AM"", ""Friday: 10:00 AM – 12:00 AM"", ""Saturday: 10:00 AM – 12:00 AM"", ""Sunday: 10:00 AM – 12:00 AM""]"
ChIJd-HLaPfafkcRHsOB_7jMnAs,Il Re Del Kebab,"[""kebab_shop"", ""fast_food_restaurant"", ""restaurant"", ""food"", ""point_of_interest"", ""establishment""]","Via Giambattista Belzoni, 127, 35131 Padova PD",3.5,343.0,5,"{""latitude"": 45.4071393, ""longitude"": 11.891334299999999}",,049 774447,PRICE_LEVEL_INEXPENSIVE,kebab_shop,True,True,,False,True,True,True,False,"[""Monday: 11:00 AM – 2:00 AM"", ""Tuesday: 11:00 AM – 2:00 AM"", ""Wednesday: 11:00 AM – 2:00 AM"", ""Thursday: 11:00 AM – 2:00 AM"", ""Friday: 11:00 AM – 2:00 AM"", ""Saturday: 11:00 AM – 2:00 AM"", ""Sunday: 11:00 AM – 2:00 AM""]"
ChIJdfTuex_bfkcR-7ZldmDjgwQ,Il Riccio a caccia di focaccia,"[""sandwich_shop"", ""restaurant"", ""food"", ""point_of_interest"", ""establishment""]","Via Giulio Alessio, 7, 35121 Padova PD",5.0,403.0,5,"{""latitude"": 45.4086582, ""longitude"": 11.881434299999999}",http://ilriccioacacciadifocaccia.eatbu.com/,351 592 3792,PRICE_LEVEL_INEXPENSIVE,sandwich_shop,True,True,,,True,,,,"[""Monday: Closed"", ""Tuesday: 11:00 AM – 6:30 PM"", ""Wednesday: 11:00 AM – 6:30 PM"", ""Thursday: 11:00 AM – 6:30 PM"", ""Friday: 11:00 AM – 6:30 PM"", ""Saturday: 11:00 AM – 3:30 PM"", ""Sunday: Closed""]"
ChIJdxqR22XIfkcR3hkzwGiWIDI,Osteria19/29,"[""seafood_restaurant"", ""restaurant"", ""food"", ""point_of_interest"", ""establishment""]","Via Cavazzana, 24, 35123 Padova PD",4.0,878.0,5,"{""latitude"": 45.3963335, ""longitude"": 11.881288999999999}",http://www.osteria19-29.it/,331 714 7694,PRICE_LEVEL_MODERATE,seafood_restaurant,False,True,True,False,True,True,False,True,"[""Monday: Closed"", ""Tuesday: Closed"", ""Wednesday: Closed"", ""Thursday: 7:30 – 11:00 PM"", ""Friday: 8:00 – 11:00 PM"", ""Saturday: 12:30 – 3:00 PM, 8:00 – 11:00 PM"", ""Sunday: 12:30 – 3:30 PM, 7:30 – 10:30 PM""]"
ChIJe5i9KDnbfkcRCCuoJXOISrg,Burger King Italy,"[""hamburger_restaurant"", ""american_restaurant"", ""restaurant"", ""food"", ""point_of_interest"", ""establishment""]","Via Venezia, 9, 35121 Padova PD",4.1,186.0,5,"{""latitude"": 45.4117768, ""longitude"": 11.8941945}",https://www.burgerking.it/,049 785 2046,PRICE_LEVEL_MODERATE,hamburger_restaurant,,True,False,True,True,True,,,"[""Monday: 11:00 AM – 12:00 AM"", ""Tuesday: 11:00 AM – 12:00 AM"", ""Wednesday: 11:00 AM – 12:00 AM"", ""Thursday: 11:00 AM – 12:00 AM"", ""Friday: 11:00 AM – 12:00 AM"", ""Saturday: 11:00 AM – 12:00 AM"", ""Sunday: 11:00 AM – 12:00 AM""]"
ChIJeTnZNgDbfkcRIEWsB4_WnZQ,餐馆,"[""chinese_restaurant"", ""restaurant"", ""food"", ""point_of_interest"", ""establishment""]","Via Vigonovese, 46, 35127 Padova PD",2.5,2.0,2,"{""latitude"": 45.4022934, ""longitude"": 11.9322602}",,377 880 4323,,chinese_restaurant,,True,True,,True,True,True,,[]
ChIJeWbBYkXafkcRkHH78IxHf5g,daPRETTE - bakery,"[""fast_food_restaurant"", ""coffee_shop"", ""pastry_shop"", ""bakery"", ""dessert_shop"", ""cocktail_bar"", ""confectionery"", ""night_club"", ""bar"", ""food_store"", ""cafe"", ""restaurant"", ""food"", ""point_of_interest"", ""store"", ""establishment""]","Via Dante Alighieri, 24, 35139 Padova PD",4.1,1297.0,5,"{""latitude"": 45.4084809, ""longitude"": 11.8732343}",https://daprette.com/,049 799 1965,PRICE_LEVEL_INEXPENSIVE,fast_food_restaurant,True,True,,True,True,True,True,True,"[""Monday: 7:30 AM – 11:00 PM"", ""Tuesday: 7:30 AM – 11:00 PM"", ""Wednesday: 7:30 AM – 11:00 PM"", ""Thursday: 7:30 AM – 11:00 PM"", ""Friday: 7:30 AM – 2:00 AM"", ""Saturday: 7:30 AM – 2:00 AM"", ""Sunday: 8:30 AM – 11:00 PM""]"
ChIJeXTsG6XbfkcRlVbGTbfmIHE,Al Camin,"[""pizza_restaurant"", ""restaurant"", ""food"", ""point_of_interest"", ""establishment""]","Viale Felice Cavallotti, 44, 35124 Padova PD",4.1,413.0,5,"{""latitude"": 45.387552400000004, ""longitude"": 11.8681805}",https://www.ristorantepizzeriaalcamin.it/,049 687835,PRICE_LEVEL_MODERATE,pizza_restaurant,True,True,True,,True,True,True,True,"[""Monday: 12:00 – 3:00 PM, 7:00 – 11:30 PM"", ""Tuesday: 12:00 – 3:00 PM, 7:00 – 11:00 PM"", ""Wednesday: 12:00 – 3:00 PM, 7:00 – 11:30 PM"", ""Thursday: 12:00 – 3:00 PM"", ""Friday: 12:00 – 3:00 PM, 7:00 – 11:30 PM"", ""Saturday: 12:00 – 3:00 PM, 7:00 PM – 12:00 AM"", ""Sunday: 7:00 – 11:00 PM""]"
ChIJeaet1pLafkcRQK8Mo2uXVog,Ristorante da Giovanni,"[""restaurant"", ""italian_restaurant"", ""food"", ""point_of_interest"", ""establishment""]","Via Pietro Maroncelli, 22, 35129 Padova PD",4.4,2391.0,5,"{""latitude"": 45.414718, ""longitude"": 11.905206999999999}",http://www.ristorantedagiovannipd.it/,049 772620,PRICE_LEVEL_EXPENSIVE,restaurant,False,True,True,False,True,True,True,True,"[""Monday: 12:00 – 4:00 PM, 7:30 PM – 12:00 AM"", ""Tuesday: 12:00 – 4:00 PM, 7:30 PM – 12:00 AM"", ""Wednesday: 12:00 – 4:00 PM, 7:30 PM – 12:00 AM"", ""Thursday: 12:00 – 4:00 PM, 7:30 PM – 12:00 AM"", ""Friday: 12:00 – 4:00 PM, 7:30 PM – 12:00 AM"", ""Saturday: 7:30 PM – 12:00 AM"", ""Sunday: Closed""]"
ChIJeeU78IjZfkcReoht8Oi1dQs,"Strada Facendo a Padova - Ristorante etico - Cibo, Arte e Incontri","[""restaurant"", ""food"", ""point_of_interest"", ""establishment""]","Via Chiesanuova, 131, 35139 Padova PD",4.5,643.0,5,"{""latitude"": 45.413484, ""longitude"": 11.8371301}",,342 832 8505,PRICE_LEVEL_MODERATE,restaurant,False,True,True,False,True,True,True,True,"[""Monday: Closed"", ""Tuesday: 7:30 – 10:00 PM"", ""Wednesday: 7:30 – 10:00 PM"", ""Thursday: 7:30 – 10:00 PM"", ""Friday: 7:30 – 10:00 PM"", ""Saturday: 7:30 – 10:00 PM"", ""Sunday: Closed""]"
ChIJefDK80bdfkcR7bNAUwCCYdo,Yume Sushi Padova,"[""sushi_restaurant"", ""japanese_restaurant"", ""restaurant"", ""food"", ""point_of_interest"", ""establishment""]","Via Guizza, 441, 35125 Padova PD",4.4,947.0,5,"{""latitude"": 45.358646799999995, ""longitude"": 11.8722814}",http://www.yumesushipadova.it/,331 298 3835,PRICE_LEVEL_MODERATE,sushi_restaurant,True,True,True,False,True,True,True,True,"[""Monday: 12:00 – 3:00 PM, 7:00 PM – 12:00 AM"", ""Tuesday: 12:00 – 3:00 PM, 7:00 PM – 12:00 AM"", ""Wednesday: 12:00 – 3:00 PM, 7:00 PM – 12:00 AM"", ""Thursday: 12:00 – 3:00 PM, 7:00 PM – 12:00 AM"", ""Friday: 12:00 – 3:00 PM, 7:00 PM – 12:00 AM"", ""Saturday: 12:00 – 3:00 PM, 7:00 PM – 12:00 AM"", ""Sunday: 12:00 – 3:00 PM, 7:00 PM – 12:00 AM""]"
ChIJf4C4fETafkcR-j5eKA5667Q,Ostaria Al Traguardo,"[""restaurant"", ""food"", ""point_of_interest"", ""establishment""]","Via Francesco Petrarca, 13, 35137 Padova PD",4.0,198.0,5,"{""latitude"": 45.4125471, ""longitude"": 11.8736427}",,049 878 9508,PRICE_LEVEL_MODERATE,restaurant,False,True,True,,True,True,True,True,"[""Monday: 9:00 AM – 3:00 PM, 5:00 PM – 1:00 AM"", ""Tuesday: 9:00 AM – 3:00 PM, 5:00 PM – 1:00 AM"", ""Wednesday: 9:00 AM – 3:00 PM, 5:00 PM – 1:00 AM"", ""Thursday: 9:00 AM – 3:00 PM, 5:00 PM – 1:00 AM"", ""Friday: 9:00 AM – 3:00 PM, 5:00 PM – 1:00 AM"", ""Saturday: 9:00 AM – 3:00 PM, 5:00 PM – 1:00 AM"", ""Sunday: Closed""]"
ChIJfxPgA-fafkcRaFk7SCN2LeQ,Osteria Enoteca L'Indeciso,"[""restaurant"", ""wine_bar"", ""bar"", ""food"", ""point_of_interest"", ""establishment""]","Via Gattamelata, 21, 35128 Padova PD",4.5,529.0,5,"{""latitude"": 45.4022544, ""longitude"": 11.9075049}",https://indecisopadova.it/,345 343 6293,PRICE_LEVEL_MODERATE,restaurant,,True,True,False,True,True,True,True,"[""Monday: 12:00 – 3:00 PM, 6:30 – 11:30 PM"", ""Tuesday: 12:00 – 3:00 PM, 6:30 – 11:30 PM"", ""Wednesday: 12:00 – 3:00 PM"", ""Thursday: 12:00 – 3:00 PM, 6:30 – 11:30 PM"", ""Friday: 12:00 – 3:00 PM, 6:30 – 11:30 PM"", ""Saturday: 6:30 – 11:30 PM"", ""Sunday: Closed""]"
ChIJfy9L-u3afkcRIMtKujQiQCA,Punto al Centro,"[""bistro"", ""restaurant"", ""food"", ""point_of_interest"", ""establishment""]","Piazza Giacomo Zanellato, 15/16, 35128 Padova PD",3.9,52.0,5,"{""latitude"": 45.4104605, ""longitude"": 11.901198899999999}",,049 807 5079,PRICE_LEVEL_INEXPENSIVE,bistro,True,True,True,True,True,,True,True,"[""Monday: 7:00 AM – 7:00 PM"", ""Tuesday: 7:00 AM – 7:00 PM"", ""Wednesday: 7:00 AM – 7:00 PM"", ""Thursday: 7:00 AM – 7:00 PM"", ""Friday: 7:00 AM – 7:00 PM"", ""Saturday: Closed"", ""Sunday: Closed""]"
ChIJfz6I4gDbfkcR41z6I9kFOW8,Birrificio CRAK | Casana | Birra Artigianale,"[""brewpub"", ""gastropub"", ""pub"", ""bar"", ""restaurant"", ""food"", ""point_of_interest"", ""establishment""]","Via Santi Fabiano e Sebastiano, 13, 35143 Padova PD",4.4,1642.0,5,"{""latitude"": 45.396746799999995, ""longitude"": 11.8381405}",https://www.crakbrewery.com/casana/,049 742 3095,PRICE_LEVEL_MODERATE,brewpub,False,True,True,,,,True,True,"[""Monday: 5:00 PM – 1:00 AM"", ""Tuesday: 5:00 PM – 1:00 AM"", ""Wednesday: 5:00 PM – 1:00 AM"", ""Thursday: 5:00 PM – 1:00 AM"", ""Friday: 5:00 PM – 2:00 AM"", ""Saturday: 5:00 PM – 2:00 AM"", ""Sunday: 12:00 PM – 12:00 AM""]"
ChIJg65iXQjbfkcRViFtwPMhrqo,Suvlaki Greco,"[""greek_restaurant"", ""restaurant"", ""food"", ""point_of_interest"", ""establishment""]","Via Fabrici Girolamo d'Acquapendente, 75/A, 35126 Padova PD",4.6,844.0,5,"{""latitude"": 45.387260399999995, ""longitude"": 11.8811862}",https://www.suvlakigreco.it/,351 500 2151,PRICE_LEVEL_INEXPENSIVE,greek_restaurant,True,True,True,False,,True,True,True,"[""Monday: Closed"", ""Tuesday: Closed"", ""Wednesday: 6:30 – 11:00 PM"", ""Thursday: 6:30 – 11:00 PM"", ""Friday: 6:30 – 11:00 PM"", ""Saturday: 6:30 – 11:00 PM"", ""Sunday: 6:30 – 11:00 PM""]"
ChIJg7NrYVTafkcRiB1LYuRYRMA,Pizzeria Al Borgo,"[""pizza_restaurant"", ""restaurant"", ""point_of_interest"", ""food"", ""establishment""]","Via Belludi Beato Luca, 56, 35123 Padova PD",4.4,1013.0,5,"{""latitude"": 45.4006706, ""longitude"": 11.879576199999999}",,049 875 8857,PRICE_LEVEL_MODERATE,pizza_restaurant,False,True,True,False,True,True,True,True,"[""Monday: 12:00 – 2:30 PM, 7:00 – 11:00 PM"", ""Tuesday: Closed"", ""Wednesday: 12:00 – 2:30 PM, 7:00 – 11:00 PM"", ""Thursday: 12:00 – 2:30 PM, 7:00 – 11:00 PM"", ""Friday: 12:00 – 2:30 PM, 7:00 – 11:00 PM"", ""Saturday: 12:00 – 2:30 PM, 7:00 – 11:00 PM"", ""Sunday: 12:00 – 2:30 PM, 7:00 – 11:00 PM""]"
ChIJgVc-HlDafkcR25X28A28FRw,Tartare 18,"[""restaurant"", ""supermarket"", ""grocery_store"", ""food_store"", ""food"", ""store"", ""point_of_interest"", ""establishment""]","Sotto Il Salone, 18, 35122 Padova PD",4.8,161.0,5,"{""latitude"": 45.407201, ""longitude"": 11.874941999999999}",http://www.tartare18.com/,366 370 5157,PRICE_LEVEL_MODERATE,restaurant,True,True,True,,True,True,True,True,"[""Monday: 10:00 AM – 2:00 PM, 5:15 – 9:15 PM"", ""Tuesday: 10:00 AM – 2:00 PM, 5:15 – 9:15 PM"", ""Wednesday: 10:00 AM – 2:00 PM, 5:15 – 9:15 PM"", ""Thursday: 10:00 AM – 2:00 PM, 5:15 – 9:15 PM"", ""Friday: 10:00 AM – 2:00 PM, 5:15 – 10:00 PM"", ""Saturday: 9:00 AM – 10:00 PM"", ""Sunday: 11:30 AM – 2:30 PM, 6:30 – 9:30 PM""]"
ChIJga4DK_DafkcR__KPoqjyB6M,Taverna Greca Al Fistomba,"[""greek_restaurant"", ""coffee_shop"", ""cafe"", ""food_store"", ""store"", ""restaurant"", ""food"", ""point_of_interest"", ""establishment""]","Ponte. Ognissanti, 3, 35131 Padova PD",4.2,1055.0,5,"{""latitude"": 45.4079767, ""longitude"": 11.8996293}",,380 348 4858,PRICE_LEVEL_MODERATE,greek_restaurant,True,True,True,,True,True,True,True,"[""Monday: Closed"", ""Tuesday: 7:00 – 10:15 PM"", ""Wednesday: 12:00 – 3:00 PM, 7:00 – 10:15 PM"", ""Thursday: 12:00 – 3:00 PM, 7:00 – 10:15 PM"", ""Friday: 12:00 – 3:00 PM, 7:00 – 10:15 PM"", ""Saturday: 12:00 – 11:00 PM"", ""Sunday: 12:00 – 11:00 PM""]"
ChIJgahnhkTafkcRjOS0yqc05k0,Ristorante Pizzeria Al Carmine,"[""pizza_restaurant"", ""pizza_delivery"", ""meal_delivery"", ""food_delivery"", ""meal_takeaway"", ""restaurant"", ""food"", ""point_of_interest"", ""establishment""]","Piazza Petrarca, 8, 35137 Padova PD",4.3,1723.0,5,"{""latitude"": 45.4123703, ""longitude"": 11.8744012}",https://www.alcarminepizzeria.it/,049 876 4952,PRICE_LEVEL_MODERATE,restaurant,True,True,True,False,True,True,True,True,"[""Monday: Closed"", ""Tuesday: 12:00 – 2:30 PM, 7:00 PM – 12:00 AM"", ""Wednesday: 12:00 – 2:30 PM, 7:00 PM – 12:00 AM"", ""Thursday: 12:00 – 2:30 PM, 7:00 PM – 12:00 AM"", ""Friday: 12:00 – 2:30 PM, 7:00 PM – 12:00 AM"", ""Saturday: 7:00 PM – 12:00 AM"", ""Sunday: 7:00 PM – 12:00 AM""]"
ChIJgd7lGbzbfkcRRmCOYA4ahBI,Lievitarti - Guizza,"[""pizza_delivery"", ""pizza_restaurant"", ""meal_takeaway"", ""meal_delivery"", ""food_delivery"", ""restaurant"", ""food"", ""point_of_interest"", ""establishment""]","Via Guizza Conselvana, 233, 35125 Padova PD",4.4,107.0,5,"{""latitude"": 45.3744848, ""longitude"": 11.8707959}",https://lievitarti.com/pages/lapizza,049 501 6536,PRICE_LEVEL_INEXPENSIVE,pizza_delivery,True,,,,,,,,"[""Monday: 6:00 – 10:00 PM"", ""Tuesday: 6:00 – 10:00 PM"", ""Wednesday: 6:00 – 10:00 PM"", ""Thursday: 6:00 – 10:00 PM"", ""Friday: 6:00 – 10:00 PM"", ""Saturday: 6:00 – 10:00 PM"", ""Sunday: 6:00 – 10:00 PM""]"
ChIJgxBB_LrbfkcR4vPJOeFgUw8,L'Officina al Bersagliere,"[""restaurant"", ""food"", ""point_of_interest"", ""establishment""]","Via Donatello, 6, 35123 Padova PD",4.3,1113.0,5,"{""latitude"": 45.3996103, ""longitude"": 11.878048699999999}",http://www.officinaristorante.it/,049 690145,PRICE_LEVEL_EXPENSIVE,restaurant,False,True,True,False,True,True,True,True,"[""Monday: 12:00 – 2:00 PM, 7:30 – 9:30 PM"", ""Tuesday: 12:00 – 2:00 PM, 7:30 – 9:30 PM"", ""Wednesday: Closed"", ""Thursday: 12:00 – 2:00 PM, 7:30 – 9:30 PM"", ""Friday: 12:00 – 2:00 PM, 7:30 – 9:30 PM"", ""Saturday: 12:00 – 2:00 PM, 7:30 – 9:30 PM"", ""Sunday: 12:00 – 2:00 PM""]"
ChIJgyc_Yc3afkcRCn2oHZFoDrQ,Nuovo Wen Zhou Ristorante,"[""restaurant"", ""food"", ""point_of_interest"", ""establishment""]","Via Vigonovese, 46H, 35127 Padova PD",4.4,41.0,5,"{""latitude"": 45.4023683, ""longitude"": 11.932341}",,333 162 3220,PRICE_LEVEL_MODERATE,restaurant,,True,True,,True,True,True,True,"[""Monday: 11:00 AM – 9:30 PM"", ""Tuesday: 11:00 AM – 9:30 PM"", ""Wednesday: 11:00 AM – 9:30 PM"", ""Thursday: 11:00 AM – 9:30 PM"", ""Friday: 11:00 AM – 9:30 PM"", ""Saturday: 11:00 AM – 9:30 PM"", ""Sunday: 11:00 AM – 9:30 PM""]"
ChIJh2G3j1bafkcRM1xE2KcZBJ0,Pago Pago Pizzeria con Ristorante,"[""pizza_restaurant"", ""restaurant"", ""food"", ""point_of_interest"", ""establishment""]","Via Galileo Galilei, 59, 35121 Padova PD",4.4,2456.0,5,"{""latitude"": 45.4033699, ""longitude"": 11.879552799999999}",http://www.pizzeriapagopago.com/,049 665558,PRICE_LEVEL_MODERATE,pizza_restaurant,False,True,True,False,True,True,True,True,"[""Monday: 12:00 – 11:30 PM"", ""Tuesday: Closed"", ""Wednesday: 12:00 – 11:30 PM"", ""Thursday: 12:00 – 11:30 PM"", ""Friday: 12:00 – 11:30 PM"", ""Saturday: 12:00 – 11:30 PM"", ""Sunday: 12:00 – 11:30 PM""]"
ChIJh3U8rljbfkcRkgPPalaN4NU,HAMBURG... E VIA!,"[""hamburger_restaurant"", ""italian_restaurant"", ""american_restaurant"", ""restaurant"", ""food"", ""point_of_interest"", ""establishment""]","Via Santa Maria Assunta, 58, 35125 Padova PD",4.5,273.0,5,"{""latitude"": 45.3810381, ""longitude"": 11.8685069}",https://qrco.de/bfiwg9,375 626 5666,PRICE_LEVEL_MODERATE,hamburger_restaurant,True,True,True,False,True,True,True,,"[""Monday: Closed"", ""Tuesday: Closed"", ""Wednesday: 6:15 – 10:15 PM"", ""Thursday: 6:15 – 10:15 PM"", ""Friday: 6:15 – 10:15 PM"", ""Saturday: 6:15 – 10:15 PM"", ""Sunday: 6:15 – 10:15 PM""]"
ChIJh3amc1rbfkcRsUfx3EC_jfE,Fresco Trattoria Pizzeria,"[""pizza_restaurant"", ""italian_restaurant"", ""bar"", ""restaurant"", ""food"", ""point_of_interest"", ""establishment""]","Via del Santo, 102, 35123 Padova PD",3.5,1202.0,5,"{""latitude"": 45.4020034, ""longitude"": 11.879613800000001}",http://frescotrattoria.it/,049 981 4038,PRICE_LEVEL_MODERATE,pizza_restaurant,True,True,True,True,True,True,True,True,"[""Monday: 9:00 AM – 11:00 PM"", ""Tuesday: 9:00 AM – 11:00 PM"", ""Wednesday: 9:00 AM – 11:00 PM"", ""Thursday: 9:00 AM – 11:00 PM"", ""Friday: 9:00 AM – 11:00 PM"", ""Saturday: 9:00 AM – 11:00 PM"", ""Sunday: 9:00 AM – 11:00 PM""]"
ChIJh6G1xFzafkcRtdrl8_Edep8,Pizza,"[""restaurant"", ""food"", ""point_of_interest"", ""establishment""]","Corso del Popolo, 11, 35131 Padova PD",4.3,51.0,5,"{""latitude"": 45.414308, ""longitude"": 11.878832}",,049 688 1563,PRICE_LEVEL_INEXPENSIVE,restaurant,True,True,True,,True,,,,"[""Monday: 10:00 AM – 10:00 PM"", ""Tuesday: 10:00 AM – 10:00 PM"", ""Wednesday: 10:00 AM – 10:00 PM"", ""Thursday: 10:00 AM – 10:00 PM"", ""Friday: 10:00 AM – 10:00 PM"", ""Saturday: 10:00 AM – 10:00 PM"", ""Sunday: 10:00 AM – 10:00 PM""]"
ChIJh948sIXQfkcRajkKW3gxQSU,Grande Shanghai,"[""chinese_restaurant"", ""vegetarian_restaurant"", ""restaurant"", ""food"", ""point_of_interest"", ""establishment""]","Via Pontevigodarzere, 75, 35133 Padova PD",4.3,1722.0,5,"{""latitude"": 45.442442199999995, ""longitude"": 11.893240299999999}",https://www.ristorantegrandeshanghai.com/,049 703035,PRICE_LEVEL_MODERATE,chinese_restaurant,,True,True,False,True,True,True,True,"[""Monday: 5:30 – 11:30 PM"", ""Tuesday: 11:30 AM – 3:00 PM, 5:30 – 11:30 PM"", ""Wednesday: 11:30 AM – 3:00 PM, 5:30 – 11:30 PM"", ""Thursday: 11:30 AM – 3:00 PM, 5:30 – 11:30 PM"", ""Friday: 11:30 AM – 3:00 PM, 5:30 – 11:30 PM"", ""Saturday: 11:00 AM – 3:00 PM, 5:30 – 11:30 PM"", ""Sunday: 11:30 AM – 3:00 PM, 5:30 – 11:30 PM""]"
ChIJhSMMx2XafkcR47OvRXJlcOU,Rangoli Indian Restaurant,"[""indian_restaurant"", ""restaurant"", ""food"", ""point_of_interest"", ""establishment""]","Via T. Aspetti, 116, 35132 Padova PD",4.5,869.0,5,"{""latitude"": 45.4227011, ""longitude"": 11.8836675}",http://www.rangolipadova.it/,049 605964,PRICE_LEVEL_MODERATE,indian_restaurant,True,True,True,False,True,True,True,True,"[""Monday: 7:00 – 10:30 PM"", ""Tuesday: 12:30 – 2:00 PM, 7:00 – 10:30 PM"", ""Wednesday: 12:30 – 2:00 PM, 7:00 – 10:30 PM"", ""Thursday: 12:30 – 2:00 PM, 7:00 – 10:30 PM"", ""Friday: 12:30 – 2:00 PM, 7:00 – 10:30 PM"", ""Saturday: 12:30 – 2:00 PM, 7:00 – 10:30 PM"", ""Sunday: 12:30 – 2:00 PM, 7:00 – 10:30 PM""]"
ChIJhZBQ64nbfkcRlIU7ktc4TC0,Stato Brado Calici & Bottega,"[""wine_bar"", ""liquor_store"", ""bar"", ""store"", ""restaurant"", ""food"", ""point_of_interest"", ""establishment""]","Via Siracusa, 57, 35142 Padova PD",4.7,162.0,5,"{""latitude"": 45.392521699999996, ""longitude"": 11.8636998}",,049 738 9170,PRICE_LEVEL_MODERATE,wine_bar,True,True,True,,,True,True,True,"[""Monday: 10:00 AM – 10:00 PM"", ""Tuesday: Closed"", ""Wednesday: 10:00 AM – 10:00 PM"", ""Thursday: 10:00 AM – 10:00 PM"", ""Friday: 10:00 AM – 11:00 PM"", ""Saturday: 10:00 AM – 11:00 PM"", ""Sunday: Closed""]"
ChIJhx51N2_bfkcRhU5UA82pJqY,C'è o non C'è,"[""pizza_restaurant"", ""pub"", ""meal_takeaway"", ""gastropub"", ""bar"", ""italian_restaurant"", ""restaurant"", ""point_of_interest"", ""food"", ""establishment""]","V. Pietro Bembo, 149, 35124 Padova PD",4.2,1897.0,5,"{""latitude"": 45.369968, ""longitude"": 11.889252299999999}",https://www.ceononce.it/,049 691422,PRICE_LEVEL_MODERATE,pizza_restaurant,,True,True,False,False,True,True,True,"[""Monday: 7:00 PM – 12:00 AM"", ""Tuesday: Closed"", ""Wednesday: 7:00 PM – 12:00 AM"", ""Thursday: 7:00 PM – 12:00 AM"", ""Friday: 7:00 PM – 12:00 AM"", ""Saturday: 7:00 PM – 12:00 AM"", ""Sunday: 7:00 PM – 12:00 AM""]"
ChIJi2j8xKzafkcR9oQEix1qbPY,Mode Sushi,"[""japanese_restaurant"", ""sushi_restaurant"", ""meal_delivery"", ""food_delivery"", ""meal_takeaway"", ""restaurant"", ""point_of_interest"", ""food"", ""establishment""]","Via S. Marco, 182, 35129 Padova PD",4.6,844.0,5,"{""latitude"": 45.423271199999995, ""longitude"": 11.9419674}",https://www.modesushi.it/,049 725577,PRICE_LEVEL_MODERATE,japanese_restaurant,True,True,True,False,True,True,True,True,"[""Monday: Closed"", ""Tuesday: 11:30 AM – 2:45 PM, 5:30 – 11:00 PM"", ""Wednesday: 11:30 AM – 2:45 PM, 5:30 – 11:00 PM"", ""Thursday: 11:30 AM – 2:45 PM, 5:30 – 11:00 PM"", ""Friday: 11:30 AM – 2:45 PM, 5:30 – 11:00 PM"", ""Saturday: 11:30 AM – 2:45 PM, 5:30 – 11:00 PM"", ""Sunday: 11:30 AM – 2:45 PM, 5:30 – 11:00 PM""]"
ChIJi62uCQnbfkcR5PJnoBVC1_E,Poke Time,"[""hawaiian_restaurant"", ""american_restaurant"", ""restaurant"", ""food"", ""point_of_interest"", ""establishment""]","Via del Santo, 117, 35123 Padova PD",4.6,327.0,5,"{""latitude"": 45.40310540000001, ""longitude"": 11.8794354}",,049 830 5670,PRICE_LEVEL_MODERATE,hawaiian_restaurant,True,True,,,True,True,,False,"[""Monday: Closed"", ""Tuesday: 11:30 AM – 10:30 PM"", ""Wednesday: 11:30 AM – 10:30 PM"", ""Thursday: 11:30 AM – 10:30 PM"", ""Friday: 11:30 AM – 10:30 PM"", ""Saturday: 11:30 AM – 10:30 PM"", ""Sunday: 11:30 AM – 10:30 PM""]"
ChIJiWQpSV3afkcRym5yGwuww7E,Asian Fast Food,"[""fast_food_restaurant"", ""restaurant"", ""point_of_interest"", ""food"", ""establishment""]","Corso del Popolo, 63, 35131 Padova PD",4.3,9.0,5,"{""latitude"": 45.4163468, ""longitude"": 11.8792676}",,,PRICE_LEVEL_INEXPENSIVE,fast_food_restaurant,False,True,,,True,True,,,"[""Monday: 10:00 AM – 12:00 AM"", ""Tuesday: 10:00 AM – 12:00 AM"", ""Wednesday: 10:00 AM – 12:00 AM"", ""Thursday: 10:00 AM – 12:00 AM"", ""Friday: 10:00 AM – 12:00 AM"", ""Saturday: 10:00 AM – 12:00 AM"", ""Sunday: Closed""]"
ChIJicwONjTbfkcRLhK544SIGJo,Ristorante Zaramella,"[""restaurant"", ""food"", ""point_of_interest"", ""establishment""]","Largo Europa, 10, 35137 Padova PD",4.4,62.0,5,"{""latitude"": 45.41082, ""longitude"": 11.877251}",http://www.ristorantezaramella.it/,049 876 0868,,restaurant,False,True,True,False,True,True,True,True,"[""Monday: 7:30 – 10:00 PM"", ""Tuesday: 7:30 – 10:00 PM"", ""Wednesday: 7:30 – 10:00 PM"", ""Thursday: 7:30 – 10:00 PM"", ""Friday: 7:30 – 10:00 PM"", ""Saturday: 7:30 – 10:00 PM"", ""Sunday: Closed""]"
ChIJifE3wM7bfkcRvKpR4bfdkbI,Gausia Pizza Kebab,"[""fast_food_restaurant"", ""restaurant"", ""food"", ""point_of_interest"", ""establishment""]","Via del Portello, 24b, 35129 Padova PD",4.8,22.0,5,"{""latitude"": 45.408175400000005, ""longitude"": 11.892494}",,380 432 8210,PRICE_LEVEL_INEXPENSIVE,fast_food_restaurant,,True,,,,True,,,"[""Monday: 11:00 AM – 12:00 AM"", ""Tuesday: 11:00 AM – 12:00 AM"", ""Wednesday: 11:00 AM – 2:00 AM"", ""Thursday: 11:00 AM – 12:00 AM"", ""Friday: 11:00 AM – 12:00 AM"", ""Saturday: 11:00 AM – 12:00 AM"", ""Sunday: Closed""]"
ChIJiw3TIs3bfkcROwaq-zlrLEo,Gino’s Bbq Ristorante,"[""restaurant"", ""bar"", ""food"", ""point_of_interest"", ""establishment""]","Via Sorio, 89, 35141 Padova PD",4.5,491.0,5,"{""latitude"": 45.3994246, ""longitude"": 11.848922199999999}",https://www.ginos.me/,049 871 3722,PRICE_LEVEL_EXPENSIVE,restaurant,False,True,True,,True,True,True,True,"[""Monday: 12:00 – 2:15 PM, 7:30 – 10:15 PM"", ""Tuesday: 12:00 – 2:15 PM, 7:30 – 10:15 PM"", ""Wednesday: 12:00 – 2:15 PM, 7:30 – 10:15 PM"", ""Thursday: 12:00 – 2:30 PM, 7:30 – 10:15 PM"", ""Friday: 12:00 – 2:15 PM, 7:30 – 10:15 PM"", ""Saturday: 12:00 – 2:15 PM, 7:30 – 10:15 PM"", ""Sunday: Closed""]"
ChIJixH89bzRfkcR6AJZWybxgf0,HK ORIENTAL TASTE,"[""restaurant"", ""chinese_restaurant"", ""food"", ""point_of_interest"", ""establishment""]","Via Guido Reni, 81, 35100 Padova PD",4.7,203.0,5,"{""latitude"": 45.4361363, ""longitude"": 11.8914961}",https://www.hk-orientaltaste.com/,327 161 8871,PRICE_LEVEL_EXPENSIVE,restaurant,,True,True,,True,True,True,True,"[""Monday: 12:00 – 2:30 PM, 7:00 – 11:30 PM"", ""Tuesday: Closed"", ""Wednesday: 12:00 – 2:30 PM, 7:00 – 11:30 PM"", ""Thursday: 12:00 – 2:30 PM, 7:00 – 11:30 PM"", ""Friday: 12:00 – 2:30 PM, 7:00 – 11:30 PM"", ""Saturday: 12:00 – 2:30 PM, 7:00 – 11:30 PM"", ""Sunday: 12:00 – 2:30 PM, 7:00 – 11:30 PM""]"
ChIJizyZQUTafkcRJmcdbJCiBlY,Pizzeria Savonarola,"[""pizza_restaurant"", ""italian_restaurant"", ""restaurant"", ""food"", ""point_of_interest"", ""establishment""]","Via Savonarola, 38, 35137 Padova PD",4.4,1242.0,5,"{""latitude"": 45.4119261, ""longitude"": 11.8724634}",http://www.savonarola-pizzeria-trattoria.it/,049 875 9128,PRICE_LEVEL_MODERATE,pizza_restaurant,True,True,True,False,True,True,True,True,"[""Monday: Closed"", ""Tuesday: 12:30 – 2:30 PM, 7:30 – 11:00 PM"", ""Wednesday: 12:30 – 2:30 PM, 7:30 – 11:00 PM"", ""Thursday: 12:30 – 2:30 PM, 7:30 – 11:00 PM"", ""Friday: 12:30 – 2:30 PM, 7:30 – 11:30 PM"", ""Saturday: 7:00 – 11:30 PM"", ""Sunday: 7:00 – 11:00 PM""]"
ChIJj32mcQDbfkcRdz_XMnh49QY,Leone Rosso - Hi-Fi Osteria,"[""restaurant"", ""gastropub"", ""wine_bar"", ""pub"", ""bar"", ""food"", ""point_of_interest"", ""establishment""]","Via Rolando da Piazzola, 21, 35139 Padova PD",4.7,46.0,5,"{""latitude"": 45.4105676, ""longitude"": 11.8720433}",https://www.crakbrewery.com/leone-rosso/,049 742 3095,PRICE_LEVEL_MODERATE,restaurant,,True,False,,,True,True,True,"[""Monday: Closed"", ""Tuesday: 6:00 PM – 12:00 AM"", ""Wednesday: 6:00 PM – 12:00 AM"", ""Thursday: 6:00 PM – 12:00 AM"", ""Friday: 6:00 PM – 12:30 AM"", ""Saturday: 6:00 PM – 12:30 AM"", ""Sunday: Closed""]"
ChIJjQsPbBnafkcRrgTNIgVSN70,La Pizzeria Maxim,"[""pizza_restaurant"", ""restaurant"", ""food"", ""point_of_interest"", ""establishment""]","Via Montà, 113, 35136 Padova PD",4.5,1048.0,5,"{""latitude"": 45.4236759, ""longitude"": 11.8530543}",http://lapizzeriamaxim.it/,049 713148,PRICE_LEVEL_MODERATE,pizza_restaurant,False,True,True,False,True,True,True,True,"[""Monday: Closed"", ""Tuesday: 7:15 – 10:00 PM"", ""Wednesday: 12:00 – 1:45 PM, 7:15 – 10:00 PM"", ""Thursday: 12:00 – 1:45 PM, 7:15 – 10:00 PM"", ""Friday: 7:00 – 10:00 PM"", ""Saturday: 7:15 – 10:30 PM"", ""Sunday: 7:15 – 10:30 PM""]"
ChIJjS-_iezbfkcRGq60nV7vOEQ,Bar dai Chimici,"[""sandwich_shop"", ""fast_food_restaurant"", ""coffee_shop"", ""cafe"", ""bar"", ""italian_restaurant"", ""food_store"", ""restaurant"", ""food"", ""store"", ""point_of_interest"", ""establishment""]","Via Francesco Marzolo, 4, 35121 Padova PD",4.5,574.0,5,"{""latitude"": 45.409669300000004, ""longitude"": 11.884089}",https://bar-aurora-dai-chimici.eatbu.com/,049 956 9118,PRICE_LEVEL_INEXPENSIVE,coffee_shop,False,True,True,True,True,,True,True,"[""Monday: 7:00 AM – 8:00 PM"", ""Tuesday: 7:00 AM – 8:00 PM"", ""Wednesday: 7:00 AM – 8:00 PM"", ""Thursday: 7:00 AM – 8:00 PM"", ""Friday: 7:00 AM – 8:00 PM"", ""Saturday: Closed"", ""Sunday: Closed""]"
ChIJjTvUwo_bfkcR96gI8Nd2E0g,ICON Korea Grill Padova,"[""korean_restaurant"", ""restaurant"", ""point_of_interest"", ""food"", ""establishment""]","Via Giacomo Matteotti, 15, 35137 Padova PD",5.0,174.0,5,"{""latitude"": 45.41182, ""longitude"": 11.87699}",https://www.koreangrill.it/,049 261 6005,PRICE_LEVEL_MODERATE,korean_restaurant,,True,,,,,,,[]
ChIJjZuyhzbFfkcRWyrjPOxWuWQ,Atelier del pesce Franco e Maria,"[""italian_restaurant"", ""seafood_restaurant"", ""restaurant"", ""food"", ""point_of_interest"", ""establishment""]","Via S. Marco, 274, 35129 Ponte di Brenta PD",4.5,176.0,5,"{""latitude"": 45.4247142, ""longitude"": 11.945160999999999}",,339 340 2714,PRICE_LEVEL_EXPENSIVE,italian_restaurant,False,True,True,False,True,True,,True,"[""Monday: Closed"", ""Tuesday: 9:00 AM – 3:00 PM, 6:00 – 10:00 PM"", ""Wednesday: 9:00 AM – 3:00 PM, 6:00 – 10:00 PM"", ""Thursday: 9:00 AM – 3:00 PM, 6:00 – 10:00 PM"", ""Friday: 9:00 AM – 3:00 PM, 6:00 – 10:00 PM"", ""Saturday: 9:00 AM – 3:00 PM, 6:00 – 10:00 PM"", ""Sunday: 9:00 AM – 3:00 PM""]"
ChIJk4stUyjafkcRt5KYiQpXTZ4,La Gastronomia da Mirco,"[""deli"", ""pizza_restaurant"", ""seafood_restaurant"", ""food_store"", ""restaurant"", ""food"", ""store"", ""point_of_interest"", ""establishment""]","Via Cave, 42, 35136 Padova PD",4.6,478.0,5,"{""latitude"": 45.4094474, ""longitude"": 11.8415404}",https://www.facebook.com/lagastronomiadamirco,049 868 6653,PRICE_LEVEL_MODERATE,deli,,True,,,,,,,"[""Monday: Closed"", ""Tuesday: 10:30 AM – 3:00 PM, 6:00 – 10:00 PM"", ""Wednesday: 10:30 AM – 3:00 PM, 6:00 – 10:00 PM"", ""Thursday: 10:30 AM – 3:00 PM, 6:00 – 10:00 PM"", ""Friday: 10:30 AM – 3:00 PM, 6:00 – 10:00 PM"", ""Saturday: 10:30 AM – 3:00 PM, 6:00 – 10:00 PM"", ""Sunday: 10:30 AM – 3:00 PM""]"
ChIJk6LMdwjbfkcRqTV3lF8bJ2c,Pizzeria Al Vecio Cason,"[""pizza_restaurant"", ""italian_restaurant"", ""restaurant"", ""food"", ""point_of_interest"", ""establishment""]","Via Giuseppe Comino, 4, 35100 Padova PD",4.4,1526.0,5,"{""latitude"": 45.3883049, ""longitude"": 11.8813233}",,049 880 0215,PRICE_LEVEL_MODERATE,pizza_restaurant,False,True,True,False,False,True,True,True,"[""Monday: Closed"", ""Tuesday: 7:10 PM – 12:00 AM"", ""Wednesday: 7:10 PM – 12:00 AM"", ""Thursday: 7:10 PM – 12:00 AM"", ""Friday: 7:10 PM – 12:00 AM"", ""Saturday: 7:10 PM – 12:00 AM"", ""Sunday: 7:10 PM – 12:00 AM""]"
ChIJk9CFgpzbfkcRxuNsgs0etG0,Baessato Padova,"[""bar"", ""coffee_shop"", ""cafe"", ""food_store"", ""store"", ""restaurant"", ""food"", ""point_of_interest"", ""establishment""]","Largo Europa, 14, 35137 Padova PD",4.1,10.0,5,"{""latitude"": 45.4108776, ""longitude"": 11.8765513}",https://baessato.it/,049 645 1282,PRICE_LEVEL_INEXPENSIVE,bar,False,True,,True,True,True,True,True,"[""Monday: 7:00 AM – 1:00 AM"", ""Tuesday: 7:00 AM – 1:00 AM"", ""Wednesday: 7:00 AM – 1:00 AM"", ""Thursday: 7:00 AM – 1:00 AM"", ""Friday: 7:00 AM – 2:00 AM"", ""Saturday: 7:00 AM – 2:00 AM"", ""Sunday: 8:00 AM – 1:00 AM""]"
ChIJkUI1If7afkcR0E2W3YadCTU,Pasticceria e Bistrò Biasetto,"[""cake_shop"", ""pastry_shop"", ""dessert_restaurant"", ""dessert_shop"", ""bakery"", ""confectionery"", ""food_store"", ""wholesaler"", ""manufacturer"", ""restaurant"", ""food"", ""store"", ""point_of_interest"", ""service"", ""establishment""]","Via Jacopo Facciolati, 12, 35126 Padova PD",4.2,2093.0,5,"{""latitude"": 45.3993713, ""longitude"": 11.885632}",https://www.pasticceriabiasetto.it/,049 802 4428,PRICE_LEVEL_INEXPENSIVE,cake_shop,True,True,True,True,True,True,,,"[""Monday: 7:00 AM – 3:00 PM"", ""Tuesday: 7:00 AM – 7:30 PM"", ""Wednesday: 7:00 AM – 7:30 PM"", ""Thursday: 7:00 AM – 7:30 PM"", ""Friday: 7:00 AM – 8:00 PM"", ""Saturday: 7:00 AM – 7:30 PM"", ""Sunday: 7:00 AM – 1:00 PM""]"
ChIJkUS3BADbfkcREQveBdcmOtA,Marrakesh Express,"[""kebab_shop"", ""fast_food_restaurant"", ""restaurant"", ""food"", ""point_of_interest"", ""establishment""]","Via Alessandro Manzoni, 114, 35126 Padova PD",4.4,325.0,5,"{""latitude"": 45.397436, ""longitude"": 11.883776399999999}",https://marrakeshexpress.eatbu.com/,049 751502,PRICE_LEVEL_INEXPENSIVE,kebab_shop,True,True,,False,,True,,,"[""Monday: Closed"", ""Tuesday: 6:00 PM – 1:00 AM"", ""Wednesday: 6:00 PM – 1:00 AM"", ""Thursday: 6:00 PM – 1:00 AM"", ""Friday: 6:00 PM – 2:00 AM"", ""Saturday: 6:00 PM – 2:00 AM"", ""Sunday: 6:00 PM – 1:00 AM""]"
ChIJkUkA2G3bfkcRQd_9nhNSKmM,ALT Stazione del Gusto,"[""restaurant"", ""food"", ""point_of_interest"", ""establishment""]","Via Venezia, 66, 35131 Padova PD",4.6,156.0,5,"{""latitude"": 45.4093252, ""longitude"": 11.9045694}",https://www.altstazionedelgusto.com/,049 688 1358,PRICE_LEVEL_MODERATE,restaurant,True,True,True,True,True,True,True,True,"[""Monday: 7:30 AM – 10:30 PM"", ""Tuesday: 7:30 AM – 10:30 PM"", ""Wednesday: 7:30 AM – 10:30 PM"", ""Thursday: 7:30 AM – 10:30 PM"", ""Friday: 7:30 AM – 11:00 PM"", ""Saturday: 8:00 AM – 11:00 PM"", ""Sunday: 8:00 AM – 10:30 PM""]"
ChIJlcxcI7vbfkcRrbx2pQJOEO0,Porta Portello Portami Via,"[""meal_takeaway"", ""restaurant"", ""food"", ""point_of_interest"", ""establishment""]","Via Giambattista Belzoni, 182, 35131 Padova PD",4.9,904.0,5,"{""latitude"": 45.4069905, ""longitude"": 11.8922042}",http://www.portaportello.it/,049 214 6518,PRICE_LEVEL_INEXPENSIVE,meal_takeaway,True,True,True,False,True,True,True,,"[""Monday: 10:00 AM – 2:00 AM"", ""Tuesday: 10:00 AM – 2:00 AM"", ""Wednesday: 10:00 AM – 2:00 AM"", ""Thursday: 10:00 AM – 2:00 AM"", ""Friday: 10:00 AM – 2:00 AM"", ""Saturday: 10:00 AM – 2:00 AM"", ""Sunday: 10:00 AM – 2:00 AM""]"
ChIJlcyFO1vbfkcRqAtvkvtHHaE,Hype Taproom | Birra artigianale e cucina,"[""pub"", ""hamburger_restaurant"", ""liquor_store"", ""bar"", ""american_restaurant"", ""restaurant"", ""food"", ""store"", ""point_of_interest"", ""establishment""]","Via S. Biagio, 17, 35121 Padova PD",4.8,113.0,5,"{""latitude"": 45.406859399999995, ""longitude"": 11.8811441}",https://hypebrewing.it/pages/taproom,352 043 7911,PRICE_LEVEL_MODERATE,pub,True,True,True,,,,True,True,"[""Monday: 5:00 PM – 12:30 AM"", ""Tuesday: 5:00 PM – 12:30 AM"", ""Wednesday: 5:00 PM – 12:30 AM"", ""Thursday: 5:00 PM – 12:30 AM"", ""Friday: 5:00 PM – 12:30 AM"", ""Saturday: 5:00 PM – 12:30 AM"", ""Sunday: 5:00 PM – 12:30 AM""]"
ChIJlyxYRbDbfkcRORBCU2FGMDo,Birrone Padova - Beer House & Comfort Food,"[""gastropub"", ""coffee_shop"", ""beer_garden"", ""cafe"", ""pub"", ""bar"", ""food_store"", ""store"", ""restaurant"", ""food"", ""point_of_interest"", ""establishment""]","Via Trieste, 5c, 35121 Padova PD",4.2,651.0,5,"{""latitude"": 45.414564, ""longitude"": 11.877455399999999}",https://birronebar.it/locali-birrone/birrone-padova/,388 938 0507,PRICE_LEVEL_MODERATE,bar,True,True,True,,True,True,True,True,"[""Monday: 12:00 – 2:30 PM, 5:30 PM – 12:00 AM"", ""Tuesday: 12:00 – 2:30 PM, 5:30 PM – 12:00 AM"", ""Wednesday: 12:00 – 2:30 PM, 5:30 PM – 12:00 AM"", ""Thursday: 12:00 – 2:30 PM, 5:30 PM – 12:00 AM"", ""Friday: 12:00 – 2:30 PM, 5:30 PM – 2:00 AM"", ""Saturday: 12:00 – 2:30 PM, 5:30 PM – 2:00 AM"", ""Sunday: 12:00 – 2:30 PM, 5:30 PM – 12:00 AM""]"
ChIJm-JhC3PbfkcRoHJ_HHAxz3Q,Pizza kabab sorio,"[""pakistani_restaurant"", ""pizza_restaurant"", ""turkish_restaurant"", ""restaurant"", ""food"", ""point_of_interest"", ""establishment""]","Via Sorio, 70, 35141 Padova PD",4.2,46.0,5,"{""latitude"": 45.4007108, ""longitude"": 11.8558691}",,351 013 3680,PRICE_LEVEL_INEXPENSIVE,turkish_restaurant,True,True,True,True,True,True,,,"[""Monday: 4:00 PM – 3:30 AM"", ""Tuesday: 4:00 PM – 3:30 AM"", ""Wednesday: 4:00 PM – 3:30 AM"", ""Thursday: 4:00 PM – 3:30 AM"", ""Friday: 4:00 PM – 3:30 AM"", ""Saturday: 4:00 PM – 3:30 AM"", ""Sunday: 4:00 PM – 3:30 AM""]"
ChIJm1jBqj_bfkcRZK2pv_5A6so,Pizza Kebab Express E Non Solo Di Basmaji George,"[""kebab_shop"", ""pizza_restaurant"", ""restaurant"", ""point_of_interest"", ""food"", ""establishment""]","Piazza Santi Pietro e Paolo, 12, 35127 Padova PD",4.5,202.0,5,"{""latitude"": 45.3789911, ""longitude"": 11.9027128}",,389 019 1810,PRICE_LEVEL_INEXPENSIVE,kebab_shop,True,True,,,True,True,True,False,"[""Monday: 6:00 – 11:30 PM"", ""Tuesday: 6:00 – 11:30 PM"", ""Wednesday: 6:00 – 11:30 PM"", ""Thursday: 6:00 – 11:30 PM"", ""Friday: 6:00 – 11:30 PM"", ""Saturday: 6:00 – 11:30 PM"", ""Sunday: 6:00 – 11:30 PM""]"
ChIJm3NZzLvFfkcR4TMB4h-ZCwg,Bar Kebab,"[""restaurant"", ""point_of_interest"", ""food"", ""establishment""]","Via Vigonovese, 126, 35127 Padova PD",4.0,35.0,5,"{""latitude"": 45.4010082, ""longitude"": 11.9445299}",,348 932 6438,PRICE_LEVEL_INEXPENSIVE,restaurant,,True,,,,,True,,"[""Monday: 6:30 AM – 2:00 AM"", ""Tuesday: 6:30 AM – 2:00 AM"", ""Wednesday: 6:30 AM – 2:00 AM"", ""Thursday: 6:30 AM – 2:00 AM"", ""Friday: 6:30 AM – 2:00 AM"", ""Saturday: 6:30 AM – 12:00 AM"", ""Sunday: 6:30 AM – 2:00 AM""]"
ChIJmShy2QTbfkcRoPeMDtwZ6pE,iDon Padova,"[""pizza_restaurant"", ""italian_restaurant"", ""restaurant"", ""food"", ""point_of_interest"", ""establishment""]","Via Jacopo Crescini, 99, 35126 Padova PD",4.1,2831.0,5,"{""latitude"": 45.390068, ""longitude"": 11.8911847}",https://gruppoidon.it/,049 754895,PRICE_LEVEL_MODERATE,pizza_restaurant,True,True,True,False,True,True,True,True,"[""Monday: 12:00 – 2:30 PM, 7:00 – 11:30 PM"", ""Tuesday: 12:00 – 2:30 PM, 7:00 – 11:30 PM"", ""Wednesday: 12:00 – 2:30 PM, 7:00 – 11:30 PM"", ""Thursday: 12:00 – 2:30 PM, 7:00 – 11:30 PM"", ""Friday: 12:00 – 2:30 PM, 7:00 – 11:30 PM"", ""Saturday: 12:00 – 2:30 PM, 7:00 – 11:30 PM"", ""Sunday: 12:00 – 2:30 PM, 7:00 – 11:30 PM""]"
ChIJmUzO803afkcRK7bzJJJC1bQ,Caffetteria Roma,"[""cafe"", ""cocktail_bar"", ""coffee_shop"", ""wine_bar"", ""sandwich_shop"", ""bar"", ""restaurant"", ""food_store"", ""store"", ""point_of_interest"", ""food"", ""establishment""]","Via 20 Settembre, 53, 35122 Padova PD",4.3,262.0,5,"{""latitude"": 45.40273570000001, ""longitude"": 11.8724442}",https://sites.google.com/view/caffetteriaroma,049 738 9206,PRICE_LEVEL_INEXPENSIVE,cafe,False,True,True,True,True,True,True,True,"[""Monday: 7:00 AM – 10:00 PM"", ""Tuesday: 7:00 AM – 10:00 PM"", ""Wednesday: 7:00 AM – 10:00 PM"", ""Thursday: 7:00 AM – 10:00 PM"", ""Friday: 7:00 AM – 10:00 PM"", ""Saturday: 7:00 AM – 10:00 PM"", ""Sunday: Closed""]"
ChIJmWk1-FDafkcRdVFXxyjoCPs,Alle Dolomiti Cafè,"[""bistro"", ""restaurant"", ""food"", ""point_of_interest"", ""establishment""]","Riviera Tito Livio, 4, 35123 Padova PD",4.6,93.0,5,"{""latitude"": 45.405995999999995, ""longitude"": 11.8776123}",,049 658029,PRICE_LEVEL_INEXPENSIVE,bistro,False,True,,True,True,,True,True,"[""Monday: 7:00 AM – 7:00 PM"", ""Tuesday: 7:00 AM – 7:00 PM"", ""Wednesday: 7:00 AM – 7:00 PM"", ""Thursday: 7:00 AM – 7:00 PM"", ""Friday: 7:00 AM – 7:00 PM"", ""Saturday: 7:00 AM – 7:00 PM"", ""Sunday: Closed""]"
ChIJmWnOJNvbfkcRYFHEwfkjaPA,Lola la Loca,"[""restaurant"", ""food"", ""point_of_interest"", ""establishment""]","Via Daniele Manin, 39, 35139 Padova PD",4.7,143.0,5,"{""latitude"": 45.407039999999995, ""longitude"": 11.8733826}",,049 490 7610,PRICE_LEVEL_MODERATE,restaurant,True,True,,,,True,True,True,"[""Monday: 12:00 – 2:30 PM, 6:30 – 10:00 PM"", ""Tuesday: 12:00 – 2:30 PM, 6:30 – 10:00 PM"", ""Wednesday: 12:00 – 2:30 PM, 6:30 – 10:00 PM"", ""Thursday: 12:00 – 2:30 PM, 6:30 – 10:00 PM"", ""Friday: 12:00 – 2:30 PM, 6:30 – 10:00 PM"", ""Saturday: 12:00 – 2:30 PM, 6:30 – 10:00 PM"", ""Sunday: Closed""]"
ChIJm_W6Zq7bfkcRzjc6YGVC4P8,All'Appiani,"[""italian_restaurant"", ""restaurant"", ""food"", ""point_of_interest"", ""establishment""]","Corso Vittorio Emanuele II, 93, 35123 Padova PD",4.1,279.0,5,"{""latitude"": 45.396257899999995, ""longitude"": 11.8736486}",,049 880 2598,PRICE_LEVEL_MODERATE,italian_restaurant,False,True,True,,True,False,True,True,"[""Monday: 12:00 – 2:30 PM"", ""Tuesday: 12:00 – 2:30 PM"", ""Wednesday: 12:00 – 2:30 PM"", ""Thursday: 12:00 – 2:30 PM"", ""Friday: 12:00 – 2:30 PM"", ""Saturday: 12:00 – 2:30 PM"", ""Sunday: Closed""]"
ChIJmbqETvfafkcRnTPKWTRouik,Idea Pizza - Portello,"[""meal_takeaway"", ""pizza_restaurant"", ""restaurant"", ""point_of_interest"", ""food"", ""establishment""]","Via Ognissanti, 14, 35129 Padova PD",4.6,363.0,5,"{""latitude"": 45.40698330000001, ""longitude"": 11.8928503}",https://portello.ideapizza.it/,049 689 9671,PRICE_LEVEL_INEXPENSIVE,meal_takeaway,True,True,True,,True,True,True,,"[""Monday: 7:00 – 10:00 PM"", ""Tuesday: 7:00 – 10:00 PM"", ""Wednesday: 7:00 – 10:00 PM"", ""Thursday: 7:00 – 10:00 PM"", ""Friday: 7:00 – 10:00 PM"", ""Saturday: 7:00 – 10:00 PM"", ""Sunday: 7:00 – 10:00 PM""]"
ChIJn013XgnFfkcR0AiWAvWcR44,Royal Garden Padova “All u Can Eat” Asian Fusion,"[""sushi_restaurant"", ""japanese_restaurant"", ""hotel"", ""lodging"", ""restaurant"", ""food"", ""point_of_interest"", ""establishment""]","Via dei Ronchi, 18, 35127 Padova PD",4.5,1133.0,5,"{""latitude"": 45.3954129, ""longitude"": 11.9426659}",https://royal-garden.eatbu.com/,351 993 9666,PRICE_LEVEL_EXPENSIVE,sushi_restaurant,True,True,True,,True,True,True,True,"[""Monday: Closed"", ""Tuesday: 12:00 – 2:30 PM, 7:00 – 11:30 PM"", ""Wednesday: 12:00 – 2:30 PM, 7:00 – 11:30 PM"", ""Thursday: 12:00 – 2:30 PM, 7:00 – 11:30 PM"", ""Friday: 12:00 – 2:30 PM, 7:00 – 11:30 PM"", ""Saturday: 12:00 – 2:30 PM, 7:00 – 11:30 PM"", ""Sunday: 12:00 – 2:30 PM, 7:00 – 11:30 PM""]"
ChIJn0ipN6fbfkcRANpZ-fvlgl0,A Banda Del Buso,"[""restaurant"", ""italian_restaurant"", ""food"", ""point_of_interest"", ""establishment""]","Via Bartolomeo Cristofori, 12a, 35137 Padova PD",4.5,2052.0,5,"{""latitude"": 45.412744599999996, ""longitude"": 11.8711627}",http://www.abandadelbuso.it/,049 202 3453,PRICE_LEVEL_EXPENSIVE,restaurant,False,True,True,False,True,True,True,True,"[""Monday: 12:00 – 3:30 PM, 6:30 PM – 1:00 AM"", ""Tuesday: Closed"", ""Wednesday: 12:00 – 3:30 PM, 6:30 PM – 1:00 AM"", ""Thursday: 12:00 – 3:30 PM, 6:30 PM – 1:00 AM"", ""Friday: 12:00 – 3:30 PM, 6:30 PM – 1:00 AM"", ""Saturday: 12:30 – 3:30 PM, 6:30 PM – 1:00 AM"", ""Sunday: 12:30 – 3:30 PM, 6:30 PM – 12:00 AM""]"
ChIJn6Sg6BrbfkcReP4SlanEpPs,Yuga sushi restaurant Padova,"[""japanese_restaurant"", ""restaurant"", ""point_of_interest"", ""food"", ""establishment""]","Via Giacomo Matteotti, 13, 35137 Padova PD",4.9,536.0,5,"{""latitude"": 45.4117993, ""longitude"": 11.877042699999999}",https://www.yugasushi.it/,049 232 0300,PRICE_LEVEL_MODERATE,japanese_restaurant,,True,,,,,,,"[""Monday: 12:00 – 3:00 PM, 7:00 – 11:30 PM"", ""Tuesday: 12:00 – 3:00 PM, 7:00 – 11:30 PM"", ""Wednesday: 12:00 – 3:00 PM, 7:00 – 11:30 PM"", ""Thursday: 12:00 – 3:00 PM, 7:00 – 11:30 PM"", ""Friday: 12:00 – 3:00 PM, 7:00 – 11:30 PM"", ""Saturday: 12:00 – 3:00 PM, 7:00 – 11:30 PM"", ""Sunday: 12:00 – 3:00 PM, 7:00 – 11:30 PM""]"
ChIJn7j7MVDafkcRylNs0ghXShw,Locanda Peccatorum Padova,"[""restaurant"", ""night_club"", ""bar"", ""food"", ""point_of_interest"", ""establishment""]","Via S. Martino e Solferino, 28, 35121 Padova PD",4.0,1083.0,5,"{""latitude"": 45.406138399999996, ""longitude"": 11.8752786}",,049 205 1299,PRICE_LEVEL_MODERATE,restaurant,True,True,True,False,True,True,True,True,"[""Monday: 12:00 – 3:30 PM, 6:00 PM – 2:00 AM"", ""Tuesday: Closed"", ""Wednesday: 12:00 – 3:30 PM, 6:00 PM – 2:00 AM"", ""Thursday: 12:00 – 3:30 PM, 6:00 PM – 2:00 AM"", ""Friday: 12:00 – 3:30 PM, 6:00 PM – 2:00 AM"", ""Saturday: 12:00 PM – 2:00 AM"", ""Sunday: 12:00 PM – 2:00 AM""]"
ChIJn9NkZwDbfkcRJlHhnpIKobo,Euro pizza kebab,"[""meal_takeaway"", ""restaurant"", ""food"", ""point_of_interest"", ""establishment""]","Via Pietro Maroncelli, 95B, 35129 Padova PD",5.0,3.0,3,"{""latitude"": 45.415025799999995, ""longitude"": 11.905425}",,049 254 4737,,meal_takeaway,,,,,,,,,"[""Monday: 11:00 AM – 3:00 PM, 5:00 PM – 12:00 AM"", ""Tuesday: 11:00 AM – 3:00 PM, 5:00 PM – 12:00 AM"", ""Wednesday: 11:00 AM – 3:00 PM, 5:00 PM – 12:00 AM"", ""Thursday: 11:00 AM – 3:00 PM, 5:00 PM – 12:00 AM"", ""Friday: 11:00 AM – 3:00 PM, 5:00 PM – 12:00 AM"", ""Saturday: 11:00 AM – 3:00 PM, 5:00 PM – 12:00 AM"", ""Sunday: 11:00 AM – 3:00 PM, 5:00 PM – 12:00 AM""]"
ChIJnQJ-5MvbfkcRzvXDa4JRdO4,Bamboo VolumeDue,"[""hamburger_restaurant"", ""gastropub"", ""american_restaurant"", ""bar"", ""restaurant"", ""point_of_interest"", ""food"", ""establishment""]","Via Giacinto Carini, 1, 35138 Padova PD",4.6,286.0,5,"{""latitude"": 45.415662499999996, ""longitude"": 11.8636391}",https://www.bamboopadova.it/,388 867 7885,PRICE_LEVEL_MODERATE,hamburger_restaurant,True,True,True,False,True,True,True,True,"[""Monday: 12:00 – 3:30 PM, 6:30 PM – 12:30 AM"", ""Tuesday: 12:00 – 3:30 PM, 6:30 PM – 12:30 AM"", ""Wednesday: 12:00 – 3:30 PM, 6:00 PM – 12:30 AM"", ""Thursday: 12:00 – 3:30 PM, 6:00 PM – 12:30 AM"", ""Friday: 12:00 – 3:30 PM, 6:30 PM – 1:30 AM"", ""Saturday: 6:30 PM – 1:30 AM"", ""Sunday: 6:00 PM – 12:00 AM""]"
ChIJnT7rSwDbfkcREbfUUi39L1M,Popeyes Famous Louisiana Chicken,"[""chicken_restaurant"", ""restaurant"", ""point_of_interest"", ""food"", ""establishment""]","Corso del Popolo, 2, 35131 Padova PD",4.0,331.0,5,"{""latitude"": 45.4140006, ""longitude"": 11.8791694}",https://popeyeschicken.it/it,,PRICE_LEVEL_MODERATE,chicken_restaurant,,True,,,True,True,False,False,"[""Monday: 11:00 AM – 11:30 PM"", ""Tuesday: 11:00 AM – 11:30 PM"", ""Wednesday: 11:00 AM – 11:30 PM"", ""Thursday: 11:00 AM – 11:30 PM"", ""Friday: 11:00 AM – 12:00 AM"", ""Saturday: 11:00 AM – 12:00 AM"", ""Sunday: 11:00 AM – 11:30 PM""]"
ChIJnUBVOM3bfkcRli2FVCYhZ0Q,BM Pizza Kebab & Dolce Masala,"[""restaurant"", ""food"", ""point_of_interest"", ""establishment""]","Cavalcavia Borgomagno, 2, 35132 Padova PD",5.0,3.0,3,"{""latitude"": 45.4190933, ""longitude"": 11.8788885}",https://www.facebook.com/share/1JU7m2AnMw/?mibextid=wwXIfr,389 598 7336,,restaurant,True,True,True,True,True,True,False,False,"[""Monday: 8:30 AM – 12:00 AM"", ""Tuesday: 8:30 AM – 12:00 AM"", ""Wednesday: 8:30 AM – 12:00 AM"", ""Thursday: 8:30 AM – 12:00 AM"", ""Friday: 8:30 AM – 12:00 AM"", ""Saturday: 8:30 AM – 12:00 AM"", ""Sunday: 8:30 AM – 12:00 AM""]"
ChIJnWeIKqbbfkcRVHjOugyTuIU,Bistrò Net Tower,"[""restaurant"", ""food"", ""point_of_interest"", ""establishment""]","Via S. Marco, 11, 35129 Padova PD",4.2,165.0,5,"{""latitude"": 45.416270399999995, ""longitude"": 11.9198271}",https://bistronetower.com/,349 419 1684,PRICE_LEVEL_MODERATE,restaurant,,True,True,True,True,True,True,True,"[""Monday: 7:00 AM – 11:00 PM"", ""Tuesday: 7:00 AM – 11:00 PM"", ""Wednesday: 7:00 AM – 11:00 PM"", ""Thursday: 7:00 AM – 11:00 PM"", ""Friday: 7:00 AM – 11:00 PM"", ""Saturday: 7:00 – 11:00 AM, 4:30 – 11:00 PM"", ""Sunday: 7:00 – 11:00 AM""]"
ChIJnXcNmiLbfkcR2GMtfTWaFZw,Nosh Padova - Asian Street Food,"[""restaurant"", ""food"", ""point_of_interest"", ""establishment""]","Via Francesco Squarcione, 4, 35122 Padova PD",4.7,1736.0,5,"{""latitude"": 45.406623499999995, ""longitude"": 11.8745421}",https://noshasian.it/,378 307 5920,PRICE_LEVEL_MODERATE,restaurant,,True,True,,True,True,True,,"[""Monday: 12:00 – 2:45 PM, 6:00 – 10:30 PM"", ""Tuesday: 12:00 – 2:45 PM, 6:00 – 10:30 PM"", ""Wednesday: 12:00 – 2:45 PM, 6:00 – 11:00 PM"", ""Thursday: 12:00 – 2:45 PM, 6:00 – 11:00 PM"", ""Friday: 12:00 – 11:00 PM"", ""Saturday: 12:00 – 11:00 PM"", ""Sunday: 12:00 – 11:00 PM""]"
ChIJnZHvp1rafkcRbZ3xQigVz54,Ristorante Isola di Caprera,"[""restaurant"", ""food"", ""point_of_interest"", ""establishment""]","Via Marsilio da Padova, 11, 35139 Padova PD",4.2,846.0,5,"{""latitude"": 45.408121099999995, ""longitude"": 11.8760753}",https://www.ristoranteisoladicaprera.com/,049 876 0244,PRICE_LEVEL_EXPENSIVE,restaurant,False,True,True,False,True,True,True,True,"[""Monday: 12:00 – 3:00 PM, 7:00 – 10:30 PM"", ""Tuesday: 12:00 – 3:00 PM, 7:00 – 10:30 PM"", ""Wednesday: 12:00 – 3:00 PM, 7:00 – 10:30 PM"", ""Thursday: 12:00 – 3:00 PM, 7:00 – 10:30 PM"", ""Friday: 12:00 – 3:00 PM, 7:00 – 10:30 PM"", ""Saturday: 12:00 – 3:00 PM, 7:00 – 10:30 PM"", ""Sunday: 12:00 – 3:00 PM""]"
ChIJndqfSlfafkcRMZ82lkoHuDU,Ai Porteghi Bistrot,"[""restaurant"", ""bistro"", ""seafood_restaurant"", ""food"", ""point_of_interest"", ""establishment""]","Via Cesare Battisti, 105, 35121 Padova PD",4.6,378.0,5,"{""latitude"": 45.406269699999996, ""longitude"": 11.8811131}",https://aiporteghibistrot.it/,347 759 8738,PRICE_LEVEL_EXPENSIVE,restaurant,False,True,True,False,True,True,True,True,"[""Monday: Closed"", ""Tuesday: 12:30 – 2:30 PM, 7:30 – 10:30 PM"", ""Wednesday: 12:30 – 2:30 PM, 7:30 – 10:30 PM"", ""Thursday: 12:30 – 2:30 PM, 7:30 – 10:30 PM"", ""Friday: 12:30 – 2:30 PM, 7:30 – 10:30 PM"", ""Saturday: 12:30 – 2:30 PM, 7:30 – 10:30 PM"", ""Sunday: Closed""]"
ChIJnyAJGK_bfkcRhcgf7Gzr3h8,Buonafortuna,"[""meal_takeaway"", ""chinese_restaurant"", ""restaurant"", ""point_of_interest"", ""food"", ""establishment""]","Via Giordano Bruno, 12, 35124 Padova PD",4.2,184.0,5,"{""latitude"": 45.391115899999996, ""longitude"": 11.8726068}",http://www.buonafortuna-padova.it/,049 880 4255,PRICE_LEVEL_MODERATE,meal_takeaway,True,,True,False,True,True,True,,"[""Monday: Closed"", ""Tuesday: 11:00 AM – 2:30 PM, 5:30 – 11:00 PM"", ""Wednesday: 11:00 AM – 2:30 PM, 5:30 – 11:00 PM"", ""Thursday: 11:00 AM – 2:30 PM, 5:30 – 11:00 PM"", ""Friday: 11:00 AM – 2:30 PM, 5:30 – 11:00 PM"", ""Saturday: 11:00 AM – 2:30 PM, 5:30 – 11:00 PM"", ""Sunday: 11:00 AM – 2:30 PM, 5:30 – 11:00 PM""]"
ChIJo6V95G7afkcRyOd_XWFaN54,Gastronomia Buonarroti,"[""meal_takeaway"", ""restaurant"", ""food"", ""point_of_interest"", ""establishment""]","Via Michelangelo Buonarroti, 78, 35135 Padova PD",4.7,65.0,5,"{""latitude"": 45.423710899999996, ""longitude"": 11.8783315}",,049 610457,PRICE_LEVEL_MODERATE,meal_takeaway,True,,,False,,,False,,"[""Monday: Closed"", ""Tuesday: Closed"", ""Wednesday: 8:00 AM – 2:00 PM"", ""Thursday: 8:00 AM – 2:00 PM"", ""Friday: 8:00 AM – 2:00 PM, 5:30 – 8:00 PM"", ""Saturday: 8:00 AM – 2:00 PM"", ""Sunday: 8:00 AM – 2:00 PM""]"
ChIJoSprRl3afkcRKF3A0cE04kE,Ristorante Cinese Internazionale,"[""chinese_restaurant"", ""restaurant"", ""food"", ""point_of_interest"", ""establishment""]","Corso del Popolo, 14, 35131 Padova PD",3.7,179.0,5,"{""latitude"": 45.4162031, ""longitude"": 11.879572699999999}",,049 660448,PRICE_LEVEL_MODERATE,chinese_restaurant,True,True,True,,True,True,True,True,"[""Monday: 10:00 AM – 12:00 AM"", ""Tuesday: 10:00 AM – 12:00 AM"", ""Wednesday: 10:00 AM – 12:00 AM"", ""Thursday: 10:00 AM – 12:00 AM"", ""Friday: 10:00 AM – 12:00 AM"", ""Saturday: 10:00 AM – 12:00 AM"", ""Sunday: 10:00 AM – 12:00 AM""]"
ChIJoU53ojLbfkcRlA19snTvWls,CAFFÈ V,"[""restaurant"", ""banquet_hall"", ""coffee_shop"", ""bar"", ""food_store"", ""cafe"", ""event_venue"", ""food"", ""point_of_interest"", ""store"", ""establishment""]","Via Roma, 68, Via Roma, 66, 35123 Padova PD",4.0,853.0,5,"{""latitude"": 45.4049706, ""longitude"": 11.8760779}",,049 213 1981,PRICE_LEVEL_INEXPENSIVE,restaurant,False,True,True,True,True,True,True,True,"[""Monday: 7:00 AM – 12:00 AM"", ""Tuesday: 7:00 AM – 12:00 AM"", ""Wednesday: 7:00 AM – 12:00 AM"", ""Thursday: 7:00 AM – 12:00 AM"", ""Friday: 7:00 AM – 1:00 AM"", ""Saturday: 8:00 AM – 2:00 AM"", ""Sunday: 8:00 AM – 12:00 AM""]"
ChIJoW5dYc3afkcRU3GRMl117Q0,Ristorante Lago Di Sole,"[""restaurant"", ""chinese_restaurant"", ""point_of_interest"", ""food"", ""establishment""]","Via Vigonovese, 46, 35127 Padova PD",3.7,120.0,5,"{""latitude"": 45.4023523, ""longitude"": 11.9325349}",,377 880 4323,,restaurant,False,True,True,,True,True,True,True,"[""Monday: 11:00 AM – 3:00 PM, 5:00 – 11:00 PM"", ""Tuesday: 11:00 AM – 3:00 PM, 5:00 – 11:00 PM"", ""Wednesday: 11:00 AM – 3:00 PM, 5:00 – 11:00 PM"", ""Thursday: 11:00 AM – 3:00 PM, 5:00 – 11:00 PM"", ""Friday: 11:00 AM – 3:00 PM, 5:00 – 11:00 PM"", ""Saturday: 11:00 AM – 3:00 PM, 5:00 – 11:00 PM"", ""Sunday: 11:00 AM – 3:00 PM, 5:00 – 11:00 PM""]"
ChIJoXiVUJjbfkcRnoE57EBIG7c,Da Long Yì Hot Pot | 大龙燚火锅 (Padova),"[""hot_pot_restaurant"", ""restaurant"", ""food"", ""point_of_interest"", ""establishment""]","Via Niccolò Tommaseo, 62, 35131 Padova PD",4.7,473.0,5,"{""latitude"": 45.4146485, ""longitude"": 11.8850838}",https://dalongyihotpot.it/,344 467 1614,PRICE_LEVEL_EXPENSIVE,hot_pot_restaurant,False,True,True,,True,True,True,True,"[""Monday: 12:00 – 2:30 PM, 6:30 – 11:30 PM"", ""Tuesday: 12:00 – 2:30 PM, 6:30 – 11:30 PM"", ""Wednesday: 12:00 – 2:30 PM, 6:30 – 11:30 PM"", ""Thursday: Closed"", ""Friday: 12:00 – 2:30 PM, 6:30 – 11:30 PM"", ""Saturday: 12:00 – 2:30 PM, 6:30 – 11:30 PM"", ""Sunday: 12:00 – 2:30 PM, 6:30 – 11:30 PM""]"
ChIJoZx-T0PafkcReq_qAWWpojI,Ristorante Indiano Buddha,"[""indian_restaurant"", ""vegetarian_restaurant"", ""restaurant"", ""food"", ""point_of_interest"", ""establishment""]","Via Giotto, 31, 35121 Padova PD",4.5,1176.0,5,"{""latitude"": 45.413944199999996, ""longitude"": 11.8758737}",https://www.buddharestaurant.info/i-nostri-ristoranti/buddha-padova/,049 878 9308,PRICE_LEVEL_MODERATE,indian_restaurant,True,True,True,False,True,True,True,True,"[""Monday: 12:00 – 2:30 PM, 7:00 – 11:00 PM"", ""Tuesday: 12:00 – 2:30 PM, 6:30 – 11:00 PM"", ""Wednesday: 12:00 – 2:30 PM, 6:30 – 11:00 PM"", ""Thursday: 12:00 – 2:30 PM, 6:30 – 11:00 PM"", ""Friday: 12:00 – 2:30 PM, 6:30 – 11:00 PM"", ""Saturday: 12:00 – 2:30 PM, 6:30 – 11:00 PM"", ""Sunday: 12:00 – 2:30 PM, 6:30 – 11:00 PM""]"
ChIJo_IoTgDbfkcREjVtqyZ7mSI,Flower Burger,"[""vegan_restaurant"", ""vegetarian_restaurant"", ""restaurant"", ""food"", ""point_of_interest"", ""establishment""]","Via Martiri della Libertà, 5, 35137 Padova PD",4.5,352.0,5,"{""latitude"": 45.4102426, ""longitude"": 11.8758216}",https://www.flowerburger.it/,049 573 9707,PRICE_LEVEL_MODERATE,vegan_restaurant,True,True,True,,True,True,True,False,"[""Monday: 12:00 – 3:00 PM, 7:00 – 10:00 PM"", ""Tuesday: 12:00 – 3:00 PM, 7:00 – 10:00 PM"", ""Wednesday: 12:00 – 3:00 PM, 7:00 – 10:00 PM"", ""Thursday: 12:00 – 3:00 PM, 7:00 – 10:00 PM"", ""Friday: 12:00 – 3:00 PM, 7:00 – 10:30 PM"", ""Saturday: 12:00 – 3:00 PM, 7:00 – 10:30 PM"", ""Sunday: 12:00 – 3:00 PM, 7:00 – 10:30 PM""]"
ChIJo_im80XafkcRuH1jLCO6Ej4,Passione Pizza,"[""pizza_delivery"", ""meal_delivery"", ""food_delivery"", ""pizza_restaurant"", ""restaurant"", ""food"", ""point_of_interest"", ""establishment""]","Via dei Livello, 25, 35139 Padova PD",4.6,187.0,5,"{""latitude"": 45.4089433, ""longitude"": 11.870853}",http://www.passionepizzapadova.it/,049 660027,PRICE_LEVEL_INEXPENSIVE,pizza_delivery,True,,,,,,,,"[""Monday: Closed"", ""Tuesday: 12:00 – 2:30 PM, 6:00 – 10:00 PM"", ""Wednesday: 12:00 – 2:30 PM, 6:00 – 10:00 PM"", ""Thursday: 12:00 – 2:30 PM, 6:00 – 10:00 PM"", ""Friday: 12:00 – 2:30 PM, 6:00 – 10:00 PM"", ""Saturday: 6:00 – 10:00 PM"", ""Sunday: 6:00 – 10:00 PM""]"
ChIJoeVQfJ7bfkcRZROZ_CFOubU,Caffè Santa Monica Wine Bar Padova,"[""bistro"", ""bar"", ""restaurant"", ""food"", ""point_of_interest"", ""establishment""]","Via Guizza Conselvana, 185, 35125 Padova PD",4.4,107.0,5,"{""latitude"": 45.3756357, ""longitude"": 11.870963}",,348 601 2366,PRICE_LEVEL_MODERATE,bistro,False,True,True,True,True,False,True,True,"[""Monday: 4:00 AM – 3:00 PM"", ""Tuesday: 4:00 AM – 3:00 PM"", ""Wednesday: 4:00 AM – 3:00 PM"", ""Thursday: 4:00 AM – 3:00 PM"", ""Friday: 4:00 AM – 3:00 PM"", ""Saturday: 4:30 AM – 12:00 PM"", ""Sunday: Closed""]"
ChIJpSONmi_RfkcRE5-xkiIO5u4,FARCI,"[""sandwich_shop"", ""restaurant"", ""point_of_interest"", ""food"", ""establishment""]","Via Roma, 72, 35133 Padova PD",4.3,103.0,5,"{""latitude"": 45.4049355, ""longitude"": 11.8760631}",,,PRICE_LEVEL_INEXPENSIVE,sandwich_shop,False,True,,,,,True,,"[""Monday: 11:00 AM – 9:30 PM"", ""Tuesday: 11:00 AM – 9:30 PM"", ""Wednesday: 11:00 AM – 9:30 PM"", ""Thursday: 11:00 AM – 9:30 PM"", ""Friday: 11:00 AM – 9:30 PM"", ""Saturday: 11:00 AM – 9:30 PM"", ""Sunday: 11:00 AM – 9:30 PM""]"
ChIJpTGSwU_afkcRALQ5_zQOqcE,Marechiaro Ristorante Pizzeria,"[""italian_restaurant"", ""pizza_restaurant"", ""restaurant"", ""food"", ""point_of_interest"", ""establishment""]","Via Daniele Manin, 37, 35139 Padova PD",4.3,2494.0,5,"{""latitude"": 45.4070366, ""longitude"": 11.873448999999999}",,049 875 8489,PRICE_LEVEL_MODERATE,italian_restaurant,False,True,True,False,True,True,True,True,"[""Monday: Closed"", ""Tuesday: 12:00 – 2:30 PM, 7:00 – 10:30 PM"", ""Wednesday: 12:00 – 2:30 PM, 7:00 – 10:30 PM"", ""Thursday: 12:00 – 2:30 PM, 7:00 – 10:30 PM"", ""Friday: 12:00 – 2:30 PM, 7:00 – 10:30 PM"", ""Saturday: 12:00 – 2:30 PM, 7:00 – 10:30 PM"", ""Sunday: 12:00 – 2:30 PM, 7:00 – 10:30 PM""]"
ChIJpTWHmbzbfkcRdRu-nZfYwIY,Il Bassanello,"[""italian_restaurant"", ""seafood_restaurant"", ""pizza_restaurant"", ""restaurant"", ""food"", ""point_of_interest"", ""establishment""]","Via Adriatica, 3, 35125 Padova PD",4.3,2510.0,5,"{""latitude"": 45.385698399999995, ""longitude"": 11.8652388}",https://ristorantebassanello.it/,049 687500,PRICE_LEVEL_MODERATE,italian_restaurant,False,True,True,False,True,True,True,True,"[""Monday: 12:00 – 2:30 PM, 6:00 PM – 12:00 AM"", ""Tuesday: 12:00 – 2:30 PM, 6:00 PM – 12:00 AM"", ""Wednesday: 12:00 – 2:30 PM, 6:00 PM – 12:00 AM"", ""Thursday: 12:00 – 2:30 PM, 6:00 PM – 12:00 AM"", ""Friday: 12:00 – 2:30 PM, 6:00 PM – 12:00 AM"", ""Saturday: 12:00 – 2:30 PM, 6:00 PM – 12:00 AM"", ""Sunday: 12:00 – 2:30 PM, 6:00 PM – 12:00 AM""]"
ChIJpWQEUADbfkcRE_FmseNF3AQ,Ristorante a Barozzi,"[""restaurant"", ""food"", ""point_of_interest"", ""establishment""]","Via Pietro Barozzi, 18, 35128 Padova PD",,,0,"{""latitude"": 45.4025489, ""longitude"": 11.895524499999999}",,,,restaurant,,True,True,,,True,True,True,"[""Monday: Open 24 hours"", ""Tuesday: Open 24 hours"", ""Wednesday: Open 24 hours"", ""Thursday: Open 24 hours"", ""Friday: Open 24 hours"", ""Saturday: Open 24 hours"", ""Sunday: Closed""]"
ChIJpXSgrsDbfkcRzf_5kCMmrZI,Roemerkeller Padova,"[""italian_restaurant"", ""steak_house"", ""pizza_restaurant"", ""meal_takeaway"", ""restaurant"", ""food"", ""point_of_interest"", ""establishment""]","Via Romana Aponense, 137, 35142 Padova PD",4.0,1772.0,5,"{""latitude"": 45.3661393, ""longitude"": 11.825321899999999}",http://www.roemerkeller.it/,328 178 6333,PRICE_LEVEL_MODERATE,italian_restaurant,False,True,True,False,True,True,True,True,"[""Monday: 12:00 – 2:30 PM, 6:30 PM – 12:00 AM"", ""Tuesday: 12:00 – 2:30 PM, 6:30 PM – 12:00 AM"", ""Wednesday: 12:00 – 2:30 PM, 6:30 PM – 12:00 AM"", ""Thursday: 12:00 – 2:30 PM, 6:30 PM – 12:00 AM"", ""Friday: 12:00 – 2:30 PM, 6:30 PM – 12:00 AM"", ""Saturday: 6:30 PM – 12:30 AM"", ""Sunday: 12:00 – 3:00 PM, 6:30 PM – 12:00 AM""]"
ChIJpZZBCGXbfkcRSA80biTZAKo,Exforo,"[""restaurant"", ""food"", ""point_of_interest"", ""establishment""]","Prato della Valle, 70/a, 35123 Padova PD",4.3,482.0,5,"{""latitude"": 45.3969785, ""longitude"": 11.876602499999999}",http://www.exforo.it/,340 820 6428,PRICE_LEVEL_EXPENSIVE,restaurant,False,True,True,,True,True,True,True,"[""Monday: 6:00 PM – 12:00 AM"", ""Tuesday: 6:00 PM – 12:00 AM"", ""Wednesday: 6:00 PM – 12:00 AM"", ""Thursday: 6:00 PM – 12:00 AM"", ""Friday: 6:00 PM – 2:00 AM"", ""Saturday: 6:00 PM – 2:00 AM"", ""Sunday: Closed""]"
ChIJp_3I38nbfkcRB8VdSFG-S4o,Star kebab,"[""turkish_restaurant"", ""restaurant"", ""food"", ""point_of_interest"", ""establishment""]","Piazzale della Stazione, 8, 35131 Padova PD",3.1,33.0,5,"{""latitude"": 45.416215, ""longitude"": 11.8815071}",,,PRICE_LEVEL_INEXPENSIVE,turkish_restaurant,,True,,,True,True,,,[]
ChIJq-cj5YfafkcRJIFKmcKuV1s,Bocca della Verità,"[""pizza_restaurant"", ""kebab_shop"", ""restaurant"", ""food"", ""point_of_interest"", ""establishment""]","Via Tiziano Vecellio, 84a, 35132 Padova PD",4.4,404.0,5,"{""latitude"": 45.425864399999995, ""longitude"": 11.896028399999999}",,049 864 0939,PRICE_LEVEL_INEXPENSIVE,pizza_restaurant,True,True,True,False,True,True,True,True,"[""Monday: 6:00 – 11:30 PM"", ""Tuesday: 12:00 – 2:00 PM, 6:00 – 11:30 PM"", ""Wednesday: 12:00 – 2:00 PM, 6:00 – 11:30 PM"", ""Thursday: 12:00 – 2:00 PM, 6:00 – 11:30 PM"", ""Friday: 12:00 – 2:00 PM, 6:00 – 11:30 PM"", ""Saturday: 12:00 – 2:00 PM, 6:00 – 11:30 PM"", ""Sunday: 12:00 – 2:00 PM, 6:00 – 11:30 PM""]"
ChIJq7xvI5nbfkcR9rju10jdVb4,Hanako sushi restaurant,"[""japanese_restaurant"", ""asian_restaurant"", ""restaurant"", ""food"", ""point_of_interest"", ""establishment""]","Via Marchetto da Padova, 2A, 35126 Padova PD",4.6,443.0,5,"{""latitude"": 45.393184600000005, ""longitude"": 11.8800437}",https://hanakosushi.it/,351 310 5600,PRICE_LEVEL_MODERATE,japanese_restaurant,True,True,True,,True,True,True,True,"[""Monday: 12:00 – 3:00 PM, 7:00 – 11:30 PM"", ""Tuesday: Closed"", ""Wednesday: 12:00 – 3:00 PM, 7:00 – 11:30 PM"", ""Thursday: 12:00 – 3:00 PM, 7:00 – 11:30 PM"", ""Friday: 12:00 – 3:00 PM, 7:00 – 11:30 PM"", ""Saturday: 12:00 – 3:00 PM, 7:00 – 11:30 PM"", ""Sunday: 12:00 – 3:00 PM, 7:00 – 11:30 PM""]"
ChIJqS4YJi3bfkcRcNXWtF3UmJ4,Gustoteca,"[""restaurant"", ""point_of_interest"", ""food"", ""establishment""]","Via Venezia, 106, 35129 Padova PD",4.3,660.0,5,"{""latitude"": 45.4119548, ""longitude"": 11.9117657}",https://www.gustoteca.it/it,331 403 9616,PRICE_LEVEL_MODERATE,restaurant,True,True,True,True,True,True,True,True,"[""Monday: 11:30 AM – 3:30 PM"", ""Tuesday: 11:30 AM – 3:30 PM"", ""Wednesday: 11:30 AM – 3:30 PM, 6:30 – 11:30 PM"", ""Thursday: 11:30 AM – 3:30 PM, 6:30 – 11:30 PM"", ""Friday: 11:30 AM – 3:30 PM, 6:30 – 11:30 PM"", ""Saturday: 11:00 AM – 3:30 PM, 6:30 – 11:30 PM"", ""Sunday: 11:00 AM – 3:30 PM, 6:30 – 11:30 PM""]"
ChIJqXY6Da7bfkcR3KJ5ypPYeY8,V9 DI ZOU LINLIN,"[""chinese_restaurant"", ""restaurant"", ""food"", ""point_of_interest"", ""establishment""]","Viale della Navigazione Interna, 9, 35129 Padova PD",3.8,21.0,5,"{""latitude"": 45.409084400000005, ""longitude"": 11.920475099999999}",,049 830 3102,PRICE_LEVEL_MODERATE,chinese_restaurant,,True,True,,,True,True,True,"[""Monday: 6:00 PM – 12:00 AM"", ""Tuesday: 6:00 PM – 12:00 AM"", ""Wednesday: 6:00 PM – 12:00 AM"", ""Thursday: 6:00 PM – 12:00 AM"", ""Friday: 6:00 PM – 12:00 AM"", ""Saturday: 6:00 PM – 12:00 AM"", ""Sunday: 6:00 PM – 2:00 AM""]"
ChIJqYEUQkvYfkcRpW_bv7K03Hg,Pizzeria Scrocchia Padova,"[""pizza_restaurant"", ""meal_takeaway"", ""restaurant"", ""food"", ""point_of_interest"", ""establishment""]","Piazza Francesco Severi, 10, 35126 Padova PD",4.7,227.0,5,"{""latitude"": 45.395621399999996, ""longitude"": 11.8880669}",https://www.justeat.it/restaurants-scrocchiapadova/menu,389 102 4849,PRICE_LEVEL_MODERATE,meal_takeaway,True,True,True,False,,True,True,,"[""Monday: Closed"", ""Tuesday: 6:30 – 10:30 PM"", ""Wednesday: 6:30 – 10:30 PM"", ""Thursday: 6:30 – 10:30 PM"", ""Friday: 6:30 – 10:30 PM"", ""Saturday: 6:30 – 10:30 PM"", ""Sunday: 6:30 – 10:00 PM""]"
ChIJqc2ysFHafkcRbOcIDLBCJP8,Shanghai Naturalmente,"[""chinese_restaurant"", ""restaurant"", ""food"", ""point_of_interest"", ""establishment""]","Via Marsala, 6/8, 35122 Padova PD",4.5,1910.0,5,"{""latitude"": 45.405194699999996, ""longitude"": 11.8758609}",https://shanghai-naturalmente.eatbu.com/?lang=it,049 652910,PRICE_LEVEL_MODERATE,chinese_restaurant,True,True,True,False,True,True,True,True,"[""Monday: Closed"", ""Tuesday: 12:00 – 3:00 PM, 7:00 – 11:30 PM"", ""Wednesday: 12:00 – 3:00 PM, 7:00 – 11:30 PM"", ""Thursday: 12:00 – 3:00 PM, 7:00 – 11:30 PM"", ""Friday: 12:00 – 3:00 PM, 7:00 – 11:30 PM"", ""Saturday: 12:00 – 3:00 PM, 7:00 – 11:30 PM"", ""Sunday: 12:00 – 3:00 PM, 7:00 – 11:30 PM""]"
ChIJqwUJbQjbfkcRLsZuQqEjEW4,Umby Pizza Padova,"[""pizza_restaurant"", ""meal_takeaway"", ""restaurant"", ""food"", ""point_of_interest"", ""establishment""]","Via Jacopo Crescini, 2, 35126 Padova PD",4.5,199.0,5,"{""latitude"": 45.393588699999995, ""longitude"": 11.8816008}",https://www.facebook.com/UmbyPizzaPadova/,351 468 4135,PRICE_LEVEL_INEXPENSIVE,pizza_restaurant,True,True,True,False,,True,True,,"[""Monday: Closed"", ""Tuesday: 6:30 – 10:30 PM"", ""Wednesday: 6:30 – 10:30 PM"", ""Thursday: 6:30 – 10:30 PM"", ""Friday: 6:30 – 10:30 PM"", ""Saturday: 6:30 – 10:30 PM"", ""Sunday: 6:30 – 10:30 PM""]"
ChIJr0BtXV7afkcRyqd96uzrs84,L'Intermezzo,"[""restaurant"", ""cafe"", ""bar"", ""cafeteria"", ""food"", ""point_of_interest"", ""establishment""]","Via Niccolò Tommaseo, 66, 35131 Padova PD",4.4,220.0,5,"{""latitude"": 45.414581, ""longitude"": 11.885456}",https://www.facebook.com/barlintermezzo/,049 876 0301,PRICE_LEVEL_MODERATE,restaurant,,True,True,True,True,False,True,True,"[""Monday: 7:00 AM – 5:00 PM"", ""Tuesday: 7:00 AM – 5:00 PM"", ""Wednesday: 7:00 AM – 5:00 PM"", ""Thursday: 7:00 AM – 5:00 PM"", ""Friday: 7:00 AM – 5:00 PM"", ""Saturday: Closed"", ""Sunday: Closed""]"
ChIJr3ZPMFjafkcRv7xsLKoOVM4,Alì Baba E I 40 Panini Padova,"[""sandwich_shop"", ""fast_food_restaurant"", ""restaurant"", ""food"", ""point_of_interest"", ""establishment""]","Via Giambattista Morgagni, 48, 35121 Padova PD",4.7,595.0,5,"{""latitude"": 45.4077749, ""longitude"": 11.884800900000002}",,049 817 1440,PRICE_LEVEL_INEXPENSIVE,sandwich_shop,True,,,False,True,True,False,False,"[""Monday: 11:30 AM – 6:00 PM"", ""Tuesday: 11:30 AM – 6:00 PM"", ""Wednesday: 11:30 AM – 6:00 PM"", ""Thursday: 11:30 AM – 6:00 PM"", ""Friday: 11:30 AM – 6:00 PM"", ""Saturday: 11:30 AM – 6:00 PM"", ""Sunday: Closed""]"
ChIJr5eDc-zafkcRVK3dPlugkus,Ginza,"[""japanese_restaurant"", ""sushi_restaurant"", ""meal_takeaway"", ""restaurant"", ""food"", ""point_of_interest"", ""establishment""]","Via Venezia, 61, 35131 Padova PD",4.2,3381.0,5,"{""latitude"": 45.4108601, ""longitude"": 11.9068445}",https://ginza-padova.enryang.workers.dev/,049 774955,PRICE_LEVEL_MODERATE,japanese_restaurant,True,True,True,False,True,True,True,True,"[""Monday: 12:00 – 3:00 PM, 7:00 – 11:30 PM"", ""Tuesday: 12:00 – 3:00 PM, 7:00 – 11:30 PM"", ""Wednesday: 12:00 – 3:00 PM, 7:00 – 11:30 PM"", ""Thursday: 12:00 – 3:00 PM, 7:00 – 11:30 PM"", ""Friday: 12:00 – 3:00 PM, 7:00 – 11:30 PM"", ""Saturday: 12:00 – 3:00 PM, 7:00 – 11:30 PM"", ""Sunday: 12:00 – 3:00 PM, 7:00 – 11:30 PM""]"
ChIJr5tB2cLbfkcR3IIzpGihSfY,Pizzeria casa della pizza,"[""meal_takeaway"", ""pizza_restaurant"", ""restaurant"", ""point_of_interest"", ""food"", ""establishment""]","Via Michelangelo Buonarroti, 14, 35134 Padova PD",4.7,102.0,5,"{""latitude"": 45.4212256, ""longitude"": 11.8780369}",https://www.pizzeriacasadellapizza.it/,049 221 0670,PRICE_LEVEL_INEXPENSIVE,meal_takeaway,True,,,,,True,,,"[""Monday: Closed"", ""Tuesday: 6:00 – 10:30 PM"", ""Wednesday: 6:00 – 10:30 PM"", ""Thursday: 6:00 – 10:30 PM"", ""Friday: 6:00 – 11:00 PM"", ""Saturday: 6:00 – 11:00 PM"", ""Sunday: 6:00 – 10:30 PM""]"
ChIJr84V2VDafkcRo_c25N-HeVY,Ristorante Sugo,"[""restaurant"", ""food"", ""point_of_interest"", ""establishment""]","Via del Santo, 7, 35121 Padova PD",4.3,1037.0,5,"{""latitude"": 45.405533899999995, ""longitude"": 11.879330399999999}",https://www.facebook.com/sugopadova/,339 368 5439,PRICE_LEVEL_MODERATE,restaurant,True,True,True,True,True,True,True,True,"[""Monday: 11:00 AM – 3:00 PM"", ""Tuesday: 11:00 AM – 3:00 PM"", ""Wednesday: 11:00 AM – 3:00 PM"", ""Thursday: 11:00 AM – 3:00 PM"", ""Friday: 11:00 AM – 3:00 PM"", ""Saturday: 11:00 AM – 3:00 PM"", ""Sunday: 11:00 AM – 3:00 PM""]"
ChIJr9MM0UTafkcRLkub0Wdz4bw,Il Venexino,"[""restaurant"", ""bistro"", ""food"", ""point_of_interest"", ""establishment""]","Via S. Fermo, 45, 35137 Padova PD",4.3,418.0,5,"{""latitude"": 45.410865799999996, ""longitude"": 11.8757801}",http://www.ilvenexino.com/,049 490 7181,PRICE_LEVEL_MODERATE,restaurant,False,True,True,True,True,True,True,True,"[""Monday: 7:30 AM – 1:00 AM"", ""Tuesday: 7:30 AM – 1:00 AM"", ""Wednesday: 7:30 AM – 1:00 AM"", ""Thursday: 7:30 AM – 1:00 AM"", ""Friday: 7:30 AM – 2:00 AM"", ""Saturday: 7:30 AM – 2:00 AM"", ""Sunday: 8:00 AM – 3:00 PM""]"
ChIJr_qzKKnbfkcRnt1_qzCdmeA,Sushi Su,"[""sushi_restaurant"", ""seafood_restaurant"", ""japanese_restaurant"", ""restaurant"", ""food"", ""point_of_interest"", ""establishment""]","Via Giordano Bruno, 42, 35124 Padova PD",3.8,181.0,5,"{""latitude"": 45.3916216, ""longitude"": 11.875120299999999}",https://sushi-su.it/,049 880 9285,PRICE_LEVEL_VERY_EXPENSIVE,sushi_restaurant,True,True,True,False,True,True,True,True,"[""Monday: Closed"", ""Tuesday: 6:00 – 11:30 PM"", ""Wednesday: 6:00 – 11:30 PM"", ""Thursday: 6:00 – 11:30 PM"", ""Friday: 6:00 – 11:30 PM"", ""Saturday: 6:00 – 11:30 PM"", ""Sunday: 6:00 – 11:30 PM""]"
ChIJrftZl_3bfkcRO2mCedkSBcY,Osteria all'Ombra del Pino,"[""italian_restaurant"", ""restaurant"", ""food"", ""point_of_interest"", ""establishment""]","Viale Felice Cavallotti, 50, 35124 Padova PD",4.5,603.0,5,"{""latitude"": 45.3872232, ""longitude"": 11.8671885}",,340 679 9261,PRICE_LEVEL_EXPENSIVE,italian_restaurant,False,True,True,False,True,True,True,True,"[""Monday: 7:30 – 10:30 PM"", ""Tuesday: 7:30 – 10:30 PM"", ""Wednesday: 7:30 – 10:30 PM"", ""Thursday: 7:30 – 10:30 PM"", ""Friday: 7:30 – 10:30 PM"", ""Saturday: 7:30 – 10:30 PM"", ""Sunday: Closed""]"
ChIJrzsL-b7bfkcR0PiKPd_u-Y0,Bar Trattoria Summer,"[""restaurant"", ""food"", ""point_of_interest"", ""establishment""]","Via Annibale da Bassano, 74b, 35135 Padova PD",4.6,53.0,5,"{""latitude"": 45.4253508, ""longitude"": 11.8724157}",,339 718 3490,PRICE_LEVEL_MODERATE,restaurant,,True,True,True,True,True,True,True,"[""Monday: 10:00 AM – 10:30 PM"", ""Tuesday: 10:00 AM – 10:30 PM"", ""Wednesday: 10:00 AM – 10:30 PM"", ""Thursday: 10:00 AM – 10:30 PM"", ""Friday: 10:00 AM – 10:30 PM"", ""Saturday: 10:00 AM – 11:00 PM"", ""Sunday: 10:00 AM – 10:30 PM""]"
ChIJs0KpGH3bfkcRKbC80U2Min0,miscusi | pasta fresca - Padova,"[""restaurant"", ""vegetarian_restaurant"", ""italian_restaurant"", ""food"", ""point_of_interest"", ""establishment""]","Piazza della Frutta, 18, 35122 Padova PD",4.6,3893.0,5,"{""latitude"": 45.4075206, ""longitude"": 11.8746897}",https://miscusi.com/?utm_source=google&utm_medium=googlemaps&utm_campaign=linkgmb&utm_content=I012,,PRICE_LEVEL_MODERATE,restaurant,True,True,True,False,True,True,True,True,"[""Monday: 12:00 – 10:00 PM"", ""Tuesday: 12:00 – 10:00 PM"", ""Wednesday: 12:00 – 10:00 PM"", ""Thursday: 12:00 – 10:00 PM"", ""Friday: 12:00 – 10:00 PM"", ""Saturday: 12:00 – 10:00 PM"", ""Sunday: 12:00 – 10:00 PM""]"
ChIJsaseL1LafkcR9717B3D3c7s,"Pasticceria ""Breda""","[""dessert_restaurant"", ""restaurant"", ""point_of_interest"", ""food"", ""establishment""]","Via Umberto I, 26, 35122 Padova PD",4.1,1314.0,5,"{""latitude"": 45.4026375, ""longitude"": 11.8754067}",https://www.pasticceriabreda.it/,049 875 8394,PRICE_LEVEL_INEXPENSIVE,dessert_restaurant,True,True,True,True,True,False,,True,"[""Monday: Closed"", ""Tuesday: 7:30 AM – 7:30 PM"", ""Wednesday: 7:30 AM – 7:30 PM"", ""Thursday: 7:30 AM – 7:30 PM"", ""Friday: 7:30 AM – 7:30 PM"", ""Saturday: 7:30 AM – 7:30 PM"", ""Sunday: 7:30 AM – 7:30 PM""]"
ChIJscoyyvbbfkcRXpB2hzeOECg,KPC - Ristorante Indiano Padova,"[""restaurant"", ""fast_food_restaurant"", ""food"", ""point_of_interest"", ""establishment""]","Via T. Aspetti, 95, 35135 Padova PD",3.5,30.0,5,"{""latitude"": 45.4224308, ""longitude"": 11.8830675}",,049 232758,,restaurant,False,True,True,,True,True,,,"[""Monday: 11:00 AM – 12:00 AM"", ""Tuesday: 11:00 AM – 12:00 AM"", ""Wednesday: 11:00 AM – 12:00 AM"", ""Thursday: 11:00 AM – 12:00 AM"", ""Friday: 11:00 AM – 12:00 AM"", ""Saturday: 11:00 AM – 12:00 AM"", ""Sunday: 11:00 AM – 12:00 AM""]"
ChIJscwxqaDbfkcRaBqR9mLi5Yo,Mille e Una Alba,"[""lebanese_restaurant"", ""restaurant"", ""food"", ""point_of_interest"", ""establishment""]","Via Giovanni Berchet, 11, 35131 Padova PD",4.7,487.0,5,"{""latitude"": 45.4134465, ""longitude"": 11.8853516}",http://www.instagram.com/ristorantlibanesemilleeunaalba,375 745 5725,PRICE_LEVEL_MODERATE,lebanese_restaurant,False,True,True,True,True,True,True,True,"[""Monday: Closed"", ""Tuesday: 11:00 AM – 3:30 PM, 6:00 – 11:00 PM"", ""Wednesday: 11:00 AM – 3:30 PM, 6:00 – 11:00 PM"", ""Thursday: 11:00 AM – 3:30 PM, 6:00 – 11:00 PM"", ""Friday: 11:00 AM – 3:30 PM, 6:00 – 11:00 PM"", ""Saturday: 11:00 AM – 3:30 PM, 6:00 – 11:00 PM"", ""Sunday: 11:00 AM – 3:30 PM, 6:00 – 11:00 PM""]"
ChIJswEOggTbfkcRE-L-Z46xnNY,Gold padova,"[""sushi_restaurant"", ""japanese_restaurant"", ""restaurant"", ""food"", ""point_of_interest"", ""establishment""]","Corso Argentina, 5, 35127 Padova PD",5.0,1.0,1,"{""latitude"": 45.416052199999996, ""longitude"": 11.9336183}",,327 548 7872,,sushi_restaurant,,True,,,True,True,True,True,"[""Monday: Closed"", ""Tuesday: 7:30 – 9:30 PM"", ""Wednesday: 7:30 – 9:30 PM"", ""Thursday: 7:30 – 9:30 PM"", ""Friday: 7:30 – 9:30 PM"", ""Saturday: 7:30 – 9:30 PM"", ""Sunday: 7:30 – 9:30 PM""]"
ChIJsyFieFfafkcRN_O0j_MdLPk,Osteria La Sofia,"[""restaurant"", ""point_of_interest"", ""food"", ""establishment""]","Via Aristide Gabelli, 2b, 35121 Padova PD",4.3,623.0,5,"{""latitude"": 45.4067381, ""longitude"": 11.883836899999999}",https://www.facebook.com/trattoriaenotecalasofia/,049 254 5559,PRICE_LEVEL_MODERATE,restaurant,False,True,True,False,True,True,True,True,"[""Monday: 10:00 AM – 3:00 PM, 6:00 PM – 12:00 AM"", ""Tuesday: 10:00 AM – 3:00 PM, 6:00 PM – 12:00 AM"", ""Wednesday: 10:00 AM – 3:00 PM, 6:00 PM – 12:00 AM"", ""Thursday: 10:00 AM – 3:00 PM, 6:00 PM – 12:00 AM"", ""Friday: 10:00 AM – 3:00 PM, 6:00 PM – 12:00 AM"", ""Saturday: 10:00 AM – 3:00 PM, 6:00 PM – 12:00 AM"", ""Sunday: Closed""]"
ChIJszl4wE_afkcRcTFHYFA2xac,Capatoast,"[""fast_food_restaurant"", ""sandwich_shop"", ""restaurant"", ""food"", ""point_of_interest"", ""establishment""]","Via Daniele Manin, 51, 35139 Padova PD",4.3,1817.0,5,"{""latitude"": 45.40704600000001, ""longitude"": 11.873272}",https://capatoast.it/,049 875 0912,PRICE_LEVEL_INEXPENSIVE,fast_food_restaurant,True,True,,False,True,True,True,False,"[""Monday: 11:00 AM – 3:30 PM, 6:45 – 10:00 PM"", ""Tuesday: 11:00 AM – 3:30 PM, 6:45 – 10:00 PM"", ""Wednesday: 11:00 AM – 3:30 PM, 6:45 – 10:00 PM"", ""Thursday: 11:00 AM – 3:30 PM, 6:45 – 10:00 PM"", ""Friday: 11:00 AM – 3:30 PM, 6:45 – 10:00 PM"", ""Saturday: 11:00 AM – 10:00 PM"", ""Sunday: 11:00 AM – 3:30 PM, 6:45 – 10:00 PM""]"
ChIJt-ndTe3bfkcRHY1Aa5AmMdE,LievitArti - Forcellini,"[""pizza_delivery"", ""meal_delivery"", ""pizza_restaurant"", ""meal_takeaway"", ""food_delivery"", ""restaurant"", ""food"", ""point_of_interest"", ""establishment""]","Via Egidio Forcellini, 161, 35128 Padova PD",4.5,172.0,5,"{""latitude"": 45.397092199999996, ""longitude"": 11.8990919}",http://www.lievitarti.com/,049 591 5055,PRICE_LEVEL_INEXPENSIVE,meal_takeaway,True,True,True,False,,True,True,,"[""Monday: 6:00 – 10:00 PM"", ""Tuesday: 6:00 – 10:00 PM"", ""Wednesday: 6:00 – 10:00 PM"", ""Thursday: 6:00 – 10:00 PM"", ""Friday: 6:00 – 10:00 PM"", ""Saturday: 6:00 – 10:00 PM"", ""Sunday: 6:00 – 10:00 PM""]"
ChIJt19s3-3afkcRUX4okb3Bero,Ginzo - Creative Taste Padova,"[""sushi_restaurant"", ""meal_takeaway"", ""japanese_restaurant"", ""restaurant"", ""food"", ""point_of_interest"", ""establishment""]","Via Antonio Grassi, 8/D, 35129 Padova PD",4.4,986.0,5,"{""latitude"": 45.4101097, ""longitude"": 11.902431199999999}",https://www.ginzo.it/,049 780 0014,PRICE_LEVEL_EXPENSIVE,sushi_restaurant,True,True,True,False,True,True,True,True,"[""Monday: 12:00 – 2:30 PM, 6:30 – 11:30 PM"", ""Tuesday: 12:00 – 2:30 PM, 6:30 – 11:30 PM"", ""Wednesday: 12:00 – 2:30 PM, 6:30 – 11:30 PM"", ""Thursday: 12:00 – 2:30 PM, 6:30 – 11:30 PM"", ""Friday: 12:30 AM – 2:30 PM, 6:30 – 11:30 PM"", ""Saturday: 12:00 – 2:30 PM, 6:30 – 11:30 PM"", ""Sunday: 12:00 – 2:30 PM, 6:30 – 11:30 PM""]"
ChIJt1mhNATbfkcR4RUA6F_Q2fk,BA Hot Pot Padova - 巴倒辣 重庆老火锅 店,"[""restaurant"", ""hot_pot_restaurant"", ""barbecue_restaurant"", ""chinese_restaurant"", ""food"", ""point_of_interest"", ""establishment""]","Viale dell'Industria, 35, 35129 Padova PD",4.8,281.0,5,"{""latitude"": 45.4111719, ""longitude"": 11.920487099999999}",https://social.quandoo.com/en/groups/ba-hot-pot-padova-109989,327 650 6288,PRICE_LEVEL_EXPENSIVE,restaurant,False,True,True,False,True,True,True,True,"[""Monday: 5:00 PM – 1:30 AM"", ""Tuesday: 5:00 PM – 1:30 AM"", ""Wednesday: Closed"", ""Thursday: 5:00 PM – 1:30 AM"", ""Friday: 5:00 PM – 1:30 AM"", ""Saturday: 5:00 PM – 1:30 AM"", ""Sunday: 5:00 PM – 1:30 AM""]"
ChIJt6CKlO_bfkcRM4TLwHykpUc,IFFI Kebab & Pizza,"[""pizza_delivery"", ""meal_delivery"", ""fast_food_restaurant"", ""turkish_restaurant"", ""food_delivery"", ""restaurant"", ""food"", ""point_of_interest"", ""establishment""]","Via Alessandro Manzoni, 27 A, 35126 Padova PD",4.8,213.0,5,"{""latitude"": 45.395257, ""longitude"": 11.8817089}",,393 563 2800,PRICE_LEVEL_INEXPENSIVE,turkish_restaurant,True,True,True,,True,True,True,False,"[""Monday: 11:00 AM – 2:00 AM"", ""Tuesday: 11:00 AM – 2:00 AM"", ""Wednesday: 11:00 AM – 2:00 AM"", ""Thursday: 11:00 AM – 2:00 AM"", ""Friday: 11:00 AM – 3:00 AM"", ""Saturday: 11:00 AM – 3:00 AM"", ""Sunday: 6:00 PM – 2:00 AM""]"
ChIJt7wpWyrbfkcRf89ssk0lMv4,KPC -( kebab pizza chicken)Fast food restaurant,"[""halal_restaurant"", ""restaurant"", ""food"", ""point_of_interest"", ""establishment""]","Cavalcavia Borgomagno, 2, 35132 Padova PD",4.7,56.0,5,"{""latitude"": 45.419078899999995, ""longitude"": 11.878836699999999}",,340 102 6606,PRICE_LEVEL_INEXPENSIVE,halal_restaurant,True,True,,,True,True,,,"[""Monday: 11:00 AM – 12:00 AM"", ""Tuesday: 11:00 AM – 12:00 AM"", ""Wednesday: 11:00 AM – 12:00 AM"", ""Thursday: 11:00 AM – 12:00 AM"", ""Friday: 11:00 AM – 12:00 AM"", ""Saturday: 12:00 PM – 12:00 AM"", ""Sunday: 11:00 AM – 12:00 AM""]"
ChIJtR_1yVHafkcRQmBmlJ0A8ns,Hamerica's ghetto via dell’Arco Padova,"[""hamburger_restaurant"", ""american_restaurant"", ""restaurant"", ""food"", ""point_of_interest"", ""establishment""]","Via dell'Arco, 22/26, 35122 Padova PD",4.2,1971.0,5,"{""latitude"": 45.405367, ""longitude"": 11.875291800000001}",http://www.hamericas.com/,049 875 0051,PRICE_LEVEL_MODERATE,hamburger_restaurant,True,True,True,False,True,True,True,True,"[""Monday: 12:00 – 3:00 PM, 7:00 – 11:00 PM"", ""Tuesday: 12:00 – 3:00 PM, 7:00 – 11:00 PM"", ""Wednesday: 12:00 – 3:00 PM, 7:00 – 11:00 PM"", ""Thursday: 12:00 – 3:00 PM, 7:00 – 11:00 PM"", ""Friday: 12:00 – 3:00 PM, 7:00 – 11:30 PM"", ""Saturday: 12:00 – 3:00 PM, 7:00 – 11:30 PM"", ""Sunday: 12:00 – 3:00 PM, 7:00 – 11:00 PM""]"
ChIJtSDfulHafkcRXqCEUnZKrN0,Bar Ristorante Pizzeria Otivm Lunch Cafe',"[""restaurant"", ""hamburger_restaurant"", ""beer_garden"", ""vegan_restaurant"", ""vegetarian_restaurant"", ""sandwich_shop"", ""pub"", ""american_restaurant"", ""bar"", ""food"", ""point_of_interest"", ""establishment""]","Via Roma, 69, 35122 Padova PD",4.4,4028.0,5,"{""latitude"": 45.4046364, ""longitude"": 11.8761683}",http://www.otivm.it/,049 658328,PRICE_LEVEL_MODERATE,restaurant,False,True,True,True,True,True,True,True,"[""Monday: 9:00 AM – 2:00 AM"", ""Tuesday: 9:00 AM – 2:00 AM"", ""Wednesday: 9:00 AM – 2:00 AM"", ""Thursday: 9:00 AM – 2:00 AM"", ""Friday: 9:00 AM – 2:00 AM"", ""Saturday: 9:00 AM – 2:00 AM"", ""Sunday: 9:00 AM – 2:00 AM""]"
ChIJtY3zHwDbfkcRmvPparWwHaA,Guoqiaomixian,"[""asian_restaurant"", ""restaurant"", ""food"", ""point_of_interest"", ""establishment""]","Via Niccolò Tommaseo, 76, 35131 Padova PD",4.6,36.0,5,"{""latitude"": 45.4137197, ""longitude"": 11.887868899999999}",,049 232 2882,PRICE_LEVEL_MODERATE,asian_restaurant,True,True,,,,True,,,"[""Monday: 11:30 AM – 3:00 PM, 6:00 – 10:30 PM"", ""Tuesday: 11:30 AM – 3:00 PM, 6:00 – 10:30 PM"", ""Wednesday: 11:30 AM – 3:00 PM, 6:00 – 10:30 PM"", ""Thursday: 11:30 AM – 3:00 PM, 6:00 – 10:30 PM"", ""Friday: 11:30 AM – 3:00 PM, 6:00 – 10:30 PM"", ""Saturday: 11:30 AM – 3:00 PM, 6:00 – 10:30 PM"", ""Sunday: 11:30 AM – 3:00 PM, 6:00 – 10:30 PM""]"
ChIJtbBNKVDafkcRWQwfg5sEb4s,Caffè Della Piazzetta,"[""bistro"", ""coffee_shop"", ""cafe"", ""bar"", ""food_store"", ""store"", ""restaurant"", ""food"", ""point_of_interest"", ""establishment""]","Via S. Martino e Solferino, 49, 35122 Padova PD",4.3,721.0,5,"{""latitude"": 45.4060596, ""longitude"": 11.8748217}",https://www.caffedellapiazzetta.it/,320 557 5286,PRICE_LEVEL_INEXPENSIVE,bistro,False,True,True,True,True,False,True,True,"[""Monday: 7:30 AM – 9:00 PM"", ""Tuesday: 7:30 AM – 9:00 PM"", ""Wednesday: 7:30 AM – 9:00 PM"", ""Thursday: 7:30 AM – 9:00 PM"", ""Friday: 7:30 AM – 9:00 PM"", ""Saturday: 7:30 AM – 9:00 PM"", ""Sunday: Closed""]"
ChIJtyG9V-3bfkcRf5JdOakdcjg,Ravioleria Ravioli & Sapori,"[""dim_sum_restaurant"", ""cantonese_restaurant"", ""chinese_restaurant"", ""restaurant"", ""food"", ""point_of_interest"", ""establishment""]","Piazza delle Erbe, 30, 35122 Padova PD",4.7,190.0,5,"{""latitude"": 45.407077, ""longitude"": 11.874995}",,327 958 8338,PRICE_LEVEL_INEXPENSIVE,dim_sum_restaurant,True,True,,,True,True,True,,"[""Monday: 11:00 AM – 3:00 PM, 5:30 PM – 12:00 AM"", ""Tuesday: Closed"", ""Wednesday: 11:00 AM – 3:00 PM, 5:30 PM – 12:00 AM"", ""Thursday: 11:00 AM – 3:00 PM, 5:30 PM – 12:00 AM"", ""Friday: 11:00 AM – 3:00 PM, 5:30 PM – 2:00 AM"", ""Saturday: 11:00 AM – 2:00 AM"", ""Sunday: 11:00 AM – 12:00 AM""]"
ChIJu1hZhe_afkcRP9DllyZrTwM,Il Chiosco,"[""pizza_restaurant"", ""live_music_venue"", ""event_venue"", ""restaurant"", ""food"", ""point_of_interest"", ""association_or_organization"", ""establishment""]","Via Ludovico Ariosto, 10, 35128 Padova PD",4.1,1481.0,5,"{""latitude"": 45.404253399999995, ""longitude"": 11.900915999999999}",http://ilchiosco.pd.it/,334 200 4006,PRICE_LEVEL_MODERATE,association_or_organization,False,True,True,False,False,True,True,True,"[""Monday: Closed"", ""Tuesday: Closed"", ""Wednesday: 6:30 PM – 3:00 AM"", ""Thursday: 6:30 PM – 12:30 AM"", ""Friday: 6:30 PM – 3:00 AM"", ""Saturday: 6:30 PM – 3:00 AM"", ""Sunday: 6:30 PM – 12:30 AM""]"
ChIJu5Rzsb3bfkcRysC5dLiUi_o,Sicilian Goodness – Padova Centro Storico,"[""fast_food_restaurant"", ""coffee_shop"", ""ice_cream_shop"", ""italian_restaurant"", ""pastry_shop"", ""dessert_shop"", ""cafe"", ""confectionery"", ""bakery"", ""food_store"", ""store"", ""restaurant"", ""food"", ""point_of_interest"", ""establishment""]","Via Roma, 121, 35122 Padova PD",4.1,542.0,5,"{""latitude"": 45.403368099999994, ""longitude"": 11.8757126}",https://siciliangoodness.com/punti-vendita/padova-centro-storico/,049 830 5182,PRICE_LEVEL_INEXPENSIVE,italian_restaurant,True,True,,True,True,,True,False,"[""Monday: Closed"", ""Tuesday: 8:00 AM – 8:00 PM"", ""Wednesday: 8:00 AM – 8:00 PM"", ""Thursday: 8:00 AM – 8:00 PM"", ""Friday: 8:00 AM – 8:00 PM"", ""Saturday: 8:00 AM – 8:00 PM"", ""Sunday: 8:00 AM – 8:00 PM""]"
ChIJu9bZt0_afkcRsYoU1BCI1SI,Osteria dal Capo,"[""restaurant"", ""italian_restaurant"", ""food"", ""point_of_interest"", ""establishment""]","Via Obizzi, 2 Adiacente, 35122 Padova PD",4.5,1683.0,5,"{""latitude"": 45.4064981, ""longitude"": 11.873026}",http://www.osteriadalcapo.it/,049 663105,PRICE_LEVEL_EXPENSIVE,restaurant,False,True,True,False,True,True,True,True,"[""Monday: 7:00 – 10:30 PM"", ""Tuesday: 12:00 – 2:30 PM, 7:00 – 10:00 PM"", ""Wednesday: 12:00 – 2:30 PM, 7:00 – 10:00 PM"", ""Thursday: 12:00 – 2:30 PM, 7:00 – 10:00 PM"", ""Friday: 12:00 – 2:30 PM, 7:00 – 10:30 PM"", ""Saturday: 12:00 – 2:30 PM"", ""Sunday: Closed""]"
ChIJu9mkx9vbfkcROEB0zFv3z48,Zakaria Kebab & Pizzeria,"[""kebab_shop"", ""pizza_restaurant"", ""restaurant"", ""food"", ""point_of_interest"", ""establishment""]","Corso Vittorio Emanuele II, 1, 35123 Padova PD",4.2,313.0,5,"{""latitude"": 45.3977189, ""longitude"": 11.8744689}",,,PRICE_LEVEL_INEXPENSIVE,kebab_shop,True,True,,,True,True,,,"[""Monday: 11:30 AM – 12:00 AM"", ""Tuesday: 11:30 AM – 12:00 AM"", ""Wednesday: 11:30 AM – 12:00 AM"", ""Thursday: 11:30 AM – 12:00 AM"", ""Friday: 11:30 AM – 12:00 AM"", ""Saturday: 11:30 AM – 12:00 AM"", ""Sunday: 11:30 AM – 12:00 AM""]"
ChIJuQSdGbPbfkcRWagk-0DjIIg,Bar Garden City,"[""bistro"", ""bar"", ""store"", ""restaurant"", ""food"", ""point_of_interest"", ""establishment""]","Via Francesco Nullo, 6, 35122 Padova PD",4.2,590.0,5,"{""latitude"": 45.398012699999995, ""longitude"": 11.8677867}",https://www.cittagiardinodaignazio.com/,351 366 1583,PRICE_LEVEL_MODERATE,bistro,True,True,True,True,True,True,True,True,"[""Monday: 7:00 AM – 10:00 PM"", ""Tuesday: 7:00 AM – 10:00 PM"", ""Wednesday: 7:00 AM – 11:00 PM"", ""Thursday: 7:00 AM – 11:00 PM"", ""Friday: 7:00 AM – 11:00 PM"", ""Saturday: 7:00 AM – 11:00 PM"", ""Sunday: 7:30 AM – 10:00 PM""]"
ChIJuSPQrxjbfkcRiqMVsbFGCZc,CrashIt Burger,"[""fast_food_restaurant"", ""restaurant"", ""food"", ""point_of_interest"", ""establishment""]","Via Daniele Manin, 43, 35139 Padova PD",4.2,450.0,5,"{""latitude"": 45.407044899999995, ""longitude"": 11.873324499999999}",,,PRICE_LEVEL_MODERATE,fast_food_restaurant,,True,,,True,True,True,False,"[""Monday: 12:00 – 2:30 PM, 7:00 – 10:30 PM"", ""Tuesday: 12:00 – 2:30 PM, 6:30 – 10:30 PM"", ""Wednesday: 12:00 – 2:30 PM, 6:30 – 10:30 PM"", ""Thursday: 12:00 – 2:30 PM, 6:30 – 10:30 PM"", ""Friday: 12:00 – 2:30 PM, 6:30 – 10:30 PM"", ""Saturday: 12:00 – 2:30 PM"", ""Sunday: 12:00 – 2:30 PM, 6:30 – 10:30 PM""]"
ChIJuU6dlkXafkcRLJtARyhyfYI,Antico Brolo l'Osteria,"[""italian_restaurant"", ""wedding_venue"", ""event_venue"", ""restaurant"", ""food"", ""point_of_interest"", ""service"", ""establishment""]","Corso Milano, 22, 35139 Padova PD",4.3,1378.0,5,"{""latitude"": 45.409569, ""longitude"": 11.8713357}",http://www.anticobrolo.it/,049 664555,PRICE_LEVEL_EXPENSIVE,italian_restaurant,True,True,True,False,True,True,True,True,"[""Monday: 12:00 – 2:30 PM, 7:00 – 10:00 PM"", ""Tuesday: 12:00 – 2:30 PM, 7:00 – 10:30 PM"", ""Wednesday: 12:00 – 2:30 PM, 7:00 – 10:30 PM"", ""Thursday: 7:00 – 10:30 PM"", ""Friday: 12:00 – 2:30 PM, 7:00 – 10:30 PM"", ""Saturday: 12:00 – 2:30 PM, 7:00 – 10:30 PM"", ""Sunday: 12:00 – 3:00 PM, 7:00 – 9:30 PM""]"
ChIJufUzjU_afkcR0pRN3rJIljk,Pizza al cubo,"[""pizza_restaurant"", ""italian_restaurant"", ""meal_takeaway"", ""restaurant"", ""food"", ""point_of_interest"", ""establishment""]","Piazza dei Signori, 35, 35139 Padova PD",4.2,180.0,5,"{""latitude"": 45.40787100000001, ""longitude"": 11.873634}",https://il-cubo.eatbu.com/,049 875 2329,PRICE_LEVEL_INEXPENSIVE,pizza_restaurant,,True,False,,True,,True,,"[""Monday: 11:00 AM – 3:00 PM, 5:00 – 9:00 PM"", ""Tuesday: 11:00 AM – 3:00 PM, 5:00 – 9:00 PM"", ""Wednesday: 11:00 AM – 3:00 PM, 5:00 – 9:00 PM"", ""Thursday: 11:00 AM – 3:00 PM, 5:00 – 9:00 PM"", ""Friday: 11:00 AM – 3:00 PM, 5:00 PM – 1:30 AM"", ""Saturday: 11:00 AM – 3:00 PM, 5:00 PM – 1:30 AM"", ""Sunday: 5:00 – 9:00 PM""]"
ChIJuwNm3VDafkcRGc0A31wXl5k,Caffe Carlotta,"[""bar"", ""sandwich_shop"", ""pastry_shop"", ""dessert_shop"", ""confectionery"", ""bakery"", ""food_store"", ""store"", ""restaurant"", ""food"", ""point_of_interest"", ""establishment""]","Via S. Francesco, 44, 35121 Padova PD",4.4,570.0,5,"{""latitude"": 45.4057998, ""longitude"": 11.878939599999999}",,049 817 4062,PRICE_LEVEL_INEXPENSIVE,bar,False,True,True,,,,True,True,"[""Monday: 7:00 AM – 12:00 AM"", ""Tuesday: 7:00 AM – 12:00 AM"", ""Wednesday: 7:00 AM – 12:00 AM"", ""Thursday: 7:00 AM – 12:00 AM"", ""Friday: 7:00 AM – 12:00 AM"", ""Saturday: 8:00 AM – 12:00 AM"", ""Sunday: 9:00 AM – 11:30 PM""]"
ChIJuxse0EXbfkcRXVCY5G6pMe4,La Casetta,"[""wine_bar"", ""cocktail_bar"", ""coffee_shop"", ""cafe"", ""bar"", ""food_store"", ""store"", ""restaurant"", ""food"", ""point_of_interest"", ""establishment""]","Via Beata Elena Enselmini, 1, 35132 Padova PD",4.6,32.0,5,"{""latitude"": 45.4218815, ""longitude"": 11.886274600000002}",,351 618 4934,PRICE_LEVEL_INEXPENSIVE,wine_bar,False,True,True,,,,True,True,"[""Monday: Closed"", ""Tuesday: 9:30 AM – 11:30 PM"", ""Wednesday: 9:30 AM – 11:30 PM"", ""Thursday: 9:30 AM – 11:30 PM"", ""Friday: 9:30 AM – 12:00 AM"", ""Saturday: 9:30 AM – 11:30 PM"", ""Sunday: Closed""]"
ChIJv0mh_OvafkcRUbLYYKnV7Kk,Roadhouse Grill,"[""steak_house"", ""hamburger_restaurant"", ""american_restaurant"", ""restaurant"", ""food"", ""point_of_interest"", ""establishment""]","Via Pietro Donà, 2, 35100 Padova PD",3.8,4827.0,5,"{""latitude"": 45.4098848, ""longitude"": 11.907495599999999}",http://www.roadhouse.it/it/ristorante-roadhouse-padova,049 780 8353,PRICE_LEVEL_MODERATE,steak_house,True,True,True,True,True,True,True,True,"[""Monday: 12:00 – 3:00 PM, 6:30 – 10:30 PM"", ""Tuesday: 12:00 – 3:00 PM, 6:30 – 10:30 PM"", ""Wednesday: 12:00 – 3:00 PM, 6:30 – 10:30 PM"", ""Thursday: 12:00 – 3:00 PM, 6:30 – 10:30 PM"", ""Friday: 12:00 – 3:00 PM, 6:30 – 11:00 PM"", ""Saturday: 12:00 – 3:00 PM, 6:30 – 11:00 PM"", ""Sunday: 12:00 – 3:30 PM, 6:30 – 10:30 PM""]"
ChIJv2P7IFDafkcR5x-nQGvEdqY,Steampower Specialty Coffee & Brunch,"[""coffee_shop"", ""brunch_restaurant"", ""breakfast_restaurant"", ""cafe"", ""food_store"", ""store"", ""restaurant"", ""food"", ""point_of_interest"", ""establishment""]","Piazza delle Erbe, 20, 35122 Padova PD",4.4,1750.0,5,"{""latitude"": 45.4068018, ""longitude"": 11.874808999999999}",https://steampower.it/,351 758 5350,PRICE_LEVEL_INEXPENSIVE,coffee_shop,False,True,True,True,True,False,True,True,"[""Monday: 8:00 AM – 6:00 PM"", ""Tuesday: 8:00 AM – 6:00 PM"", ""Wednesday: 8:00 AM – 6:00 PM"", ""Thursday: 8:00 AM – 6:00 PM"", ""Friday: 8:00 AM – 6:00 PM"", ""Saturday: 8:00 AM – 8:00 PM"", ""Sunday: 9:00 AM – 8:00 PM""]"
ChIJv5RfikXafkcRGeLQgpoFDdI,Peace ‘n’ Spice,"[""restaurant"", ""food"", ""point_of_interest"", ""establishment""]","Via Dondi dall'Orologio, 13, 35139 Padova PD",4.5,2337.0,5,"{""latitude"": 45.408468299999996, ""longitude"": 11.871137899999999}",http://www.peaceandspice.com/,049 663450,PRICE_LEVEL_MODERATE,restaurant,True,True,True,,True,True,True,True,"[""Monday: 12:00 – 11:30 PM"", ""Tuesday: 12:00 – 11:30 PM"", ""Wednesday: 12:00 – 11:30 PM"", ""Thursday: 12:00 – 11:30 PM"", ""Friday: 12:00 – 11:30 PM"", ""Saturday: 12:00 – 11:30 PM"", ""Sunday: 12:00 – 11:30 PM""]"
ChIJv7Fbvn3ZfkcRehthpEIa6kA,Ristorante Tian Jin,"[""japanese_restaurant"", ""sushi_restaurant"", ""meal_delivery"", ""food_delivery"", ""chinese_restaurant"", ""restaurant"", ""food"", ""point_of_interest"", ""establishment""]","Via dei Colli, 99, 35143 Padova PD",4.5,915.0,5,"{""latitude"": 45.395448099999996, ""longitude"": 11.8268884}",https://www.rostianjin.it/,049 624911,PRICE_LEVEL_MODERATE,japanese_restaurant,True,True,True,False,True,True,True,True,"[""Monday: Closed"", ""Tuesday: 11:30 AM – 3:00 PM, 6:30 – 11:00 PM"", ""Wednesday: 11:30 AM – 3:00 PM, 6:30 – 11:00 PM"", ""Thursday: 11:30 AM – 3:00 PM, 6:30 – 11:00 PM"", ""Friday: 11:30 AM – 3:00 PM, 6:30 – 11:00 PM"", ""Saturday: 11:30 AM – 3:00 PM, 6:30 – 11:00 PM"", ""Sunday: 11:30 AM – 3:00 PM, 6:30 – 11:00 PM""]"
ChIJv9Y0nUbafkcRi-TSDtjZiwo,OH MY GOD!,"[""hamburger_restaurant"", ""brunch_restaurant"", ""british_restaurant"", ""american_restaurant"", ""restaurant"", ""food"", ""point_of_interest"", ""establishment""]","Via Savonarola, 84, 35137 Padova PD",4.6,912.0,5,"{""latitude"": 45.411639099999995, ""longitude"": 11.8704436}",https://ohmygodpadova.it/,340 392 5825,PRICE_LEVEL_MODERATE,british_restaurant,True,True,True,,True,True,True,True,"[""Monday: Closed"", ""Tuesday: 7:00 – 10:30 PM"", ""Wednesday: 7:00 – 10:30 PM"", ""Thursday: 7:00 – 10:30 PM"", ""Friday: 7:00 – 11:00 PM"", ""Saturday: 12:00 – 2:00 PM, 7:00 – 11:00 PM"", ""Sunday: 12:00 – 2:00 PM, 7:00 – 10:30 PM""]"
ChIJvRvApIXQfkcRO-Y0uLaJOlU,Rosticceria Cinese Ya-Yuan,"[""bistro"", ""meal_takeaway"", ""restaurant"", ""food"", ""point_of_interest"", ""establishment""]","Via Pontevigodarzere, 86, 35133 Padova PD",4.3,216.0,5,"{""latitude"": 45.4427083, ""longitude"": 11.8936137}",https://www.instagram.com/p/C_5RQEOtNla/?igsh=dm56NTlyMWF4NDB3,049 887 3722,PRICE_LEVEL_MODERATE,bistro,True,True,True,False,True,True,True,,"[""Monday: 5:30 – 9:45 PM"", ""Tuesday: 11:00 AM – 1:45 PM, 5:30 – 9:45 PM"", ""Wednesday: 11:00 AM – 1:45 PM, 5:30 – 9:45 PM"", ""Thursday: 11:00 AM – 1:45 PM, 5:30 – 9:45 PM"", ""Friday: 11:00 AM – 1:45 PM, 5:30 – 9:45 PM"", ""Saturday: 11:00 AM – 1:45 PM, 5:30 – 9:45 PM"", ""Sunday: 11:00 AM – 1:45 PM, 5:30 – 9:45 PM""]"
ChIJvYhhiXfbfkcRGDNbNxtv77k,Fujio,"[""chinese_restaurant"", ""restaurant"", ""food"", ""point_of_interest"", ""establishment""]","Via Umberto I, 103, 35123 Padova PD",4.6,81.0,5,"{""latitude"": 45.4005376, ""longitude"": 11.875947199999999}",,049 689 3387,PRICE_LEVEL_MODERATE,chinese_restaurant,True,True,True,False,True,True,True,True,"[""Monday: Closed"", ""Tuesday: 12:00 – 3:00 PM, 7:00 PM – 12:00 AM"", ""Wednesday: 12:00 – 3:00 PM, 7:00 PM – 12:00 AM"", ""Thursday: 12:00 – 3:00 PM, 7:00 PM – 12:00 AM"", ""Friday: 12:00 – 3:00 PM, 6:30 PM – 12:00 AM"", ""Saturday: 9:00 AM – 12:00 AM"", ""Sunday: 10:00 AM – 12:00 AM""]"
ChIJvdn4h57bfkcRnF1TP6QvMbE,Rosticceria Pizzeria Guizza,"[""kebab_shop"", ""pizza_delivery"", ""meal_delivery"", ""food_delivery"", ""grocery_store"", ""meal_takeaway"", ""pizza_restaurant"", ""food_store"", ""restaurant"", ""food"", ""store"", ""point_of_interest"", ""establishment""]","Via Guizza Conselvana, 179, 35125 Padova PD",4.4,269.0,5,"{""latitude"": 45.3758416, ""longitude"": 11.8709758}",https://www.facebook.com/rosticceriaguizza,049 684268,PRICE_LEVEL_INEXPENSIVE,meal_takeaway,True,True,True,False,,True,True,,"[""Monday: 6:00 – 10:30 PM"", ""Tuesday: 6:00 – 10:30 PM"", ""Wednesday: 6:00 – 10:30 PM"", ""Thursday: 6:00 – 10:30 PM"", ""Friday: 6:00 – 10:30 PM"", ""Saturday: 6:00 – 10:30 PM"", ""Sunday: 6:00 – 10:30 PM""]"
ChIJvzoPzurbfkcRI3HZ3TwunzM,Ca' Pelletti Padova,"[""italian_restaurant"", ""bar"", ""restaurant"", ""food"", ""point_of_interest"", ""establishment""]","Via Andrea Mantegna, 2, 35121 Padova PD",4.0,2494.0,5,"{""latitude"": 45.410228599999996, ""longitude"": 11.8786125}",https://www.ca-pelletti.it/,049 830 2615,PRICE_LEVEL_MODERATE,italian_restaurant,True,True,True,False,True,True,True,True,"[""Monday: 11:30 AM – 11:00 PM"", ""Tuesday: 11:30 AM – 11:00 PM"", ""Wednesday: 11:30 AM – 11:00 PM"", ""Thursday: 11:30 AM – 11:00 PM"", ""Friday: 11:30 AM – 11:00 PM"", ""Saturday: 11:30 AM – 11:00 PM"", ""Sunday: 11:30 AM – 11:00 PM""]"
ChIJw5SyNKLbfkcRK5C7ISwydzs,tOsKa,"[""pizza_restaurant"", ""restaurant"", ""food"", ""point_of_interest"", ""establishment""]","Via Cernaia, 56, 35141 Padova PD",4.6,789.0,5,"{""latitude"": 45.4005416, ""longitude"": 11.8634804}",https://www.facebook.com/tOsKaPizzeria/menu/?id=100070435916824&sk=menu,049 688 4339,PRICE_LEVEL_MODERATE,pizza_restaurant,,True,True,False,,True,True,True,"[""Monday: 7:00 PM – 12:00 AM"", ""Tuesday: 7:00 PM – 12:00 AM"", ""Wednesday: 7:00 PM – 12:00 AM"", ""Thursday: 7:00 PM – 12:00 AM"", ""Friday: 7:00 PM – 12:00 AM"", ""Saturday: 7:00 PM – 12:00 AM"", ""Sunday: Closed""]"
ChIJw6DLpX_bfkcRRJmPffVjRXY,Babin Bar & Bistro,"[""restaurant"", ""food"", ""point_of_interest"", ""establishment""]","Piazzale della Stazione, 6, 35131 Padova PD",3.8,639.0,5,"{""latitude"": 45.416508, ""longitude"": 11.880101000000002}",http://babinpadova.it/,049 820 9049,PRICE_LEVEL_MODERATE,restaurant,False,True,True,True,True,,True,True,"[""Monday: 6:30 AM – 8:00 PM"", ""Tuesday: 6:30 AM – 8:00 PM"", ""Wednesday: 6:30 AM – 8:00 PM"", ""Thursday: 6:30 AM – 8:00 PM"", ""Friday: 6:30 AM – 8:00 PM"", ""Saturday: 7:00 AM – 5:00 PM"", ""Sunday: Closed""]"
ChIJw8llei7bfkcRoqX-v1XnATM,Doctor Food,"[""fast_food_restaurant"", ""sandwich_shop"", ""restaurant"", ""point_of_interest"", ""food"", ""establishment""]","Via Guizza Conselvana, 35125 Padova PD",4.3,123.0,5,"{""latitude"": 45.3638305, ""longitude"": 11.871461799999999}",,329 343 1618,PRICE_LEVEL_INEXPENSIVE,fast_food_restaurant,True,True,,True,True,True,True,False,"[""Monday: 6:00 PM – 2:30 AM"", ""Tuesday: 6:00 PM – 2:30 AM"", ""Wednesday: 6:00 PM – 2:30 AM"", ""Thursday: 6:00 PM – 2:30 AM"", ""Friday: 6:00 PM – 5:30 AM"", ""Saturday: 6:00 PM – 5:30 AM"", ""Sunday: 6:00 PM – 2:30 AM""]"
ChIJwSXDV9_bfkcRxMEGg6_qBQg,HABIBI,"[""lebanese_restaurant"", ""restaurant"", ""food"", ""point_of_interest"", ""establishment""]","Via Giacinto Andrea Longhin, 81, 35129 Padova PD",4.5,506.0,5,"{""latitude"": 45.408645299999996, ""longitude"": 11.913778899999999}",http://www.habibiristorante.com/,375 666 0432,PRICE_LEVEL_EXPENSIVE,lebanese_restaurant,True,True,True,,True,True,True,True,"[""Monday: Closed"", ""Tuesday: 7:30 – 11:00 PM"", ""Wednesday: 7:30 – 11:00 PM"", ""Thursday: 7:30 – 11:00 PM"", ""Friday: 7:30 – 11:00 PM"", ""Saturday: 7:30 – 11:00 PM"", ""Sunday: 7:30 – 11:00 PM""]"
ChIJwWOgIwDbfkcRgBYaXPLf0xU,MEZE TURKISH KEBAB GRIL,"[""family_restaurant"", ""restaurant"", ""food"", ""point_of_interest"", ""establishment""]","Via Chiesanuova, 73, 35136 Padova PD",4.8,120.0,5,"{""latitude"": 45.411354499999995, ""longitude"": 11.8437326}",,,PRICE_LEVEL_MODERATE,family_restaurant,,True,True,,,True,,,"[""Monday: 11:34 AM – 11:30 PM"", ""Tuesday: 11:34 AM – 11:30 PM"", ""Wednesday: 11:34 AM – 11:30 PM"", ""Thursday: 11:34 AM – 11:30 PM"", ""Friday: 11:34 AM – 11:30 PM"", ""Saturday: 11:34 AM – 11:30 PM"", ""Sunday: 11:34 AM – 11:30 PM""]"
ChIJwWxGzdLbfkcR-ojWqGoK4uA,oktoberfest padova,"[""gastropub"", ""bar"", ""restaurant"", ""point_of_interest"", ""food"", ""establishment""]","Via del Santo, 80, 35123 Padova PD",4.8,91.0,5,"{""latitude"": 45.402479799999995, ""longitude"": 11.879572}",https://www.oktoberfestpadova.it/,352 030 0026,PRICE_LEVEL_MODERATE,gastropub,False,True,True,,,True,True,True,"[""Monday: Closed"", ""Tuesday: 12:00 – 2:30 PM, 7:00 PM – 12:00 AM"", ""Wednesday: 12:00 – 2:30 PM, 7:00 PM – 12:00 AM"", ""Thursday: 12:00 – 2:30 PM, 7:00 PM – 12:00 AM"", ""Friday: 12:00 – 2:30 PM, 7:00 PM – 1:00 AM"", ""Saturday: 12:00 – 2:30 PM, 7:00 PM – 1:00 AM"", ""Sunday: 12:00 – 2:30 PM""]"
ChIJw_EOCFPafkcRkHl-ZG5iSPQ,Bangla Pizza Kebab,"[""kebab_shop"", ""restaurant"", ""food"", ""point_of_interest"", ""establishment""]","Via Umberto I, 87, 35122 Padova PD",4.1,329.0,5,"{""latitude"": 45.400859499999996, ""longitude"": 11.876050600000001}",,392 382 8976,PRICE_LEVEL_INEXPENSIVE,kebab_shop,True,True,False,,True,True,,,"[""Monday: 11:00 AM – 2:00 AM"", ""Tuesday: 11:00 AM – 2:00 AM"", ""Wednesday: 11:00 AM – 2:00 AM"", ""Thursday: 11:00 AM – 2:00 AM"", ""Friday: 11:00 AM – 2:00 AM"", ""Saturday: 11:00 AM – 2:00 AM"", ""Sunday: 11:00 AM – 2:00 AM""]"
ChIJwacxXuzbfkcRWgWLuse1Qac,P&G 28 bar Food and Drink,"[""gastropub"", ""bar"", ""restaurant"", ""food"", ""point_of_interest"", ""establishment""]","Via Francesco Marzolo, 28, 35131 Padova PD",4.9,27.0,5,"{""latitude"": 45.408915099999994, ""longitude"": 11.8894063}",https://www.pg-28.eatbu.com/,375 621 0170,PRICE_LEVEL_MODERATE,gastropub,False,True,True,,True,,True,True,"[""Monday: 11:30 AM – 2:00 AM"", ""Tuesday: 11:30 AM – 2:00 AM"", ""Wednesday: 11:30 AM – 2:00 AM"", ""Thursday: 11:30 AM – 2:00 AM"", ""Friday: 11:30 AM – 2:00 AM"", ""Saturday: 5:30 PM – 2:00 AM"", ""Sunday: Closed""]"
ChIJx0kLby7bfkcRWWBs9Dlh9IA,Hamburger Pollo Kebab,"[""restaurant"", ""food"", ""point_of_interest"", ""establishment""]","Cavalcavia Borgomagno, 2, 35131 Padova PD",4.5,2.0,2,"{""latitude"": 45.419078999999996, ""longitude"": 11.878836699999999}",,388 958 4448,,restaurant,,True,,,True,True,,,"[""Monday: 11:00 AM – 12:00 AM"", ""Tuesday: 11:00 AM – 12:00 AM"", ""Wednesday: 11:00 AM – 12:00 AM"", ""Thursday: 11:00 AM – 12:00 AM"", ""Friday: 11:00 AM – 12:00 AM"", ""Saturday: 11:00 AM – 12:00 AM"", ""Sunday: 11:00 AM – 12:00 AM""]"
ChIJx1Rq_LTafkcRuQG14Subg9g,Galloway Padova,"[""pub"", ""bar"", ""restaurant"", ""food"", ""point_of_interest"", ""establishment""]","Via Nona Strada, 23/R, 35129 Padova PD",4.2,1954.0,5,"{""latitude"": 45.415336499999995, ""longitude"": 11.9329869}",https://www.theoriginalgalloway.it/padova/,049 780 8398,PRICE_LEVEL_MODERATE,pub,False,True,True,,True,True,True,True,"[""Monday: 12:00 – 2:30 PM, 7:00 – 11:00 PM"", ""Tuesday: 12:00 – 2:30 PM, 7:00 – 11:00 PM"", ""Wednesday: 12:00 – 2:30 PM, 7:00 – 11:00 PM"", ""Thursday: 12:00 – 2:30 PM, 7:00 – 11:00 PM"", ""Friday: 12:00 – 2:30 PM, 6:30 PM – 12:00 AM"", ""Saturday: 6:30 PM – 12:00 AM"", ""Sunday: 6:30 PM – 12:00 AM""]"
ChIJscwimbzbfkcRAcJSXrAFVns,Bar Fortuna Sas,"[""bar"", ""point_of_interest"", ""establishment""]","Via Adriatica, 21, 35125 Padova PD",4.0,63.0,5,"{""latitude"": 45.3849987, ""longitude"": 11.8638286}",,049 673 2077,PRICE_LEVEL_INEXPENSIVE,bar,False,True,False,,,,True,True,"[""Monday: 6:30 AM – 2:00 AM"", ""Tuesday: 3:00 PM – 2:00 AM"", ""Wednesday: 6:30 AM – 2:00 AM"", ""Thursday: 6:30 AM – 2:00 AM"", ""Friday: 6:30 AM – 2:00 AM"", ""Saturday: 6:30 AM – 2:00 AM"", ""Sunday: 6:30 AM – 2:00 AM""]"
ChIJ46l-Px7bfkcR4E_2pyKzHvY,Crazy Pizza,"[""pizza_restaurant"", ""pizza_delivery"", ""meal_delivery"", ""food_delivery"", ""meal_takeaway"", ""restaurant"", ""food"", ""point_of_interest"", ""establishment""]","Via Jacopo Filiasi, 2F, 35128 Padova PD",4.5,219.0,5,"{""latitude"": 45.3945243, ""longitude"": 11.9022601}",https://www.crazypizza.info/listino/,049 751472,PRICE_LEVEL_INEXPENSIVE,meal_takeaway,True,False,True,False,False,True,True,,"[""Monday: 6:45 – 10:30 PM"", ""Tuesday: Closed"", ""Wednesday: 6:45 – 10:30 PM"", ""Thursday: 6:45 – 10:30 PM"", ""Friday: 6:45 – 10:30 PM"", ""Saturday: 6:45 – 10:30 PM"", ""Sunday: 6:45 – 10:30 PM""]"
