place_id,review,review_rating,review_publish_time,review_publish_time_str
ChIJ--NFldPafkcRyloMacuXomc,"Ladri!  Thieves!  I entered for lunch.  Prices posted on every table.  Even though my visit was the Monday AFTER Easter, I presumed I would be asked to pay the (Giorno Festiva) Holiday Rate.  Instead, when I went to pay my bill these thieves added another €10 to the bill.  They told me that it doesn't matter the price posted on every table, that they had a TV monitor someplace in the foyer with the trumped up price.  I tried to explain to the manager that EVERY TABLE had a price list, and NONE gave the double-cost price they charged.  He did nothing to make it right!

The food was mediocre at best.  A young 'cook' went around to many tables offering special slices of meat from a skewer, but never came to my table.  I had eaten at this place many times before while traveling, and only stopped this time because it was convenient to the highway exit.

Do not waste your time or money to go here.  They were rude and made no effort to resolve the discrepancy between the price posted on every table what they actually charge!",1,2018-04-02T13:08:00.521Z,8 years ago
ChIJ--NFldPafkcRyloMacuXomc,Here you think to be in China. Very huge piace with many reserved rooms with typical round table even for 50 persons if you need. The food are very nice and here we've find some speciality that we havent find in others chinese restaurants. Must try!,5,2017-03-16T09:00:46.850Z,9 years ago
ChIJ--NFldPafkcRyloMacuXomc,Very good quality and nice looking place. Had to wait a little to much and after asking multiple times for more wasabi they still were not bringing it.... It was pretty annoying.,3,2017-04-02T09:41:49.327Z,9 years ago
ChIJ--NFldPafkcRyloMacuXomc,"I think it looks good, just eat whatever you want and pay only €9.90. Well, I saw some people eating four times.",4,2017-09-02T12:17:29.644Z,8 years ago
ChIJ--NFldPafkcRyloMacuXomc,"Best value for money buffet in Padova, chinese and japanese food",4,2016-07-27T18:44:17.520Z,10 years ago
ChIJ-YFvJgDbfkcRQelzWXXEBjw,"It's basically a smaller version of the other location in Padova. Students have a 10% discount. I wouldn't say it sells ""Street Food Catanese"", since it sells things that you won't find in Catania.",4,2026-04-28T13:18:27.273355942Z,4 months ago
ChIJ-YFvJgDbfkcRQelzWXXEBjw,"Very kind and helpful staff.
The sandwich was good, but noticeably smaller than the advert on Google.
Prices were normal.
It's a shame the brioches arrived a little stale.
Maybe I'll try again.",3,2026-05-08T12:01:51.542722425Z,3 months ago
ChIJ-YFvJgDbfkcRQelzWXXEBjw,"I tried the new Catanese pistachio mafaldina. It was amazing, I'll be back to try the others 🤤🤤🤤",5,2026-05-01T18:29:44.338051312Z,3 months ago
ChIJ-dtyAQfbfkcRsedfAUT0nfc,"Great restaurant with high-quality food and a clean, peaceful atmosphere. The staff were very friendly, respectful, and attentive. What made our visit truly memorable was that they kindly offered us complimentary tea and baklava at the end of our meal. Such a thoughtful gesture! We really enjoyed our experience and would definitely come back",5,2026-06-03T21:15:37.940604800Z,2 months ago
ChIJ-dtyAQfbfkcRsedfAUT0nfc,"AMAZING. We loved it. The owner is the most kind and helpful. The food is delicious and juicy. The place is clean, comfortable and most welcoming. Loved it.",5,2026-03-13T13:56:21.417484500Z,5 months ago
ChIJ-dtyAQfbfkcRsedfAUT0nfc,"I had a wonderful experience at this Persian restaurant in Padova. The food was authentic, flavorful, and clearly prepared with care. The kebabs were perfectly grilled, the rice was fragrant, and the appetizers were delicious. The atmosphere was warm and welcoming, and the staff were very friendly and attentive. It’s a great place to discover Persian cuisine or enjoy a comforting meal with friends. I will definitely come back!🇮🇷",5,2026-03-13T21:02:44.680933039Z,5 months ago
ChIJ-dtyAQfbfkcRsedfAUT0nfc,"Delicious food and welcoming atmosphere. If you want to try a real Iranian kabab, you need to go there!",5,2026-05-10T13:39:09.438858899Z,3 months ago
ChIJ-dtyAQfbfkcRsedfAUT0nfc,The food was very delicious and reminded me my beautiful country. If you want to try a great Persian food I definitely recommend this restaurant,5,2026-03-01T21:17:52.651228043Z,5 months ago
ChIJ-fLiwWrFfkcR446Y2U5Dr4A,"I'm a Chinese and I dont think the food is up to par. Dishes came out to be very far from the menu presentation. Fish ball soup tastes sourish probably from the vinegar used, pork ribs are tasteless (frozen meat?) and the prawns weren't fresh at all",2,2023-09-26T08:49:00.475045Z,2 years ago
ChIJ-fLiwWrFfkcR446Y2U5Dr4A,"I have to be honest and say that this was a very disappointing meal - the food looked nothing like the picture on display on the menu - mine tasted very bland and had tiny, fatty pieces of beef; nothing like the black sauce beef I am more familiar with. The service was well below par. Totally disappointed and I wished I had stuck yo my guns and hone a little further down for a panini. Never again",1,2025-08-01T18:54:36.752567188Z,a year ago
ChIJ-fLiwWrFfkcR446Y2U5Dr4A,Food is genuine. Chinese recipes and all but service was so bad. The indian man throw the plates for us like he was angry we were even there. Place is rather dirty. Not recommended for non chinese. That's it,3,2022-10-21T09:07:42.747612Z,3 years ago
ChIJ-fLiwWrFfkcR446Y2U5Dr4A,"Authentic Chinese food, better than many other so called European Chinese food.",4,2024-02-19T11:45:34.879986Z,2 years ago
ChIJ-fLiwWrFfkcR446Y2U5Dr4A,"Probably the best Chinese restaurant in Padua , if you like real Chinese food.",5,2022-12-19T14:35:29.402779Z,3 years ago
ChIJ-yQnyhPbfkcRAHXgsEK60pc,"I’ve been to Brunch Republic in Padova twice, and both visits were excellent. The food was fresh, delicious, and beautifully presented, with plenty of options to choose from. The atmosphere is welcoming, modern, and perfect for a relaxed brunch.

A special thank you to Leila, who was my waiter on both occasions. She was incredibly friendly, attentive, and professional, making sure everything was perfect throughout my visits. Her warm attitude and great service made the experience even more enjoyable.

It’s always a pleasure to come here, and I will definitely be returning. Highly recommended for anyone looking for great food and outstanding service in Padova!",5,2026-06-16T09:49:08.893443830Z,2 months ago
ChIJ-yQnyhPbfkcRAHXgsEK60pc,"The food was good overall and the menu offered a nice variety of options. There were, however, two minor things I didn’t particularly like. Firstly, the coconut cloud matcha contained a few small lumps; nonetheless, it was still an enjoyable drink. Secondly, I found it a bit irritating that the granola bowl was described on the menu as being served with honey, when it was actually made with maple syrup 🫣 It still tasted good, but it would be better to present it accurately on the menu.",4,2026-05-17T20:08:48.455196791Z,3 months ago
ChIJ-yQnyhPbfkcRAHXgsEK60pc,"Brunch Republic was amazing. The service was excellent from the moment we walked in and everyone was so friendly and attentive. The food was absolutely delicious and everything tasted fresh and flavorful. The atmosphere was wonderful with great music, adorable decorations, and a fun welcoming vibe overall it was a fantastic experience and I would definitely recommend brunch Republic to anyone looking for a great brunch spot will definitely be back. Leila was our server!",5,2026-06-28T07:55:49.617999115Z,a month ago
ChIJ-yQnyhPbfkcRAHXgsEK60pc,"Monday at 10A.
Understaffed is really the only criticism I have. If you’re not in a rush, you will be fine.
The salmon dish was great, eggs were cooked well.
If you’re craving an egg type breakfast or brunch, it’s one of the few that offer in Padova.",4,2025-10-27T14:19:33.844017427Z,10 months ago
ChIJ-yQnyhPbfkcRAHXgsEK60pc,"Food was delicious. My only criticism is the loud rap music, and how do you order a regular black coffee not an Americano?",4,2026-07-05T08:23:22.341857122Z,a month ago
ChIJ00onu6PbfkcR7wa4KToqW08,"The pizza is top tier, and we absolutely love it! The owner was warm and friendly; we will definitely come again.😊
Thank you!!",5,2025-05-13T22:46:14.880858Z,a year ago
ChIJ00onu6PbfkcR7wa4KToqW08,"I lived across the street for a few months and got pizza here at least once a week. This was nearly a decade ago, but I still think about their pizza to this day. I hope to visit Padova again some day, and if I do, Stuzzico will be my first stop.",5,2019-12-02T01:58:08.673124Z,6 years ago
ChIJ00onu6PbfkcR7wa4KToqW08,Absolutely loved everything we ordered.,5,2024-09-05T12:41:41.506416Z,a year ago
ChIJ00onu6PbfkcR7wa4KToqW08,Fast and delicious.,4,2018-11-05T04:04:04.694086Z,7 years ago
ChIJ00onu6PbfkcR7wa4KToqW08,"This was the worst pizza in padova, I ordered a diavola for 7€ and it was awful. It was burnt and dry and the toppings were not fresh:/
Italy should enforce pizza minimum laws :/",1,2026-08-05T18:45:17.683574623Z,2 weeks ago
ChIJ02fS7q_bfkcRCy_5f_aczIQ,"Celebrated a friends birthday, honestly great service, food was good and great quality, everything was clean and orderly",4,2026-03-31T11:23:15.785540449Z,4 months ago
ChIJ02fS7q_bfkcRCy_5f_aczIQ,"Really good food. Total ended up being €50 for two people, all you can eat lunch + 2 waters (Sunday). For the quality, it was a great price. Service was good and fast, all the pieces looked good.",5,2024-07-28T17:21:41.016681Z,2 years ago
ChIJ02fS7q_bfkcRCy_5f_aczIQ,"Kind staff, fast service, but quite small portion and limited amount of sashimi.",4,2025-03-16T22:30:08.215164Z,a year ago
ChIJ02fS7q_bfkcRCy_5f_aczIQ,"The lunch selection isn’t very big unfortunately but the food is great, service is fast, and the all you can eat price is completely reasonable",4,2026-02-24T21:39:01.961626576Z,6 months ago
ChIJ02fS7q_bfkcRCy_5f_aczIQ,Those sushi chefs didn't bring my sushi on time. I recommend the exotic roll tho was pretty amazing.,3,2025-10-12T19:23:12.901208790Z,10 months ago
ChIJ08t8WjjafkcRIaydrYfr9Yc,"This is a bar, brewery and restaurant located in Padua, Italy. We were lucky enough to find it in our last night in town, located about 300 feet from the hotel we were staying at.
The bartender was very friendly and let us sample the beers before we chose one. My favorite was the ESB and my wife liked the Blanche named Nina.
They had a really good looking food menu, but we already ate dinner before finding the bar. Sound definitely recommend in you're in the area.",5,2018-07-06T05:22:01.150Z,8 years ago
ChIJ08t8WjjafkcRIaydrYfr9Yc,"Great pub! It was recomended by the local 🙂
Lots of kinds of craft beer on tap, and they have tasty coctails like Beer negroni or Beer spritz.",5,2023-11-26T07:28:24.791566Z,2 years ago
ChIJ08t8WjjafkcRIaydrYfr9Yc,A terrific smash burger abd great beers. Great place to go.,5,2026-02-26T12:15:39.902179482Z,6 months ago
ChIJ08t8WjjafkcRIaydrYfr9Yc,"Nice industrial pub feeing , but not many collection of drinks except for beers . If you love beer you could head here to try some local beers",3,2022-01-13T12:42:22.760989Z,4 years ago
ChIJ08t8WjjafkcRIaydrYfr9Yc,"Nice pub, good beer, good food. Just as you expect from pub.",5,2026-01-12T13:19:16.365092731Z,7 months ago
ChIJ0QGvGvbbfkcRQ6pIDhdA7fI,Amazing service and staff😍,5,2026-06-27T15:47:45.692867913Z,a month ago
ChIJ0QGvGvbbfkcRQ6pIDhdA7fI,Amazing staff and service,5,2026-06-27T15:52:11.331494117Z,a month ago
ChIJ0QGvGvbbfkcRQ6pIDhdA7fI,"Tasty food, welcoming service!",5,2026-08-25T18:17:00.460105802Z,in the last week
ChIJ0QGvGvbbfkcRQ6pIDhdA7fI,"The food was fresh and excellent, and the service was great as well. I would highly recommend this place to anyone visiting Padova, especially since it’s located right in the heart of the city. The atmosphere is also very nice, welcoming, and friendly. 🤗",5,2026-08-19T09:31:12.196899838Z,a week ago
ChIJ0QGvGvbbfkcRQ6pIDhdA7fI,"Been in italy for 10 days, eaten puzza pretty much every day. This is the  best pizza we've had so far. I'd give it 10 if I could",5,2026-08-14T17:39:21.763943064Z,a week ago
ChIJ0Tk-WRXbfkcRBeTPAiUjW5I,"We had an amazing experience at this sushi restaurant today! The plating was absolutely beautiful—each dish was arranged with such care and attention to detail. The atmosphere was super calming, with a casual vibe and really pleasant music in the background. The food was the real star—so diverse! As an all-you-can-eat place, the variety on the menu was incredible, and we tried several unique dishes we just haven't seen anywhere else. We’ll definitely be coming back!",5,2026-05-08T19:46:02.228267845Z,3 months ago
ChIJ0Tk-WRXbfkcRBeTPAiUjW5I,With my husband we tried all sushi resturants  and evo took our heart. Sushi and other things super good and buono ❤️,5,2026-05-12T19:13:05.722983727Z,3 months ago
ChIJ0Tk-WRXbfkcRBeTPAiUjW5I,all delicious.,5,2026-03-17T19:39:03.778207432Z,5 months ago
ChIJ0Tk-WRXbfkcRBeTPAiUjW5I,"Great food, especially the crunchy ones. SEHR gut",5,2026-04-20T19:35:56.646415673Z,4 months ago
ChIJ0Tk-WRXbfkcRBeTPAiUjW5I,Sushi top,5,2026-03-14T14:18:40.033997882Z,5 months ago
ChIJ0W8f10_afkcRYXJye9E4xdI,Superb Venitian restaurant. Domestic made food. Old fashion Italian Osteria. Great wines. Tried almost all the food and it was great all of it. Mostly locals eat here but the welcome all. Must try if you are nearby.,5,2026-02-16T14:30:21.736895739Z,6 months ago
ChIJ0W8f10_afkcRYXJye9E4xdI,"One Bigoli to rule them all...
It doesn't get better than this. The authentic Padovan pasta, cooked to a level of al dente perfection I thought was impossible for fresh pasta. And it's super affordable, at 15€. A local, no bullshit, authentic place in Padova - a MUST! Just remember to reserve a table because they're usually packed",5,2025-10-30T21:53:49.508304362Z,9 months ago
ChIJ0W8f10_afkcRYXJye9E4xdI,The spaghetti alle vongole was the best I have had! Good size clams and the pasta was not soggy. Tried the liver too and it is good with polenta! Highly recommend to get reservations beforehand as they do get busy (I tried same day reservations twice and failed),5,2025-06-09T13:44:42.532166Z,a year ago
ChIJ0W8f10_afkcRYXJye9E4xdI,"Delicious, traditional, home cooking. If you want to experience real Italian cuisine and eat with locals, this is your place. Hand written menu that I assume changes with varying specialties of prima and secondo options. We had the tortellini with butter, sage, and speck. It was so simple, yet so delicious. Reminded me of my Nonna's cooking. A perfect taste of Padova.",5,2025-10-02T18:02:55.114435125Z,10 months ago
ChIJ0W8f10_afkcRYXJye9E4xdI,"The pastas we ate here were all top quality. The people were so nice and the local vibe was real. Tucked away into a cute corner and lively atmosphere. We loved the linguine alle vongole,  the tortellini, and the orecchiette. If you are in Padova, go to this place!",5,2026-05-08T17:28:35.850821763Z,3 months ago
ChIJ0XpAMYvbfkcRFOhZzFyppxg,"Delicious food, one of the best pappardelle al ragu I have had in Italy. The octopus with pepper and grapefruit is very creative.",5,2026-06-14T19:46:45.452204140Z,2 months ago
ChIJ0XpAMYvbfkcRFOhZzFyppxg,"I had a wonderful dining experience at this restaurant. The food was absolutely delicious, with every dish prepared using fresh, high-quality ingredients and full of flavor. The staff were equally impressive. They were professional, friendly, and very knowledgeable about the menu, always ready to answer questions and offer excellent recommendations. I highly recommend this restaurant to anyone looking for outstanding food and exceptional service. I will definitely be coming back!",5,2026-07-16T11:34:04.857404913Z,a month ago
ChIJ0XpAMYvbfkcRFOhZzFyppxg,"We greatly enjoyed our dinner here, sharing an appetizer of puff pastry with freshly grilled vegetables (zucchini, eggplant) and then a risotto cooked in a tomato sauce with diced eggplant. Excellent service. We sat indoors and the atmosphere was lovely. It was exactly what we needed after a long day of visiting the sites of Padua.",5,2024-09-04T08:55:53.952250Z,a year ago
ChIJ0XpAMYvbfkcRFOhZzFyppxg,"I had an extremely disappointing experience here. The staff were arrogant, rude, and treated customers with clear disrespect. Their behavior felt discriminatory, and I was made to feel unwelcome for no valid reason. The black haired guy was very agressive and arogant.",1,2026-07-06T17:55:50.748347432Z,a month ago
ChIJ0XpAMYvbfkcRFOhZzFyppxg,"Terrible, do not go there, food is tasteless crap!!!!!

No Honestly, find another place to eat.....",1,2026-03-10T21:53:59.230958282Z,5 months ago
ChIJ0cHcFz_bfkcRO97zFpt88Fc,"Tried this place for the first time, and I was disappointed. It took a long time for them to take our order, and they even served people who arrived after us first. The food wasn’t great, I couldn’t even finish it because I didn’t like it. Overall, it’s just a very average place.",2,2025-02-15T09:49:38.047121Z,a year ago
ChIJ0cHcFz_bfkcRO97zFpt88Fc,"KIND STAFF, QUITE FAST SERVICE, GOOD IMPROVE since the OPENING.
RECOMMEND.",4,2022-08-24T22:33:44.338892Z,4 years ago
ChIJ0cHcFz_bfkcRO97zFpt88Fc,"In my experience, one of the best mexican restaurants in northern Italy",4,2023-07-28T19:04:26.984169Z,3 years ago
ChIJ0cHcFz_bfkcRO97zFpt88Fc,"Good food, but nothing special really. And it’s overpriced in my opinion",2,2025-05-11T20:40:10.062485Z,a year ago
ChIJ0cHcFz_bfkcRO97zFpt88Fc,"Nice place, but the food doesn’t really tastes Mexican, still good tho.",4,2019-03-19T21:19:02.707216Z,7 years ago
ChIJ0wMmRPfafkcR0lP9D0awN7E,"Reasonably priced, cheaper compared to other pizza places however nothing special. Good place for students.",3,2017-10-22T20:00:37.483Z,8 years ago
ChIJ0wMmRPfafkcR0lP9D0awN7E,lovely pizza 🍕 lovely people 😍 lovely prices 🤑,5,2025-06-16T21:44:32.389564829Z,a year ago
ChIJ0wMmRPfafkcR0lP9D0awN7E,Fast food pizza that i would buy again and again !,5,2023-11-02T15:31:21.209154Z,2 years ago
ChIJ0wMmRPfafkcR0lP9D0awN7E,Very fine pizza staff is alright,4,2020-02-20T22:17:22.989766Z,6 years ago
ChIJ0wMmRPfafkcR0lP9D0awN7E,Best pizza to take away!,5,2023-06-15T17:16:20.397762Z,3 years ago
ChIJ128bPkzbfkcREhDXkQLWSRI,"Small lovely sushi place, the owners are very kind.
The sushi were very delicious with unique flavors.✨
Highlight was the sushi pizza, as suggested by them.
Quality is top!
What I especially liked was that when they serve the food, they explain how the sushi is made. They are very kind and attentive with their customers.
It was a beautiful discovery and I am looking forward to go back there when I’ll be back in the area!",5,2025-12-31T12:47:24.112072083Z,7 months ago
ChIJ128bPkzbfkcREhDXkQLWSRI,"We have visited that place in the beginning of April and found it absolutely amazing, this couple are amazing, beautiful young family Andrew and Patt. He is preparing sushiin front of you, he is amazing, each plate is a peace of art and melting in your mouth, so we will definitely visit this place next time we will travel in that region",5,2024-04-11T12:40:59.826694Z,2 years ago
ChIJ128bPkzbfkcREhDXkQLWSRI,"This is a spectacular place! The best sushi ever!!!! Our experience was 20/10. The sushi was delicious, super fresh, and the atmosphere was cozy and very pleasant, they prepare the sushi in front of you :). The owners were incredibly friendly, was really nice met them. We don’t live in Padova, but when we return, we’ll definitely be back. Thank you!!!",5,2024-08-10T11:31:41.692177Z,2 years ago
ChIJ128bPkzbfkcREhDXkQLWSRI,"I've been to the new standing/take away location in the downtown Padua market. Very friendly hosts, and delicious new sushi taste combinations combining tropical flavors with fresh fresh fish. Highly recommend Crazy Tuna!",5,2025-04-14T12:08:06.059676Z,a year ago
ChIJ128bPkzbfkcREhDXkQLWSRI,"Small sushi place hidden in the outskirts of Padova. Super delicious freshly made sushi, there are traditional options (nigiri/sashimi) but also fun and yummy spins on the appetisers and rolls. 100% recommended if you are a sushi fan and don’t mind a little spice!",5,2024-10-29T19:38:24.232041Z,a year ago
ChIJ12KrySbbfkcRfX6WlO1ZzTU,"One of the best sushi dishes we've ever had.
Excelent blend of taste, quality ingredients and plenty of variety.
We were positively impressed.",5,2026-07-11T19:37:03.049629104Z,a month ago
ChIJ12KrySbbfkcRfX6WlO1ZzTU,Beautiful restaurant with very friendly and polite staff. The food was fantastic. We have ordered the eat as much as you like for 24 euros and everything we tried was very tasty. One of the best sushi we have had.,5,2021-08-15T21:02:56.395598Z,5 years ago
ChIJ12KrySbbfkcRfX6WlO1ZzTU,"Good food, good staff, highly recommended",5,2025-10-05T22:02:24.595805452Z,10 months ago
ChIJ12KrySbbfkcRfX6WlO1ZzTU,New great place on my culinary map of Europe,5,2023-07-08T14:47:04.899609Z,3 years ago
ChIJ12KrySbbfkcRfX6WlO1ZzTU,Very good sushi at a great price for all-you-can-eat lunch! Fast and kind staff,5,2025-07-31T11:30:00.628076391Z,a year ago
ChIJ14-xZk_afkcRWUrCnX0G17g,Friendly staff and great service 👍,5,2026-06-06T02:54:07.603743829Z,2 months ago
ChIJ14-xZk_afkcRWUrCnX0G17g,"We found this hidden gem with deep shade during hot summer day. Food and service were perfect, and we noticed that a lot of locals were having their lunch here. All in all, full recommendations",5,2024-07-22T12:30:10.471846Z,2 years ago
ChIJ14-xZk_afkcRWUrCnX0G17g,"This place has such a great vibe—relaxed, vibrant, and friendly. It’s the kind of place where you can grab a drink, chat for hours, and just feel at home. The staff is super welcoming, the prices are fair, and there’s always a nice mix of people, from students to locals. They serve several different types of spritz, so there’s definitely something for everyone. Whether you’re there for an aperitivo with friends or just to unwind, it never disappoints. Definitely one of my favorite spots in Padova!",5,2025-02-10T23:09:19.840869Z,a year ago
ChIJ14-xZk_afkcRWUrCnX0G17g,"One of our favourite haunt these days. They have a humongous spritz offering, covering all sort of preference. Price for a spritz starts from €4. It is so popular, sometimes you have to be on the lookout for an empty table.",5,2025-08-26T12:02:29.343581589Z,a year ago
ChIJ14-xZk_afkcRWUrCnX0G17g,The worst experience ive ever had. The staff is very rude they were arguing with us over the orders and gave us 10 different instructions when we asked what’s the best way to order a drink if we want to pay separately. Definitely never visiting again,1,2025-10-17T20:22:49.418458988Z,10 months ago
ChIJ16ihFTLbfkcRy6BL4t0FKtE,just perfect,5,2026-03-31T13:26:08.453611096Z,4 months ago
ChIJ16ihFTLbfkcRy6BL4t0FKtE,Perfect✌🏻,5,2024-11-07T20:04:41.739670Z,a year ago
ChIJ16ihFTLbfkcRy6BL4t0FKtE,Delicious,5,2024-11-01T12:36:55.607478Z,a year ago
ChIJ16ihFTLbfkcRy6BL4t0FKtE,"I've been here for lunch several times and really like the place and the food, and the staff is friendly.
There's a variety of vegetarian dishes.
And you can choose whether to order with your tablet or by scanning the QR code with your phone.
I've always found a seat without having to reserve.
The lunch menu costs €16 during the week, and a large bottle of water is €3, keeping it under €20 per person.",5,2026-02-16T21:35:37.983055777Z,6 months ago
ChIJ16ihFTLbfkcRy6BL4t0FKtE,"Oh, if not tomorrow, I'll be back at SushiAmo the day after tomorrow.
I've known the place since 2020; it was previously called Sanshi and under different management.
I'm happy to return and eat on the veranda every time; I find it charming and quieter than the main dining room. The staff is friendly and helpful. Even the all-you-can-eat lunch option is more interesting than other places I've tried. See you very soon at 🍣 Amo!!! 💜",5,2025-08-09T20:57:25.255223980Z,a year ago
ChIJ19TvX_DafkcRv-isSDYNT3Y,Cool place with nice chill atmosphere. They have Czech beer - Krušovice. The french fries were not so good.,4,2025-09-10T12:54:16.007683971Z,11 months ago
ChIJ19TvX_DafkcRv-isSDYNT3Y,The place to go if you are a beer lover! Great choice of beverages and accompanying dishes. Helpful staff and a wonderful atmosphere.,5,2021-09-11T20:45:54.383687Z,4 years ago
ChIJ19TvX_DafkcRv-isSDYNT3Y,"Great place and excellent service, especially that of the waitress Clara who is a sweetheart",5,2025-07-09T21:53:34.369338601Z,a year ago
ChIJ19TvX_DafkcRv-isSDYNT3Y,"Berlino is the first pub I walked in when I move to Padova 5 an a half years ago.
It’s been one of my locals for years.

And they’re even supporting our basketball team!

Come here, enjoy a pint, be merry, go home and be happy. Easy choice.",5,2025-04-11T23:16:57.321099Z,a year ago
ChIJ19TvX_DafkcRv-isSDYNT3Y,"It’s a decent place. It would be nice if they considered having music on the background while people is drinking in the back room by the pool table. Maybe when I went it was the exception, idk.
Drinks are too small. Asked for a margarita with double shot and I felt robbed. They gave me a really small margarita and it didn’t taste like it had two shots on it but less.",3,2023-11-23T12:43:06.349281Z,2 years ago
ChIJ1T5AaYzQfkcRGIHnN2gdfEk,"Found this place by Google. It was very good. Good service and good sushi 🍣.  Even listened to my request of no shrimp. Very clean.
I highly recommend this restaurant.",5,2023-06-06T13:12:42.863550Z,3 years ago
ChIJ1T5AaYzQfkcRGIHnN2gdfEk,Absolutely the best sushi,5,2025-10-25T17:16:14.350324691Z,10 months ago
ChIJ1T5AaYzQfkcRGIHnN2gdfEk,"Wonderful! Everything was delicious, and I believe the staff are Japanese rather than the usual Chinese folks making Japanese food. The service was a bit slow, but we came for lunch and it wasn't too busy. The quality of the food makes up for what the service lacks, in my opinion. Highly recommended!",5,2019-04-03T12:14:16.159041Z,7 years ago
ChIJ1T5AaYzQfkcRGIHnN2gdfEk,"After our meal, we were also offered complimentary shots of limoncello and meloncello.  How awesome is that?",5,2017-03-13T17:08:23.224Z,9 years ago
ChIJ1T5AaYzQfkcRGIHnN2gdfEk,Top,5,2016-07-02T14:23:03.954Z,10 years ago
ChIJ1_iIWFzbfkcRav8D7JJQCz8,"Kind staff, fast service. Good kebab. Lots of Indian dishes",3,2026-04-29T09:41:40.556245428Z,3 months ago
ChIJ1_iIWFzbfkcRav8D7JJQCz8,"I walked in. It smelled of rotten fish. I called my uncle, the owner of the building across the street, and he explained that the Russian Revolution had a negative impact on the shop. I recommend trying the typical Sardinian dish, ""Cagliari in Serie B.""",1,2026-02-24T09:04:11.034802090Z,6 months ago
ChIJ1_iIWFzbfkcRav8D7JJQCz8,"A small place near the station, mostly for takeout. Friendly staff, and the kebab sandwich wasn't as bad as I thought. Convenient for eating on the go.",3,2025-10-05T19:49:43.547505366Z,10 months ago
ChIJ1_iIWFzbfkcRav8D7JJQCz8,"Everything was very good and the staff were very kind. I'll definitely be back.
The only negative was the faucet was dirty with shit.",5,2024-12-01T09:44:32.955101Z,a year ago
ChIJ1wbzZxjbfkcRs34lbL1jEws,"Super kind and young staff, clean place. Amazing prices. Pizza portafolio a bit a let down. Lots of dough, little tomatoes sauce and mozzarella. Need to try the other pizzas. High potential.",3,2026-04-28T06:47:10.394424067Z,4 months ago
ChIJ1wbzZxjbfkcRs34lbL1jEws,"A small, unusual student pizzeria for quick service. But the pizza is exceptionally good. Very good, even. The guys try and bustle around to make sure everything is top-notch. Thank you so much for the unique opportunity to use the unofficial bathroom with a tiny baby.",5,2026-07-27T09:54:45.996254260Z,a month ago
ChIJ1wbzZxjbfkcRs34lbL1jEws,The staff is friendly and the pizza is perfect.,5,2026-03-28T22:48:29.316334224Z,5 months ago
ChIJ1wbzZxjbfkcRs34lbL1jEws,"Good margherita, good service, and clean. I will come again to try the other options! 🙂

Also, I recommend getting a salt shaker.",5,2026-01-14T12:14:41.018429004Z,7 months ago
ChIJ1wbzZxjbfkcRs34lbL1jEws,Amazing pizza very delicious,5,2026-02-21T19:07:51.488740610Z,6 months ago
ChIJ1xLiXjjafkcRcZmKTRMzc6A,"And the food? Ooohhhhh Divine. Every dish was a visual masterpiece that tasted even better than it looked.
​Talk about the textures; it was flawless balance of crisp, velvety, and tender elements.
​And the Flavors? Hmm mmm Bold yet remarkably nuanced. The chef possesses a rare mastery of contrast, allowing complex flavor profiles to unfold beautifully with every single bite.
​Now the Verdict, yes the verdict: This restaurant doesn't just serve food; it serves an experience. Between the royal treatment and the fascinating culinary introductions, it is worth every single penny. A flawless 10/10.",5,2026-06-17T08:42:44.787525912Z,2 months ago
ChIJ1xLiXjjafkcRcZmKTRMzc6A,"We had a lovely dinner at Tolo Rasa on a Friday evening. We felt sorry for Chef Luca as we were the only guests that evening. Despite that unusual circumstance, the Chef and his two kitchen staff and a lovely waitress presented a wonderful selection of dishes we chose from two tasing menus.
Everything we tried reflected great care in preparation and presentation and was described by Chef Luca.",5,2025-10-19T10:35:29.043125943Z,10 months ago
ChIJ1xLiXjjafkcRcZmKTRMzc6A,Food is very good. Chef was meticulous preparing the dishes with his sou chef in the kitchen.  Step out to explain the dishes. We had such a wonderful meal there. Price is very reasonable for the quality of food.   Highly recommend it.,5,2022-07-04T21:23:35.520635Z,4 years ago
ChIJ1xLiXjjafkcRcZmKTRMzc6A,"A Culinary Symphony Nestled in the Heart of Padova

⭐⭐⭐⭐⭐

From the moment we stepped into Tola Rasa, we knew we were about to embark on a culinary journey like no other. The warmth of the place enveloped us, setting the stage for an unforgettable dining experience.

As a vegetarian, I was absolutely thrilled with the dedicated 6-course vegetarian delight that was on offer. Each dish was a masterpiece, carefully crafted with a harmonious blend of fresh ingredients that tantalized the palate in a symphony of flavours and textures. It was evident that the chef has an innate talent to transform simple ingredients into gourmet delicacies that spoke to every sense.

The staff were the epitome of professionalism, balancing a friendly demeanor with impeccable service, making us feel both valued and comfortable throughout our dining experience. The personal touch in their service made our evening feel incredibly special.

But what truly set Tola Rasa apart was the atmosphere. Cosy yet refined, it provided the perfect backdrop for a culinary journey that felt both exclusive and welcoming, a place where gastronomy meets artistry in a ballet of flavours and emotions.

As we left, we couldn't help but feel a certain longing, a desire to return to this haven of culinary excellence nestled in the heart of Padova. Tola Rasa, you have our hearts and our utmost appreciation for a dining experience par excellence. We cannot wait to return and relive this delightful escapade. Until then, Tola Rasa remains a gem in Padova's crown, a place where every meal turns into a cherished memory.

- Joakim",5,2023-09-08T20:59:26.324486Z,2 years ago
ChIJ1xLiXjjafkcRcZmKTRMzc6A,"Booked an Xmas tasting menu and was extremely impressed with the invention, quality and flavor of the food served and the attention to detail. Highly recommend the place 👌",5,2021-12-25T15:08:59.187953Z,4 years ago
ChIJ25AnPHHbfkcR97nWc-DnLAQ,"The food was mixed but overall very tasty.
The staff was pleasant.
Great atmosphere.",4,2026-05-15T21:41:52.083315726Z,3 months ago
ChIJ25AnPHHbfkcR97nWc-DnLAQ,"We had a very lovely meal at Pe Pen! We especially loved the wine selections, the tuna tartare, the delicious pasta, and the kind, attentive service. I also recommend the very fresh, generous salad. Ristorante Pe Pen is fairly priced and a very nice atmosphere.",5,2025-07-26T19:08:10.001008700Z,a year ago
ChIJ25AnPHHbfkcR97nWc-DnLAQ,"Kind staff, good food, nice atmosphere",4,2025-03-20T09:49:53.057441Z,a year ago
ChIJ25AnPHHbfkcR97nWc-DnLAQ,"I have booked a table for some of my clients a table and they told me the food was absolutely amazing, except the service as it was lackable, they had to wait for ordering food and drinks and the waiters weren't friendly at all.",2,2025-09-09T08:37:06.136291777Z,11 months ago
ChIJ25AnPHHbfkcR97nWc-DnLAQ,In the center of Padova you find a trendy restaurant PePen where you enjoy a good Italian food in a nice atmosphere!,5,2025-04-05T05:16:35.876930Z,a year ago
ChIJ286K2DHafkcRxR81Q66BBos,"The best: meat menu. They have a small menu for antipasto and side dishes BUT the while thing is the meat. They will ask you to stand up and go to the grill with the cooker in order to choose the type of meat and the cooking intensity. They will offer a little antipasto with bread, a special spread and meat balls. Service was gentile but a bit slow because of the way they do the meat. Food was delicious and good portions. They also have house wine at a good price. I would consider this place for a date. At the end they offer us a small shot of liquirizia. They have a small parking area outside the osteria. I would recommend to book before if you are in a big group.",4,2024-09-01T09:01:57.938445Z,a year ago
ChIJ286K2DHafkcRxR81Q66BBos,"Meat coma!  After you order your side dishes they send you out you to the grill side meat station to pick out your cuts and actually pieces of meat.  They recommend groups pick several different cuts and they are served family style.  We had 3 cuts, filet, strip and flank steak.  The steak is weighed and you pay based on the weight.  The steaks are seasoned and cooked perfectly.  The restaurant is tucked away in the back corner of a residential area not far from the city wall near SR47 and has free parking if you have a car.  The restaurant filled up quickly so I suggest making reservations.  We were stuffed and couldn't fit dessert but they said that they were made in house and they looked good.",5,2025-05-23T20:43:03.509850Z,a year ago
ChIJ286K2DHafkcRxR81Q66BBos,Today me and my familly wisit this perfect restaurant. Personal was amaizing friendlly. Food actualy its really bomba. Vine its excelent for meet. Really best choise in paduja. Recomending for everybody.,5,2023-06-27T19:41:38.523290Z,3 years ago
ChIJ286K2DHafkcRxR81Q66BBos,Delicious and great service.,5,2019-09-19T05:17:32.128657Z,6 years ago
ChIJ286K2DHafkcRxR81Q66BBos,"Excellent grilled meat, ludicrous variety of cuts. House wine recommended.",5,2020-02-09T07:51:47.783456Z,6 years ago
ChIJ297LSC3bfkcRWrQI01csoc8,"tried it for the first time and we totally love it!! the spring rolls and mo are amazing, also the staff are super welcoming, definitely coming back again! 🥰🥰",5,2025-06-19T06:53:01.736028532Z,a year ago
ChIJ297LSC3bfkcRWrQI01csoc8,"Just amazing.
Food is great and the personal is really really kind",5,2026-01-18T19:18:37.704553116Z,7 months ago
ChIJ297LSC3bfkcRWrQI01csoc8,I had the Mo’ and loved it! The meat melts in your mouth. What a treat 🤩,5,2026-03-01T09:59:29.073918027Z,5 months ago
ChIJ297LSC3bfkcRWrQI01csoc8,The food is amazing and the owners are super friendly and nice!,5,2026-06-05T11:49:40.680463276Z,2 months ago
ChIJ297LSC3bfkcRWrQI01csoc8,Very nice service. The portions are big and delicious,5,2025-04-03T20:22:12.727096Z,a year ago
ChIJ2Q0ssU_afkcRMAdYvWJZWHI,"Really nice meal - unexpectedly good value. It is in a Padua Scenic hotspot. And incredibly careful hospitality from Agi our waiter.
It was a special meal and we had great fun. Great potatoes as well as a wonderful piece of beef and a terrific mixed fish plate. Thankyou !",5,2026-04-25T19:35:49.810625972Z,4 months ago
ChIJ2Q0ssU_afkcRMAdYvWJZWHI,"Nothing really special except the really friendly staff.
The food was not really good. The tuna was raw.
The prices are high, but are same are also in the nearby restaurant.",2,2023-07-01T22:50:13.376450Z,3 years ago
ChIJ2Q0ssU_afkcRMAdYvWJZWHI,"The worst amatriciana I've ever tried! Just pasta poured in tomato sauce .. waiting 20 minutes for the rest of money after paying dinner. Even though the waitresses tried to be nice, I will never come back and never recommend anyone to come..",1,2018-07-09T21:02:23.377Z,8 years ago
ChIJ2Q0ssU_afkcRMAdYvWJZWHI,"Amazing place to eat very near the Duomo , all the food was amazing, ug portions and very friendly staff",5,2023-11-02T21:16:17.672242Z,2 years ago
ChIJ2Q0ssU_afkcRMAdYvWJZWHI,"Good food and service, great white, local wine,we spent a nice evening there, beautiful location. Limoncello after the meal was a bonus and a nice surprise.",4,2022-09-05T15:56:10.628980Z,3 years ago
ChIJ2QCjdH_bfkcROAHmFQI_TnU,"A charming little place that served a delicious meal to three hungry visiters to Padova.  Each of our three diners got something different and each was delighted by our choices.  The service was friendly, although a bit of Italian helped smooth the process.  The dining room decor is simple but charming.  The restaurant is easy to find on a side street.",5,2026-01-15T18:35:52.476759863Z,7 months ago
ChIJ2QCjdH_bfkcROAHmFQI_TnU,"the food was not good and I think it’s overpriced based on the quality and amount of servings. The pasta with pistachio was very bitter, I don’t taste the pecorino, and the pancetta was put instead of guanciale as mentioned in the menu (see photo). They also don’t have other options of non-alcoholic beverage, just coca-cola. We paid 130€ for two persons without even a wine. I think it’s too much for Padova.",2,2023-06-24T17:17:55.506357Z,3 years ago
ChIJ2QCjdH_bfkcROAHmFQI_TnU,"Me and my daughter had an amazing meal at this lovely little restaurant run by 2 sisters.
The food was to die for. Fried courgette flowers. 2 types of pasta . Rabbit and potato and a delicious chocolate and orange dessert.
Would thoroughly recommend if you want something homely and yummy 😋",5,2024-11-11T13:01:24.331340Z,a year ago
ChIJ2QCjdH_bfkcROAHmFQI_TnU,"Great food and service. Awesome wine, Malbec was amazing. Prices are average. My bill was on the higher side due to the amount of wine I ordered.

Note that the location on Google Maps is off by ~50m. The osteria is directly at the street, not in a backyard. Once you found the caffe you are in the right area.  There are no tables in the street.

Majority of patrons were locals, I think I was the only tourist. Happy to return when I visit Padua again.",5,2023-05-21T12:17:22.491610Z,3 years ago
ChIJ2QCjdH_bfkcROAHmFQI_TnU,"With an atmosphere of relaxed refinement, a classic menu and the high level of excellence il pozzetto is a causal place to enjoy the traditional Venetian dishes .. we really enjoyed the baccalà alla vicentina and the caprese cake!!! Hope to go back there soon !! Highly recommended",5,2023-02-23T06:42:02.537560Z,3 years ago
ChIJ2Rl1M1DafkcRJrCwmPRJkFY,"this was our first night in the city and close to our hotel so we thought we try the restaurant out when we walked in no one was there they already had an attitude we sat down. I couldn’t decide  so I ask waiter about cod which I never had they suggested   I excepted that suggestion. (Sorry I did that )I really didn’t like it. I thought it was too salty did not eat it they could’ve cared less. I also had potatoes which were like cook earlier and reheated not good at all. We also had risotto dish it was just ok The waiter came over and said you didn’t like it. Nothings was wrong with it !!you !!have to pay for it. (no problem ) I was planning to do that but I just didn’t like his attitude then he said would you like a dessert? I said OK we had the cheesecake I assumed he meant because I didn’t like the fish ( big mistake) but no he didn’t. He added that to the bill the cheesecake was good  !!it was a not a good experience here I’ve eaten at other restaurants since that one and they’ve all been good experiences sorry that  I was-treated-that  way on my first night  that is definitely not good customer relations skills  !guess  just didn’t care   so just be cautious if you go, you never know , it was a not a good experience for us !!!!!",2,2023-08-29T12:50:49.237904Z,2 years ago
ChIJ2Rl1M1DafkcRJrCwmPRJkFY,"First time in Padova and I just had the most amazing explosion of flavours in my mouth from the starter I chose, which was the Seared Scallops with aromatics and crispy guanciale. Wow! The flavours were just incredible. The scallop mousse was a nice touch too. The team here is friendly and warm. I arrived alone after checking a few places on a cold Friday night and settled wit taking advantage of the serene ambiance of this authentically rustic interior after a hectic and very exhausting flight/day..well, I made the right choice! they made me feel at home with true local hospitality.

Next, Entrecote steak with forest mushrooms and very soft finely grated truffle, mildly peppered. Another winner! Cooked perfectly as I had requested, medium without any runny blood. The quality of the meat was top and exquisitetely prepared.

Tiramisu was a cute little serving which was a perfect portion after I stuffed myself and it had just the right sweetness to it that I needed.

My pictures honestly don't do justice to the taste and presentation of the food.
Overall, a very beautiful discovery on my first and last night in Padova. Grazie mille! Tornerò!",5,2023-12-01T18:58:51.554230Z,2 years ago
ChIJ2Rl1M1DafkcRJrCwmPRJkFY,I was here twice during my Padova stay for a dinner. Completely happy about everything. There was a friendly waitress speaking English. Nice!,5,2024-06-21T18:26:36.468088Z,2 years ago
ChIJ2Rl1M1DafkcRJrCwmPRJkFY,"A superb restaurant tucked away behind the main square. If you are looking for a
‘Non Tourist’ taste of Padova, this is it. Super efficient and friendly team delivering high quality well cooked dishes promptly with a wine list to cover every conceivable taste. We eat there on consequtive evenings it was so good. Highly recommend.",5,2022-09-24T08:37:12.180922Z,3 years ago
ChIJ2Rl1M1DafkcRJrCwmPRJkFY,"We ordered the steak and the lasagna asparagus
Side dish was the coleslaw salad and potato
The steak was very good the lasagna was ok and lacked of taste
Potatoes were not my taste
Service was non friendly",4,2025-04-30T12:07:53.019764Z,a year ago
ChIJ2ebWaYjZfkcRkuV7V-a0ENY,Best Pizza in Italy! Very affordable prices and they have the nicest staff!,5,2022-07-28T00:46:26.016804Z,4 years ago
ChIJ2ebWaYjZfkcRkuV7V-a0ENY,"If you are in Padua, you have to visit this place, definitely one of the best pizza in Italy.",5,2022-07-10T13:30:50.732712Z,4 years ago
ChIJ2ebWaYjZfkcRkuV7V-a0ENY,Ok,5,2023-09-05T15:49:25.925265Z,2 years ago
ChIJ2ebWaYjZfkcRkuV7V-a0ENY,Super,5,2019-06-12T10:31:59.094028Z,7 years ago
ChIJ2ebWaYjZfkcRkuV7V-a0ENY,"Grano Pizzeria in Padua is a great place for pizza lovers!

- Price: The pizzas are incredibly affordable and high-quality, making them excellent value for money.

- Home Delivery: The home delivery service is fast and reliable, perfect for those who want to enjoy a good pizza in the comfort of their own home.

- Friendly Owner: The owner is very friendly and welcoming; you can immediately see his passion for his work.

Plus, if you don't want to order takeout, you can also eat there at the counter, enjoying your freshly baked pizza.

In short, Grano Pizzeria in Padua is a place I recommend to all pizza lovers. The price is fair, delivery is fast, and the owner is truly friendly.

Try the calzone; it's phenomenal; you can see it in my photos.

If you liked the review, leave a like 👍🏼 so more people can discover this pizzeria!",5,2025-07-27T09:21:28.506293289Z,a year ago
ChIJ3T3sRwDbfkcRjjURn4zDOkw,"I initially thought that a large restaurant would at least have good customer service; now it seems it's just a large place with an even bigger temper.

After finishing my drink, I politely asked for another, but the person on the other end was incredibly impatient, blurting out, ""Aren't eight bottles per table enough?"" Their tone was so aggressive, as if customers weren't there to spend money, but to beg.

Even more ridiculous, a woman next to me simply asked for a takeout container and was also publicly berated. The woman, who wasn't young, stood there obediently taking the scolding, not daring to utter a word. To run a business and treat customers like punching bags is truly astonishing.

Whether the food was good or not is forgotten, but this arrogant and condescending attitude is more conspicuous than the signboard. A word of advice to the restaurant owner: a large business is fine, but don't be a bad person. Otherwise, sooner or later you'll only have empty tables and no repeat customers.",1,2026-05-22T12:36:45.654629462Z,3 months ago
ChIJ3T3sRwDbfkcRjjURn4zDOkw,"Poor food: rice from days ago, cold, and arrived a quarter of an hour after all the other dishes arrived. We thought it was being prepared, but it looks like it came from another restaurant. The broccoli was cold (by cold, I mean, not even lukewarm). We didn't get a valid explanation for the issues we reported.
Poor service: terrible welcome, they handed us the menu in the middle of the corridor without even assigning us a table.
Receipt available upon request.",1,2026-03-01T21:44:45.532155409Z,5 months ago
ChIJ3T3sRwDbfkcRjjURn4zDOkw,It's incredibly popular!,1,2025-12-30T10:21:25.953618879Z,7 months ago
ChIJ3T7iFAzbfkcRJB1QAwfcaSg,"I visited Furin Sushi and had a very good experience. The restaurant is clean and well organized. The staff are polite, helpful, and fast. The sushi is very fresh and delicious, and the menu has many good options. The presentation of the food is beautiful and the portions are satisfying. The atmosphere is calm and comfortable, which makes the meal more enjoyable. The prices are reasonable for the quality of the food. I would definitely recommend this place and would love to visit again.",5,2026-02-20T18:25:36.122622807Z,6 months ago
ChIJ3T7iFAzbfkcRJB1QAwfcaSg,Quite big variety  of food. Delisios and well served. The staff is quick and very polite,5,2025-05-02T19:51:07.683893Z,a year ago
ChIJ3T7iFAzbfkcRJB1QAwfcaSg,"They were so kind and smiling all the time !! Sushi was so good, beautiful place ! We loved it and definitely will come more 🩷",5,2025-05-09T11:56:10.577275Z,a year ago
ChIJ3T7iFAzbfkcRJB1QAwfcaSg,"Incredibile food of amazing quality at a price that's more than fair. The service was quick, incredibly friendly and also accommodating to our non-italian speaking group. I would 100% recommend taking the ""All you can eat"" offer as you will definitely be covering the cost, the food is that good.",5,2025-05-02T20:02:00.011505Z,a year ago
ChIJ3T7iFAzbfkcRJB1QAwfcaSg,A very warm and welcoming atmosphere the moment you walk in. Most fresh fish I've had from a restaurant in Padova. Definitely the best place for sushi in Padova.,5,2024-12-30T12:51:44.907189Z,a year ago
ChIJ3UsowFDafkcR9WHsVtRoxeY,"Outstanding meal, possible the best we have had in Italy. Great staff and plenty of gluten free options for those with Celiac. Happened upon it on a walk and was seated immediately with no reservation.",5,2026-06-25T12:06:55.734056796Z,2 months ago
ChIJ3UsowFDafkcR9WHsVtRoxeY,"I was concerned about this place, because of some reviews, but why not, don't judge in advance, right?
Dishes were really tasty, fresh, i like it. Service aaaaa.... little bit questionable, not bad, but not excellent. Desserts, like for me, far too sweet, but a lot of people can like it.",3,2025-11-09T12:02:03.739341743Z,9 months ago
ChIJ3UsowFDafkcR9WHsVtRoxeY,"If, but only if you want to eat secondi in size of antipasti but priced as expensive secondi that's the place for you. Additionally, you will be seated among shop's shelves and empty boxes.
The food itself is overdone. Nothing special. The ladies toilet was broken and the dirty men toilet was the only one. Three waitresses kept talking behind the bar instead of taking care of the only toilet.
We were looked down upon by the waitress when we asked about the wine. Well, never forget the Italian waitresses know everything about the wine.
Avoid!",3,2024-07-30T10:12:32.940587Z,2 years ago
ChIJ3UsowFDafkcR9WHsVtRoxeY,"Walked past it a few times whilst sightseeing in Padova. It looks more like a shop than a restaurant but it is both.
Great meal with some exceptional and different Italian food. The waitress was lovely and kind. It was quiet when we got in (about 7.30pm) but got busier a little later. It is a bit more expensive but worth it.",5,2024-07-18T07:52:45.067188Z,2 years ago
ChIJ3UsowFDafkcR9WHsVtRoxeY,"The menu has various options. The food is good. The pasticcio and arancini were delicious. However, I have to say that the service was disappointing. Worst service I have ever experienced in Padova. 15min for a glass of wine. 20min wait for two espressos.",3,2026-01-25T10:42:10.459649158Z,7 months ago
ChIJ3YDvG37afkcRck0kSQbg07k,"affable and friendly service! also gluten-free products.
we will definitely be back, your pizza has won us over. thank you, grazie",5,2020-10-21T07:09:38.250665Z,5 years ago
ChIJ3YDvG37afkcRck0kSQbg07k,Always a pleasure to eat here. Good food and a relaxing atmosphere.,5,2025-08-18T07:02:12.846266207Z,a year ago
ChIJ3YDvG37afkcRck0kSQbg07k,Very good Black pizza - never tried it before - but Amazing !! Hald a litre red Wine - good but too hot .. but would come back,4,2019-07-09T18:27:48.994874Z,7 years ago
ChIJ3YDvG37afkcRck0kSQbg07k,If you are looking for gluten free pizza and much more then this is a lovely local welcoming place,5,2018-08-21T22:27:02.018585Z,8 years ago
ChIJ3YDvG37afkcRck0kSQbg07k,"Lovely pizza and finish with a grappa, a good bit of drama pouring it out",4,2024-04-24T07:07:47.139892Z,2 years ago
ChIJ3ZkNVADXfkcRaIz_6KylKn0,"absolutely beautiful experience, went in there didn't have to wait, got us a table. the quality of the foods were really good. You do have some limits on the order placement every 10 minutes. But otherwise very nice service and atmosphere. 10/10 absolutely recommend.",5,2025-11-26T23:15:07.876864715Z,9 months ago
ChIJ3ZkNVADXfkcRaIz_6KylKn0,"The dinner menu has a very wide range of plates for all tastes. The service was fast and friendly. The atmosphere is pleasant and quiet. The bathrooms are clean.
We enjoyed our all you can eat menu. The quality-price ratio is better compared to other restaurants of this type in Padova. It is among our top choices of all you can eat restaurants in Padova, and we love asian food.",5,2025-03-28T20:10:56.246883Z,a year ago
ChIJ3ZkNVADXfkcRaIz_6KylKn0,Most reliable and good value all-you-can-eat sushi joint in the province of Padova.,5,2025-03-21T06:31:37.080423Z,a year ago
ChIJ3ZkNVADXfkcRaIz_6KylKn0,Top,5,2026-06-19T18:30:37.031187104Z,2 months ago
ChIJ3ZkNVADXfkcRaIz_6KylKn0,Super!!!!.,5,2026-06-11T18:43:24.971491371Z,2 months ago
ChIJ3aKSVgzbfkcRRvh0LXbz1a0,"Great food, great service, great choice of vines and cocktails! You won't be disappointed! And they are open when everyone else are closed!",5,2026-05-14T16:59:11.187972097Z,3 months ago
ChIJ3aKSVgzbfkcRRvh0LXbz1a0,"Located right next to Ragione Palace, this place is one of the better-rated in the area. It's not a wood-smelling traditional trattoria, but rather a modern spot serving fusion cuisine based on Italian recipes. The menu includes both pasta dishes and pizzas. I tried the chicken with black rice and grilled vegetables. It's a nice change from the ubiquitous pasta. Affordable and varied drinks (various aperitifs usually cost €5) complement the positive experience. Be warned, queues for the restrooms can be a problem during peak hours, as there's only one in the establishment.",4,2026-05-02T20:45:15.609147185Z,3 months ago
ChIJ3aKSVgzbfkcRRvh0LXbz1a0,"Disappointing lunch at TreQuarti Bistro’ in Padua. Service was good, but the polpette and cicchetti tasted like they weren’t fresh despite a pleasant presentation. We ordered polpette, cicchetti, and a salad. Appearance good, flavour not fresh.",3,2025-11-01T09:05:03.292283738Z,9 months ago
ChIJ3aKSVgzbfkcRRvh0LXbz1a0,"Lovely restaurant that I went to four times because the food was great and the staff was lovely, very friendly and attentive to the patrons. I would definitely go here again of I'm in Padova. The food is a mix of traditional and more modern options. And the location is great. Much love to the waiters for greeting me every time with a smile and a cleared out table",5,2026-07-13T21:12:12.670224412Z,a month ago
ChIJ3aKSVgzbfkcRRvh0LXbz1a0,"I celebrated my graduation here everything was perfect. Everyone was so kind, the food was very delicious and the price was reasonable. I definitely recommend it!!",5,2026-03-26T17:06:05.668191884Z,5 months ago
ChIJ3aZcannafkcR8wd5CcsFGYA,"We ordered pizza kebab but it seemed like vegetarian pizza!! You have to search for find some piece of chicken or meat, it was full of salads and watery sauce on bread! They didn't ask if we want salady pizza or not! Like a vegetable soup served on bready plate! Bad taste and the watery sauce goes every where! Very very bad experience!",1,2026-04-28T09:19:50.201535016Z,4 months ago
ChIJ3aZcannafkcR8wd5CcsFGYA,"The worst thing you can even see as a pizza, let alone try it.
When you open the box, you are surprised by the ugly contents inside the box! A handful of grass on the dough, no trace of meat or cheese, just grass and water running down the pizza! I recommend that you wear a swimsuit before opening the box 🤣🤣🤣",1,2026-04-28T10:03:14.376644335Z,4 months ago
ChIJ3aZcannafkcR8wd5CcsFGYA,"Da Fathi in Padua offers a unique blend of halal
certified Italian pizza and Doner Kebab. With a cozy ambiance and top notch service, it's a gem for culinary adventurers seeking a fusion delight.",5,2024-03-02T15:26:09.032869Z,2 years ago
ChIJ3aZcannafkcR8wd5CcsFGYA,They have a massive variety of pizzas they taste good and the price is very well.,4,2024-07-15T15:22:35.016035Z,2 years ago
ChIJ3aZcannafkcR8wd5CcsFGYA,"Kebap/Pizza place of unusual standards. Whatever they make it’s good quality, in a good price and made by specialists. Honestly recommended.",5,2024-08-24T12:40:26.036352Z,2 years ago
ChIJ3ewzZ67bfkcR4il3B6HgofU,"My friend brought me there: the shrimp toast was the best I had in many countries, I had Umami menu: there was wakame salad, 4 dim sum, 2 shrimp toasts and two pieces of salmon and noodles with shirmps and veggies. I also had mochi ice cream.

The service was great, as it was my birthday lunch, the waiter brought also a candle.

The ambience is nice, still essential.

The prices are great.

Will be back soon.",5,2024-10-20T09:37:16.349411Z,a year ago
ChIJ3ewzZ67bfkcR4il3B6HgofU,"I like the place, it is not casual as I senced but also cosy and you can feel the friendly atmosphere there. The kitchen is great, I like it. If you are looking for avery romantic an antic dinner w8th your partner it is a good choice but be aware of the payment, you may need a split 😁 price like €€€. I would back here soon",4,2019-07-31T19:10:34.581671Z,7 years ago
ChIJ3ewzZ67bfkcR4il3B6HgofU,Cozy restaurant with friendly service and a nice atmosphere. But whats most important: the food was a dream come true. I will most definitely come again!,5,2024-11-22T09:55:24.705913Z,a year ago
ChIJ3ewzZ67bfkcR4il3B6HgofU,"Fusion between ramen and laziness. The taste was basic. The egg just boiled, nothing else. Lack of vegetables. Simple miso with noodles straight from the grocery store. Gyoza sauce was simply soy sauce. I don't recommend this place at all. You can eat better food from the grocery store, which will be cheaper than 25 €.",1,2023-04-16T20:08:54.578243Z,3 years ago
ChIJ3ewzZ67bfkcR4il3B6HgofU,"I didn't give 5 stars because they served the foods in a super long time. We wait an hour to have all our 5 dishes. What a pity. Despite that, the foods are gorgeous!",4,2019-11-10T13:38:55.911364Z,6 years ago
ChIJ3fcXQADbfkcRsjAuVMZM_kc,"I have been there to eat Singara, which is a crispy wrap with potatoes. They told me they will make a fresh one for me. It was frozen instead and the potatoes were dead cold. They didn’t cook it well. It was crispy outside but inside was cold",2,2025-05-01T21:26:01.878286Z,a year ago
ChIJ3fcXQADbfkcRsjAuVMZM_kc,Best food of padua. Via:T.Aspetti 8 35132,5,2026-05-04T13:32:37.794820556Z,3 months ago
ChIJ3fcXQADbfkcRsjAuVMZM_kc,Their beef briyani so delicious❤️,5,2026-05-04T20:05:38.956081758Z,3 months ago
ChIJ3fcXQADbfkcRsjAuVMZM_kc,"This was almost the fifth time I ate there. I tried almost all the dishes, they were delicious and the guy is very kind and gives very good service, he prepares everything fresh and hot at the moment.",5,2025-07-15T21:43:08.112362776Z,a year ago
ChIJ3fcXQADbfkcRsjAuVMZM_kc,"Just awesome food,,, Really delicious food, everyone should come here and try it at least once.",4,2025-09-20T13:39:27.264873500Z,11 months ago
ChIJ42w6oiTFfkcR29FnNZ0Qu3w,"Passing around we have decided to try. It was the best decision. Really fresh fishes and very nice owners. A bit scary that the restaurant was quite empty, but as it is not in the city center, could expected. Stop and try local fish food. Highly recommend. Parking is easy on private parking space. We will return 💯%",5,2024-07-20T12:27:56.088196Z,2 years ago
ChIJ42w6oiTFfkcR29FnNZ0Qu3w,Very good food. They made special dish for me (vegetarian) we recommend,5,2025-02-11T12:14:33.474549Z,a year ago
ChIJ42w6oiTFfkcR29FnNZ0Qu3w,"I decided to have New Year's Eve 2024 dinner with the à la carte menu, to avoid any unwanted dinners. I found the location very quiet and extremely clean. Fantastic... it's not easy to keep things this clean, even the Christmas decorations were very clean. The quality of the ingredients was excellent, the raw fish was phenomenal, and the cooking and preparation were excellent. Long clams, oysters, lobster catalana, boiled meat, and spaghetti with clams... All delicious, I'll be back. The quality-price ratio was excellent. I found the atmosphere to be friendly, kind, and highly professional. Parking was good.",5,2025-01-01T19:44:49.101605Z,a year ago
ChIJ42w6oiTFfkcR29FnNZ0Qu3w,"Clean place, but in my opinion, too many items were thrown together.
The fish was fresh, though the cuttlefish in the mixed grill were cold. The fried fish was good.
The black cherry parfait was excellent, in my opinion.
The price was overall reasonable.",3,2026-06-30T20:33:23.433712589Z,a month ago
ChIJ42w6oiTFfkcR29FnNZ0Qu3w,"I returned to this place after a year... what can I say!? Always fantastic! A very characteristic location, excellent food (it's not just beautiful to look at... I assure you! 🤣) and thanks to a quiet evening, I had the opportunity to get to know the owners better, wonderful people who demonstrate their love for this business in every little detail, from the quality of the raw materials to the constant search for new dishes so as never to bore the customer's tastes. I really appreciated the use of their own products, such as the sweet and sour vegetables, the raspberry jam in the tiramisu and especially the liqueurs: meloncello, sage, walnuts... I'll be back soon to try the porcini mushroom one!!! 🤣",5,2020-09-07T10:28:22.694856Z,5 years ago
ChIJ48DQhSbbfkcRYtQIsY2pIjE,"The best: cheap prices. Spritz 2€ and prosecco 2€ (not good quality oc), even with chips if you ask for them. They organize some events like dancing lessons of salsa and bachata, karaoke, dj nights and some others. Some times there are full of people and sometimes not, it depends. Location is good.",3,2025-04-03T07:01:53.245394Z,a year ago
ChIJ48DQhSbbfkcRYtQIsY2pIjE,"DO NOT ORDER FOOD HERE
I guess I should have known it was too good to be true when I saw the €10 lunch offer, and my suspicions were confirmed after I sat down and I realised there actually is mo kitchen there. Soon I heard the microwave go - I received some micro pasta, a microwaved piece of chicken, and even the bread was microwaved to freshen it up. Ah well I let it be, what can I expect for €10? Well I wasn't at all surprised when the s**ts started the following day. DO NOT EAT HERE",1,2025-08-08T07:43:21.623012217Z,a year ago
ChIJ48DQhSbbfkcRYtQIsY2pIjE,Mediocre,2,2023-10-18T01:17:50.215974Z,2 years ago
ChIJ48DQhSbbfkcRYtQIsY2pIjE,"That's Amore bar is a true guarantee for those seeking a welcoming and pleasant environment to spend time with friends. The staff stands out for their kindness, professionalism, and attentiveness to their customers, immediately creating a relaxed and familiar atmosphere. The venue is modern, well-furnished, and meticulously maintained, ideal for both an aperitif and a quiet evening. Quality food and drinks, impeccable service, and a consistently pleasant atmosphere make every experience truly positive. Hugs, Thang",5,2026-06-10T13:19:03.577537020Z,2 months ago
ChIJ48DQhSbbfkcRYtQIsY2pIjE,"Welcoming and well-managed bar. The staff is always friendly and helpful, and makes you feel at ease right away. Excellent selection of products, from breakfast to aperitifs, with fair prices and fast service. The atmosphere is clean, well-kept, and perfect for both a quick break and a relaxing time with friends. A local favorite that I'd happily recommend. Kudos to all the staff! Thanks especially to the manager, Thang ❤️",5,2026-05-29T16:02:27.313265787Z,2 months ago
ChIJ49DQ3ETafkcRbHscogZh7LI,I came here for dinner during a trip towards Venice. The atmosphere and the music is amazing and the food is very good with high quality ingredients. The waiter was very attentive and really made us feel at ease. A place worth a stop 🙂,5,2025-10-16T19:17:00.358060557Z,10 months ago
ChIJ49DQ3ETafkcRbHscogZh7LI,Delicious food and a very kind service team :) will be back for sure.,5,2026-07-06T20:03:42.599080626Z,a month ago
ChIJ49DQ3ETafkcRbHscogZh7LI,"Great atmosphere. Problems with food. Terrible service.

1. Atmosphere: It's adorable. It's close to where I live. It looks like they have great menu options - very American-inspired with the Airstream trailer, cacti decor, and Mexican dishes, and they even sell Pendleton goods. Fun! I've been in Italy for years now, and this isn't common, so I was excited to try it.

Atmosphere: 5 stars.

2. Food: Both my friend and I ordered avocado toast. Everything about the avocado toast would have been great - the avocado, the thinly sliced radishes, lightly wilted spinach, the fennel, the pumpkin seeds, a big slice of multigrain bread - all wonderful, and the first few bites were delicious. Then I got to the egg. It was raw. Both of our eggs were raw. The whites were not cooked, and the egg was cold, so the raw white part spilled all over the yummy veggies and made it really gross. We did our best to eat around it, but that was tough, considering it went everywhere.

Food: 3 stars because it WOULD have been awesome had it not been for the egg issue.

3. Service: We were the first people to arrive at noon for brunch. The hostess/waitress sat us and then got on her phone and quickly forgot about us. 10 minutes passed. I had to flag her down just to get some water. Again, we were the only people there. After the meal, when she came to take our plates, she didn't ask how it was (even though nearly half of the dish was left and both of us had an egg puddle on our plates), but I politely mentioned the problem anyway. It was merited. She rudely mansplained to me, as though I was a child, that the eggs were ""POACH-ED,"" gesticulating and over-enunciating that ""POACH-ED"" eggs have to be raw. I tried to tell her that was not correct, that there are different levels of poached, but none of them are RAW. Yes, the yolk should be runny, but the whites should be cooked. Or rather cook-ED. And excuse me, but have you ever heard of customer service?! Don't try to make people feel like idiots because you served them salmonella on toast. Rude is rude. Do better.

Service: 1 star.",3,2024-02-24T16:46:37.375458Z,2 years ago
ChIJ49DQ3ETafkcRbHscogZh7LI,"Cool place, where you can see the owners making their hand made leather goods, shoes, belts and bags. And then buy something in the concept store. In the summer the open air restaurant housed in a silver airstream opens. Come and see for yourself!",5,2020-01-24T16:36:55.273803Z,6 years ago
ChIJ49DQ3ETafkcRbHscogZh7LI,Good meat,5,2021-09-18T22:06:33.763353Z,4 years ago
ChIJ4RPLEiDZfkcRWbts8YQQGjI,"The food is ok. Nothing out of this world (actually my friend said the pizza was bad).
Service is nice and the girl that attended us was very friendly but it all seems very complicated (even at the moment we had to pay).
I guess it's all due to the fact that they just opened. I hope they will get better with time.",3,2023-10-26T07:50:54.654766Z,2 years ago
ChIJ4RPLEiDZfkcRWbts8YQQGjI,"Excellent experience! The staff is super friendly, the beer is
tasty and the food is great!
Plenty of tables and plenty of parking too!!",5,2023-10-27T15:34:08.972221Z,2 years ago
ChIJ4RPLEiDZfkcRWbts8YQQGjI,"We went with a couple of friends to Fabbrica in pedavena for dinner together. Great atmosphere, good food and fantastic signature beers! Absolutely reccomended",5,2023-11-02T22:32:43.442925Z,2 years ago
ChIJ4RPLEiDZfkcRWbts8YQQGjI,Top,5,2026-04-28T14:37:32.883617344Z,4 months ago
ChIJ4RPLEiDZfkcRWbts8YQQGjI,"Awesome vibes, great beers.",5,2023-11-02T22:48:14.054795Z,2 years ago
ChIJ4U7CXEXafkcR7oN3Djs5qmA,"This is a high-end restaurant but it’s a good deal considering the quality of the food and the impeccable service. I had spider crab as stater, linguine with clams and truffle as primi and turbo as secondi. Everything was perfect.",5,2026-03-20T15:17:12.130176961Z,5 months ago
ChIJ4U7CXEXafkcR7oN3Djs5qmA,"Very elegant and classy restaurant. All the servers were nice and attentive. Really dog-friendly place, I recommend it to everyone. The food was also very delicious.",5,2026-03-01T08:17:44.788583593Z,5 months ago
ChIJ4U7CXEXafkcR7oN3Djs5qmA,"We ate here in the summer of 2023 having stayed in Padua for a night, visiting the Scrovegni Chapel. I still think about the Tiramisù I had that night. I make a point of trying Tiramasù if it’s ever on a menu. This remains the best I’ve ever had. Great spot.",5,2026-06-28T15:02:15.563684657Z,a month ago
ChIJ4U7CXEXafkcR7oN3Djs5qmA,"If you ever find yourself in or near Padua, Belle Parti is an absolute must for dinner. From start to finish, the experience is exceptional. I had the spaghettoni with almond pesto and capers, simply heavenly. The service and wine were top-notch, and the atmosphere elevated the entire evening. We’ll definitely be coming back. This place truly deserves a Michelin star!",5,2025-09-01T19:25:40.709842922Z,11 months ago
ChIJ4U7CXEXafkcR7oN3Djs5qmA,"I ordered the scallops starter and the turbot main dish. Two of 4 scallops were sandy, one full of sand and even a pebble. Luckily my teeth are intact. The turbot main dish was very tasty and beautifully presented. Service was good.  Glasses of wine, as opposed to bottles, were not on the wine menu but the waitress when asked offered a very nice glass of wine for 9 euros. They serve a complementary prosecco which was a nice touch. For Padova,  the price was quite high.",3,2026-03-30T21:13:43.473950139Z,4 months ago
ChIJ4UdI92fafkcRxlznC1Wl8Ns,"Cesar is doing a great job. He is very professional, helpful, and kind. I’m very satisfied with his service. Highly recommended!",5,2026-06-15T17:23:20.950107221Z,2 months ago
ChIJ4UdI92fafkcRxlznC1Wl8Ns,Cafeteria located on the back of platform one with outside tables the inside is small at an L shape with food display one side and coffee bar in the corner. My coffee was good and sandwich also. Price related to the locations motorway cafe. The staffs services was good and quick. The place is quite and handy located.,3,2018-01-06T22:22:03.660Z,8 years ago
ChIJ4UdI92fafkcRxlznC1Wl8Ns,Very rude. I just asked to heat up the cappuccino. She threw away coffee in anger and made a new one. The new one wasn't hot either. Didn't like the rude attitude.,1,2026-02-21T17:20:00.697903376Z,6 months ago
ChIJ4UdI92fafkcRxlznC1Wl8Ns,"Basic place where you get coffee, pastries, sandwiches and pizzas. The food and coffee are of good quality. The staff was very friendly. It is a busy place in the train station, therefore the athmosphere is accordingly  We had cafe americano, which was very strong - it will keep you awake for a while 😂",4,2024-04-19T11:32:25.816669Z,2 years ago
ChIJ4UdI92fafkcRxlznC1Wl8Ns,"A regular place in the middle of the main station. It's okay for a quick breakfast, but the waiting time was a bit long and it wasn't the cleanest either. Good breakfast menu for okay prices, given the location.",3,2023-10-13T05:41:35.917774Z,2 years ago
ChIJ4ZINYpHafkcRthOQEb8ok34,"Amazing Pizzeria on the outskirts of Padova.
Fantastic food great prices and very friendly staff.",5,2025-11-09T12:40:04.823966562Z,9 months ago
ChIJ4ZINYpHafkcRthOQEb8ok34,Great neighbourhood pizza spot! Filled with locals so you know it’s good. Extensive pizza selection at very reasonable prices. Staff was also very helpful and friendly. 100% would return!,5,2025-01-29T14:58:44.603285Z,a year ago
ChIJ4ZINYpHafkcRthOQEb8ok34,"Staying at ac nearby and were very impressed by this local pizzeria. Delicious base and a huge variety of options. Had horse meat, which was shredded and delicious, wife had ham and pea with cream and added a butrata - she shared as it was very rich and I think I enjoyed it even more than my own. Staff were very friendly and provided some delicious limencello. Would recommend to all.",5,2025-07-02T18:27:45.289492051Z,a year ago
ChIJ4ZINYpHafkcRthOQEb8ok34,"We have a dinner hier on a Thuesday evening. The restaurant is full of local people. We ate 2 pastas, 1 pizza and alltogheter 2 beers, 1 whine, 1 prosecco for 50€. The value price ratio is 5, the waiters are kind and there is an eglish menu, they speak English.",5,2026-06-02T19:17:41.388011558Z,2 months ago
ChIJ4ZINYpHafkcRthOQEb8ok34,"Fantastic food. 😋😋The most amazing pizza variety I've had. Amazing staff and even better service given we had specific dietary requirements. Suitable for Vegetarians. We ordered 2 pizzas and a couple of other dishes to begin with, we ended up having 5 pizzas and yet did not feel stuffy or over eaten. All this at amazing prices. Try the smoked cheese pizza.👌👍",5,2022-03-21T06:07:47.172950Z,4 years ago
ChIJ4ZV0DojbfkcRCrAHVaN-gb8,"small and cramped place, kebab not bad but not the best",3,2026-04-14T08:06:06.256571130Z,4 months ago
ChIJ4ZV0DojbfkcRCrAHVaN-gb8,It says it closes at 1am but closes at 12am,1,2025-11-08T23:34:51.954196413Z,9 months ago
ChIJ4ZV0DojbfkcRCrAHVaN-gb8,Really everything is delicious,5,2025-08-02T18:32:40.304602335Z,a year ago
ChIJ4ZV0DojbfkcRCrAHVaN-gb8,Everything is good,5,2025-05-09T16:32:35.448522Z,a year ago
ChIJ4ZV0DojbfkcRCrAHVaN-gb8,Gives Roma,5,2025-05-13T16:23:25.567699Z,a year ago
ChIJ4_lW527afkcRRPJDmh-2smk,"Good food, good service, and home made pastiera 💕 Lots of space inside for bigger groups and some smaller tables outside, and the street is quiet enough that it's still pleasant",5,2024-04-29T17:55:50.507417Z,2 years ago
ChIJ4_lW527afkcRRPJDmh-2smk,This new pizza maker is much better than ever!! Amazing delicious pizza.. thank you chef Hamza,5,2023-08-08T19:23:22.507537Z,3 years ago
ChIJ4_lW527afkcRRPJDmh-2smk,"Pizza was good, but unfortunately service not. Service was really on a very low level, not pleasant and not helpful at all",1,2020-09-29T20:02:24.125570Z,5 years ago
ChIJ4_lW527afkcRRPJDmh-2smk,"Good food, friendly owner and low prices",5,2024-11-05T15:07:02.072968Z,a year ago
ChIJ4_lW527afkcRRPJDmh-2smk,Pizza al kamut super!,3,2013-06-24T22:23:44.132436Z,13 years ago
ChIJ4aOff1rafkcRLpeSS2KAsPI,"Went there with my family for dinner because we were so tired of the hotel we were staying at's dinner options that we asked my dads italian friend who lives in the area for good options and he recomended this
Great pizza and a nice average level service. Altough i loved the ham and mushroom pizza i ordered i never thought i would conjuer up the expression: ""pizza swamp"" but the line between tomato sauce and soup has never been this blurry, extremely messy pizza, but it was good, not a good option if you are looking for authentic classic italian pizza but overall good pizza.
I loved the murrals on the wall on the right of the entrance, very beutiful place",4,2026-07-14T19:13:49.023980216Z,a month ago
ChIJ4aOff1rafkcRLpeSS2KAsPI,This was an amazing find on a Sunday evening with no reservations we had the BEST fresh salad and pizza.  What made it even better was the excellent service and the very friendly staff.  We will be back and also recommend this restaurant to those that stay in our apartment. Our waitress was very helpful in recommending portion sizes and choices.  10/10 🇮🇹😘,5,2026-01-04T19:35:31.777052820Z,7 months ago
ChIJ4aOff1rafkcRLpeSS2KAsPI,"The pizza was absolutely delicious—fresh, flavorful, and perfectly cooked. The service was amazing as well; we were treated with such warmth and care. Every detail of the experience, from the food to the hospitality, was impeccable. Highly recommend!

Our server was top-notch, Allegra . Thank you",5,2025-07-30T12:55:47.959707351Z,a year ago
ChIJ4aOff1rafkcRLpeSS2KAsPI,"The food was excellent and beautifully presented on the platter. Everything tasted amazing. The waiter was very friendly and provided outstanding service. Highly recommended!..
Tfala nga Tetova👍",5,2026-03-13T12:02:46.129395142Z,5 months ago
ChIJ4aOff1rafkcRLpeSS2KAsPI,"Very good pizza place, with friendly and helpful staff. Their iconic 1 meter pizza is not your traditional Italian pizza but still good enough. It is definitely worth the visit!",5,2025-10-26T12:06:31.334259369Z,10 months ago
ChIJ4ewhDLDFfkcRxai7TcJvtEQ,"Kind staff, but service a little slow, environment super noisy, I could not properly talk with people in front of me.
Last but not least. Food unfortunately it’s mid.
Great wagyu salmon tartar sushi , mango mochi though.
For me unfortunately not recommended",3,2026-04-18T08:40:34.714089997Z,4 months ago
ChIJ4ewhDLDFfkcRxai7TcJvtEQ,"No Nigiri in a sushi restaurant.. unusual rolls , not traditional Japanese definitely. Not bad if you do not expect real Japanese food. A bit costly.",3,2021-07-13T16:43:22.769296Z,5 years ago
ChIJ4ewhDLDFfkcRxai7TcJvtEQ,One in a million I recommend for U too go and try they have best treat,5,2021-06-24T05:26:32.770421Z,5 years ago
ChIJ4ewhDLDFfkcRxai7TcJvtEQ,Solito All you can eat,1,2021-08-10T12:53:17.249661Z,5 years ago
ChIJ4ewhDLDFfkcRxai7TcJvtEQ,Top sushi!!,5,2025-04-17T20:23:23.030279Z,a year ago
ChIJ4yp9kxbbfkcRSVnKMfT4O14,"AMAZING TRATTORIA in PADOVA, FIRST QUALITY INGREDIENTS, TASTEFUL DISHES, Kind staff, BEST for FISH DISHES. RESPECT of DISTANCES, SAFE PLACE TO EAT during COVID. SPECIAL DISH: MOECHE. NEGATIVE ASPECTS: no written menu, old fashion, high prices. HIGHLY RECOMMEND for FISH LOVERS, EVERY PENNY IS WORTHY",4,2021-07-12T07:22:14.135958Z,5 years ago
ChIJ4yp9kxbbfkcRSVnKMfT4O14,"Simple cousine, very good. A selection of fish and seafood.",3,2017-09-23T22:03:36.340Z,8 years ago
ChIJ4yp9kxbbfkcRSVnKMfT4O14,Traditional Exquisite Venetian Fish Dishes in Padua,5,2021-07-25T13:16:13.406065Z,5 years ago
ChIJ4yp9kxbbfkcRSVnKMfT4O14,Nice food easy going place,5,2024-11-03T20:32:11.386478Z,a year ago
ChIJ4yp9kxbbfkcRSVnKMfT4O14,Good place. Good food.,3,2018-07-28T21:26:25.464Z,8 years ago
ChIJ52EB3KzbfkcRLv8hMLP1IA8,"Kind , friendly and fun service, one of a kind business that cares for its community, its a place all families from across the city come to enjoy, sometimes the wait is long but you can call ahead, good prices and even better pizza 🍕",5,2026-06-02T08:12:11.251534161Z,2 months ago
ChIJ52EB3KzbfkcRLv8hMLP1IA8,This place was close to where we stayed in Padova Italy. The pizza looks great and is cooked in a brick oven but we were unable to wait the 2.5 hours for the pizza they said it would take to prepare. Hopefully your experience will be better if you try this place,2,2026-05-10T18:11:43.069477955Z,3 months ago
ChIJ52EB3KzbfkcRLv8hMLP1IA8,"Orsucci is an established institution and must try when in Padova. They are very popular, especially for takeaways, so expect to wait for your pizza.

They have ~5 table and if you decide to dine in, they give you the pizza on a sheet of paper that you have to carefully transport to your seat. The pizzas were piping hot, right out of the oven. The crust was crispy, the tomato sauce flavorful and rich, and the topics fresh. Honest, simple and tasty!

The pizzas are quite small, however the price is accordingly low ranging from 3.90€ to 6€. Great food-quality-price ratio.",5,2023-09-26T21:06:33.745612Z,2 years ago
ChIJ52EB3KzbfkcRLv8hMLP1IA8,"We had a zingara and a white toscana and we got the two things you wish for when you want a good pizza - simplicity and taste. Also, they got Forst - the best italian lager.",5,2022-11-02T14:48:01.251238Z,3 years ago
ChIJ52EB3KzbfkcRLv8hMLP1IA8,We loved this place! I read all the good reviews and decided to give it a try. Really good pizza. And the service 🤌,5,2024-05-07T13:53:58.627057Z,2 years ago
ChIJ57XnH2vbfkcRxH4nVWj5LTE,"SO GOOD. Drink menu is insane, food menu is even more insane. Lots of creative cocktails, great quality food, and good prices. The vibes were fun and the restaurant was busy, but very little wait. The staff were super nice and welcoming. It’s also in a great area, definitely would recommend!",5,2026-07-09T22:30:43.198550478Z,a month ago
ChIJ57XnH2vbfkcRxH4nVWj5LTE,"As an Asian, I’d like to offer an objective review of this restaurant. 😊
The food is definitely delicious and thoughtfully prepared—you can really tell that care and attention go into each dish, and it feels worth the price. However, the portion sizes are indeed on the smaller side.

The restaurant is well located and has a pleasant atmosphere, but having only one restroom feels a bit unreasonable. Another point I wasn’t fully satisfied with was the seating situation: when the staff told us all standard tables were fully booked, we were seated at a higher table. Since we had two bags, we asked for an extra chair, but were told there were no more available. I think it would be more reasonable for the restaurant to have additional chairs on hand, as it would make the dining experience more comfortable for guests.

That said, the staff were still very friendly. Even though we had brought bubble tea with us and placed it on the table, they didn’t stop us from drinking it.

I look forward to seeing the kitchen develop more dishes in the future.🧡",4,2026-04-19T08:56:00.236824827Z,4 months ago
ChIJ57XnH2vbfkcRxH4nVWj5LTE,"The restaurant is nice and interesting overall. Some dishes are really enjoyable and captivating, other are less inspired in my opinion. I've enjoyed three out of four visits.",4,2026-01-11T07:28:25.043601265Z,7 months ago
ChIJ57XnH2vbfkcRxH4nVWj5LTE,"Great ambiance and a perfect place for students and young people :)
Very kind staff, great menu and many vegetarian options.",5,2026-07-25T20:24:05.049468327Z,a month ago
ChIJ57XnH2vbfkcRxH4nVWj5LTE,"Fantastic range of dishes, also they do vegetarian options, and a brilliant wine list. The service is relaxed and welcoming. The food was so good we’re already thinking of coming back! Highly recommend the Flakoyaki and ginger duck. Excellent!",5,2026-03-14T14:25:11.192411834Z,5 months ago
ChIJ5UDSRV3afkcRxHq-q8VuMjY,"Delicious hot drinks and a good service.
There is no warm water in the toilet and the ventilation wasn't clean. Had a lot of dust.",3,2026-01-12T20:32:00.444633169Z,7 months ago
ChIJ5UDSRV3afkcRxHq-q8VuMjY,"I experienced shocking racism and disrespect at this cafe, and I strongly advise everyone to avoid it. My visit was an absolute disappointment from start to finish.

I entered, placed my order, and was given a number for my food to be delivered to my table. After I finished, I needed to use the restroom before leaving. As I walked toward it, an older man at the counter began shouting at me in Italian in a very aggressive tone. Even after I told him I didn't understand Italian, he continued yelling.

An English-speaking waiter then translated and explained that the man was angry because I ""didn't say good morning and ask for permission to use the restroom."" I am a paying customer! Should I really have to ask for explicit permission to use the facilities of a cafe where I just ate? This is an absurd, humiliating, and clearly discriminatory rule that was only enforced against me.

To make matters worse, the croissant and cappuccino were also terrible—stale and low quality.

This establishment is racist and uses cultural excuses to justify hostile behavior. They do not represent the true, welcoming spirit of Italy. Do not give them your money.

Stay away. Never again.",1,2025-09-05T09:27:58.577208743Z,11 months ago
ChIJ5UDSRV3afkcRxHq-q8VuMjY,"Tried their coffee and crema cornetto on my first day in Padova (I was staying at Hotel Grand’Italia across their street).
The cornetto is out of this world - I was going there every day for breakfast!
Fast and friendly service - highly recommend!",5,2023-10-28T07:38:02.793945Z,2 years ago
ChIJ5UDSRV3afkcRxHq-q8VuMjY,"Service was great. Cappuccino too. I ordered a tiramisu, that i really enjoyed, until i had a bite where there was glass. Thankfully the waiter was apologetic and gave me my money back. Please double check that there is no glass in your food.",2,2024-10-10T13:02:15.084893Z,a year ago
ChIJ5UDSRV3afkcRxHq-q8VuMjY,Good prices and coffe too. I enjoyed the experience.,5,2025-10-05T10:42:09.906096286Z,10 months ago
ChIJ5UwVngzafkcRXFsW47vMudc,This place is in Padova you will be there with U13 bus just stop at roundabout in front of the apartment hostel or you go with taxi,5,2026-06-24T10:06:45.215580774Z,2 months ago
ChIJ5UwVngzafkcRXFsW47vMudc,Nom nom nom. Steak was out of this world (if you want sides ask but I enjoyed the steak on its own). Calzone got thumbs up from husband too. Good lager and wine choice. Haven't seen the bill yet but it will have been worth it,5,2020-02-18T19:30:11.468721Z,6 years ago
ChIJ5UwVngzafkcRXFsW47vMudc,This is one of the best meals we had in Italy for a fraction of what we paid elsewhere.  Don't know why Google thinks this is a hotel and the rating is in the hotel category,5,2024-09-12T06:12:25.803666Z,a year ago
ChIJ5UwVngzafkcRXFsW47vMudc,"Nice restaurant, and tesla charge outside",4,2020-01-21T12:42:35.055040Z,6 years ago
ChIJ5UwVngzafkcRXFsW47vMudc,Best bang for your buck😉,4,2021-01-09T10:41:10.850098Z,5 years ago
ChIJ5cgc347ZfkcRafTijhFn5sc,"Nice, i think it is the best pizza restaurant for me in this community area currently.",5,2025-12-19T12:07:21.106071747Z,8 months ago
ChIJ5cgc347ZfkcRafTijhFn5sc,Excellent pizza! Simple place!,4,2025-10-22T06:41:38.203135549Z,10 months ago
ChIJ5cgc347ZfkcRafTijhFn5sc,"Arrived late at my accommodation and Pizzeria Arizona was recommended by the host.
Hit the spot after a long day of travelling",5,2023-06-12T20:55:15.622936Z,3 years ago
ChIJ5cgc347ZfkcRafTijhFn5sc,"The prices are OK, the food is ok. They have only one waiter who speaks English but they are very kind and nice. The location is easy to find.",4,2021-08-14T18:53:57.826197Z,5 years ago
ChIJ5cgc347ZfkcRafTijhFn5sc,"Feeling Italy, one beer and pizza at a time",5,2024-02-06T19:29:19.835045Z,2 years ago
ChIJ5w09pl7afkcRnKd3S7xCVxU,"Graduation reception: what can I say? If not all was well... Excellent tramezzini, richly stuffed panini... still-warm pizzas, focaccia, and even pasta... a hearty and abundant ""aperitivo""!!! Topped off with spritz, soft drinks, prosecco... and (very delicious) desserts to finish. We were all happy and satisfied. The owner, Roberto, was very kind, thoughtful, and helpful, and we extend our thanks to him. For this, it's a place I highly recommend. That said... see you next time!",5,2025-12-10T22:09:38.654934635Z,8 months ago
ChIJ5w09pl7afkcRnKd3S7xCVxU,"Really friendly, not too crowded and fair prices, excellent if you want a bit of tranquility in the morning chaos of Padua :)",5,2026-04-12T09:41:35.840576631Z,4 months ago
ChIJ5w09pl7afkcRnKd3S7xCVxU,"Caffè ottimo,personale cordiale e il titolare è un vero tesoro",5,2025-05-13T13:56:22.770073Z,a year ago
ChIJ5w09pl7afkcRnKd3S7xCVxU,"A place for quick breakfasts and lunches. Vegan friendly.
Excellent coffee, cappuccino, and freshly squeezed juices are available for breakfast, which can be paired with fragrant pastries and other sweet treats (pastries, muffins, and even desserts made with apples, raisins, whole grains, etc.).
A variety of sandwiches, including delicious ones, first and second courses for all tastes and dietary needs, one-pot meals, and hearty salads.
Recently renovated, the place is spacious but not too noisy. Outdoor tables, sheltered by the gallery, are excellent, allowing you to sit outside even in cooler weather.
Takeout is available, but home delivery is also available (it's best to call in the morning).
They also organize business aperitifs and graduation parties.
The manager, Roberto, is very friendly.",5,2023-11-14T16:26:44.956702Z,2 years ago
ChIJ5w09pl7afkcRnKd3S7xCVxU,"I had my graduation party fresco painted here, and everything was perfect: from the service (the owner was very kind and helpful, and he decorated the table beautifully) to the food and drinks. The prices were more than fair, and I highly recommend them!",5,2024-08-07T10:48:08.861729Z,2 years ago
ChIJ5w7VKHzbfkcRLk05kCZ_p0E,"The waiter with the glasses was just the best thing about this place ( not sure about his name, but you will recognize him for his professionalism, customer service, energy, politeness, hospitality and speed) .

The food is what you’d expect from a chain such as the roadhouse. The chicken fillets and chicken wings were cooked perfectly .
The teriyaki beef bowl was a bit too saucy - in fact you could only taste the sweet sauce on top on the dish.

Plenty of parking in front and behind the restaurant.

In 5 people we spent 130€ . We got 3 bears, 2 bottles of water , 4 main dishes and 1 all you can eat chicken fillets/wings ( the promotion available on Friday ) , 1 side dish,  4 desserts .

We booked in advance - however there were plenty of empty tables for walk-ins.",5,2025-08-14T15:34:45.888979117Z,a year ago
ChIJ5w7VKHzbfkcRLk05kCZ_p0E,"The food is really good and tasty but the most worthy thing is his friendliness: Leonardo! He is a super nice guy deserving praise, which made us a wonderful dinner🥂",5,2025-10-18T19:02:35.951244610Z,10 months ago
ChIJ5w7VKHzbfkcRLk05kCZ_p0E,"The prices are excessive compared to the quality of the food, making the experience unsatisfactory. Additionally, the service suffered from a lack of staff, resulting in long wait times for both food and assistance. The kids' room was also unwelcoming; it is dark and not inviting at all. I believe the restaurant needs to reassess its pricing and increase staff to improve service. It would also be beneficial to renovate the kids' area. I hope to see improvements in the future.",2,2024-10-16T09:40:52.528014Z,a year ago
ChIJ5w7VKHzbfkcRLk05kCZ_p0E,"Ribs eat all you can!!! Yummy 😋🤤 but there's new additional € 1.50 a contorni like french fries!!!!
It's my daughter birthday tomorrow...",3,2022-12-18T13:49:06.735269Z,3 years ago
ChIJ5w7VKHzbfkcRLk05kCZ_p0E,"Beautiful atmosphere, wonderful staff, went for the all you can eat promo. Zero regrets.
There was this guy from the staff with curly hair, amazing dude, made the whole dining twice as fun. Only problem is that you have to find the waiter everytime you finish, there's no call button on the table!",5,2023-08-20T20:19:49.077874Z,3 years ago
ChIJ5wIQ_0PFfkcRIYCwkH-ULPw,"Everything was fantastic! The food was delicious, and the atmosphere was amazing. The staff were very helpful, friendly, and always smiling. They spoke English well, explained the menu clearly, and helped us choose the right dishes. We had a great experience and would definitely recommend this place!",5,2026-07-08T19:52:50.305930061Z,a month ago
ChIJ5wIQ_0PFfkcRIYCwkH-ULPw,Yet another great experience of fine dining in Padua. Pepe Nero specialise in sea food and the quality taste is outstanding. The ambience is very elegant and service is great. The place can be quite full so remember to reserve a table in advance.,4,2025-07-11T21:07:32.085742326Z,a year ago
ChIJ5wIQ_0PFfkcRIYCwkH-ULPw,This review is for their service. Waited 20 minutes for them to come take my order. They didn’t even offer water or mention when they’ll come by for my order. The restaurant was not even busy so no excuse for the poor service. Had to leave.,1,2026-01-28T12:24:46.457624241Z,7 months ago
ChIJ5wIQ_0PFfkcRIYCwkH-ULPw,"I love this restaurant
One of my fav
Fresh fish Ever",5,2022-02-27T16:07:29.010233Z,4 years ago
ChIJ5wIQ_0PFfkcRIYCwkH-ULPw,Lovely seafood and nice wine! Strongly recommended!!!,5,2019-07-10T11:35:14.123512Z,7 years ago
ChIJ68pSrVvafkcRoNdTsxSjt9I,"I came here in the morning at 0655 and the bar was open. Good cappuccino and cornetto. The guy is amazing , we had lot of conversation.",4,2025-12-24T06:31:31.745849083Z,8 months ago
ChIJ68pSrVvafkcRoNdTsxSjt9I,"I saw some locals sitting inside. I'd been looking for a place to get myself a coffee anyway, so I figured I'd come in. The place did not disappoint me. Excellent latte macchiato, friendly service and comfortable chairs.",5,2025-03-22T15:01:56.779043Z,a year ago
ChIJ68pSrVvafkcRoNdTsxSjt9I,The best: fruit juices. It's a bit hard to find good juices but this place has it all. From coffee to fresh juices. The attention is kind and fast. Tables inside and outside. I was able to work from my laptop inside. They have AC inside. The tables outside have the view of the church.,4,2025-07-07T10:24:41.267575388Z,a year ago
ChIJ68pSrVvafkcRoNdTsxSjt9I,"I’m not sure if it still goes by the name “Mantegna Bar”, but it quickly became my favorite spot in Padova. Nestled at the foot of the beautiful Chiesa degli Eremitani and shaded by magnificent trees, it offers excellent (and inexpensive) coffee, delicious tramezzini, and warm, friendly service. Unassuming yet elegant—truly patavino in spirit.",5,2025-08-28T22:01:49.776170932Z,12 months ago
ChIJ68pSrVvafkcRoNdTsxSjt9I,"Excellent latte macchiato and delicious brioche, served by a very friendly lady. Cosy little cafe and great experience that we can recommend to everyone.",5,2020-08-01T17:51:10.105874Z,6 years ago
ChIJ6bwFA0bbfkcRiezgYBbVUEs,"I ate here the best pizza of my life. Also, the service was great! I felt amazing at their restaurant and i will surely return to Padova almost just to eat their pizza, but also see these wonderful people again. Thank you very much, La Mafaldina! It was a great experience. 🤗❤️",5,2026-08-06T17:44:30.986116099Z,2 weeks ago
ChIJ6bwFA0bbfkcRiezgYBbVUEs,"The place is beautiful. The pizzas are good without being exceptional. The waitress was friendly but it is not the case of the management. I was seated in a corner next to the toilet while the restaurant was more than half empty without possibility to change. The pizza I ordered was described as a white pizza in the English menu but it was not… in short, a disappointment…",3,2026-05-15T17:52:42.188687166Z,3 months ago
ChIJ6bwFA0bbfkcRiezgYBbVUEs,"Lovely place, great authentic pizzas and very nice owner. We sat outside. The place was frequented a lot while we were there, looks very popular. Great limoncello!",5,2026-04-30T07:47:49.445482504Z,3 months ago
ChIJ6bwFA0bbfkcRiezgYBbVUEs,"Pizza is ok, nothing special. Ingredients are good but they define the pizza as Neapolitan but it is too thin to be called that. The dough is too soaked and melts. Overrated. The place is modern and clean. The personnel are very kind and professional.",3,2025-04-06T19:36:11.971582Z,a year ago
ChIJ6bwFA0bbfkcRiezgYBbVUEs,"I cannot describe in words the feeling I had by enjoying pizza here. It's incredibly fresh and tasty. Seasonal pizzas are incredible. They were so good, I ordered 2 and wanted more.

There is a reason why Napoli pizza is human heritage and this pizzeria embraces that at its core.

Make sure you make a reservation with at least 1 or 2 days in advance and arrive punctually so you can enjoy it fully.

Angela's service was a highlight, she took good care of us. ⭐⭐⭐⭐⭐",5,2025-11-28T21:08:27.807991201Z,9 months ago
ChIJ6fqmbknafkcROH1K3hjA1HI,"Good food in a nice atmosphere, super friendly staff and a cozy place. Was there with some friends, we were able to have a nice chat with the lady that owns the restaurant, getting to know a bit more about her country and traditions. Place is not small, but able to give the family owned business that you may expect in a restaurant like that. They offered the first round of drinks, not bad. Overall a good experience, you should give it a try.",5,2025-03-15T00:29:24.280052Z,a year ago
ChIJ6fqmbknafkcROH1K3hjA1HI,"It is a Greek restaurant run by a very friendly Greek couple. They don’t speak much English but Google translate came to rescue.

The food was delicious. Another reviewer said that the food was not fresh for him. I am sure the owners would change the food or remedy it in some way if you talk to them.

It is a cosy place located in a rather unpopular place so it would require attention to find. Because of this I gave 4 stars for atmosphere.",5,2024-09-24T08:06:27.611236Z,a year ago
ChIJ6fqmbknafkcROH1K3hjA1HI,"I and my partner who happens to be Greek love this place this is the only review I have written but we have been many times over the years, the service is always great and the menu does change based on the availability of products which I see as a positive thing because everything is fresh and seasonal. I highly recommend getting a bunch of dishes for the centre of the table and everyone helping themselves to a little bit of each dish with sauces on the side and side dishes instead of individual meals. In order to really taste what they have to offer.",5,2022-07-05T05:36:49.226763Z,4 years ago
ChIJ6fqmbknafkcROH1K3hjA1HI,Costas the friendly manager met us at the door with great hospitality and was very welcoming. It was quiet inside but nice traditional decorations. We felt at home and the food was excellent. The tzatziki was particularly nice and we enjoyed the meatballs and gyros. We really enjoyed our time here and look forward to returning to try the rest of the menu.,5,2019-03-04T21:26:54.015712Z,7 years ago
ChIJ6fqmbknafkcROH1K3hjA1HI,"While the service and the atmosphere are nice, the food is definitely was the weakest part. it’s not the authenticity of the food, it’s the freshness and quality of the ingredients.

the owner and servers are way too nice, making it harder to leave a bad review.",2,2024-03-23T11:11:58.938658Z,2 years ago
ChIJ70wXNFLafkcR7nRuzPxnpas,"20251113 - favourite restaurant to always visit when in padova. Recommended to make reservations before coming. Restaurant serves italian cuisine and ordered tartare, huge steak and horse meat which they will serve and cut near your table. The meat are all amazingly fresh and tender, best eaten half cooked and half raw. Best paired with good selection of red wine they have. Truly one of the best dining you can get!",5,2025-11-17T00:48:33.151275529Z,9 months ago
ChIJ70wXNFLafkcR7nRuzPxnpas,"I had incredible experience having dinner there, they serve different kind of meat in a hot plate, desert were amazing",5,2026-07-19T23:45:15.456991839Z,a month ago
ChIJ70wXNFLafkcR7nRuzPxnpas,We went for the dinner tonight and had the best bistecca alla fiorentina in this trip! Very tender and flavorful. The owner and the staff are super attentive and friendly. The vibe is chic and perfect for the night out. We also tried the dessert and didn’t disappoint. Good quality and quantity ratio. Highly recommended it!,5,2025-08-13T20:18:32.119218581Z,a year ago
ChIJ70wXNFLafkcR7nRuzPxnpas,"They speak italian , english , arabic and german

The best food,  luxurious and very sweet staff.
It was our last meal for the visit and what a way to end our journey in italy for today
Risotto in flavours were the traditional way , our friend enjoyed meat selection,  and another enjoyed pasta
All was well
Thank you for making our night unforgettable",5,2025-09-05T21:44:39.408698943Z,11 months ago
ChIJ70wXNFLafkcR7nRuzPxnpas,"Recommended by my Airbnb host, I went to this nice restaurant to have some meat dishes. Nice tartare, I also got a side of quite good verdure alla griglia (with a grilled apple slice!). The tiramisu was soft and tasty, I was just disappointed I could not taste the risotto that they got from a huge cheese wheel for another table. Very quiet restaurant, old times furniture, gentle waitresses.",5,2025-04-01T17:58:22.365336Z,a year ago
ChIJ7TjA-1fbfkcRBJTn2FE_v9E,"Great food and great staff!
The service is quick and efficient .
The taste is excellent and dishes are very well presented .

what I love the most about this place is the balance between the rice and the other ingredients ( right amount of rice, no sugar in the rice and the thickness of the fish slices).

A must try are the crystal dumpling .

Also the decorations and the ambience is curated.

Well done to the waiting team and to the kitchen team!

Update to the review after a year:

They changed their menu and now they have new dishes that are extremely tasty and delicious. They also improved the ordering system so that you can order through your phone .",5,2023-11-07T09:13:15.596074Z,2 years ago
ChIJ7TjA-1fbfkcRBJTn2FE_v9E,"This is one of the best sushi restaurants I have ever visited. It has all you can eat option for a very good price. Sushi is great and very tasty, fresh and delicious. The menu has a very extensive variety with many options. My husband and I really enjoyed the food.
The service was excellent. All the staff was amazing and very nice to us.
It’s a pet friendly place, so we were there with our dog, Pedro.
🥰❤️🐶🍣🍣🍣
We would highly recommend this place. I’ll come back for sure!",5,2023-10-29T21:22:54.720885Z,2 years ago
ChIJ7TjA-1fbfkcRBJTn2FE_v9E,"The BEST traditional Sushi AYCE in via dei Colli ever.
#EmptyPlateReviews",5,2021-10-07T21:12:14.519898Z,4 years ago
ChIJ7TjA-1fbfkcRBJTn2FE_v9E,"Delicious and about 32 € per person in all you can eat, including water and dessert.",5,2024-04-02T17:41:43.734619Z,2 years ago
ChIJ7TjA-1fbfkcRBJTn2FE_v9E,"They are so nice staff, yesterday I went to order & told the girl that the last time they gave me a mistaken order just to be careful this time but she offered me part of my order fo free as an apology of what happened
Really nice & good quality sushi
Definitely will order from them more & more",5,2021-09-24T07:14:37.567063Z,4 years ago
ChIJ7Vch8JbcfkcRTW2mpOPn6dY,Fabulous food. Great service. Super comfy location if taking the road to Venice or Trieste.. just 10 min off the highway.. must book..,5,2026-02-10T12:31:56.912517706Z,6 months ago
ChIJ7Vch8JbcfkcRTW2mpOPn6dY,"Brusque service, its a steakhouse, confusing menu seems to give price per kilo but this is not explained",4,2025-12-20T11:52:59.210870903Z,8 months ago
ChIJ7Vch8JbcfkcRTW2mpOPn6dY,We stoped on our way to Pisa. Decided to get into daily italian life and try the kitchen in the restaurant. We don't read italian and we asked staff to explain us what we can get. In few words we've been told they don't like tourists. Simply stand up and walk out. Very unfriendly staff. Good luck being a normal human beings,1,2023-06-01T11:59:36.833413Z,3 years ago
ChIJ7Vch8JbcfkcRTW2mpOPn6dY,A very good experience not far from highway!,5,2026-02-22T09:11:33.605695554Z,6 months ago
ChIJ7Vch8JbcfkcRTW2mpOPn6dY,Enjoyed a wonderful meal at this restaurant a few days ago.  All the food was delicious as well as the wine and dessert.  Would highly recommend for those in the Padua region.,5,2017-07-14T23:49:09.340Z,9 years ago
ChIJ7WYYAF3afkcRXRbTkqzqdOI,"Brilliant authentic Chinese dishes (skip to the Sichuan section of the menu and beyond). Best Chinese food I've had since China (and I have tried and searched long and hard across Europe!).

The tastes and smells transported us back to China for an evening. In particular, I've been desperate to find a good braised eggplant (红烧茄子) after years of searching for this (my favourite dish) done well in Europe - try it out if you haven't before!",5,2024-05-12T21:33:52.330389Z,2 years ago
ChIJ7WYYAF3afkcRXRbTkqzqdOI,The restaurant is near the train station. It looks pretty small but is bigger inside. The waitress was super unfriendly and shouted at me when I wanted to go to the restroom without knowing that she is inside. The food looked completely different than in the pics and the plates were served super ugly with sauce on the side. The lamp stew was full with small bones. I wouldn’t go there again and I also do not recommend this place. Best to avoid it.,2,2025-05-04T09:57:51.474776Z,a year ago
ChIJ7WYYAF3afkcRXRbTkqzqdOI,"Kind staff, decent food.
But Korean Gnocchi taste was destroyed by all kimchi, and because of customers’ party it was super noisy.",3,2023-12-06T16:04:17.815664Z,2 years ago
ChIJ7WYYAF3afkcRXRbTkqzqdOI,We loved this restaurant sooo much. Can't wait to go back. They even have jellyfish 🪼.  I loved 😍 ❤️ it so much. Loved the duck. Tastes just like the kind I use to get in Beijing 🇨🇳. We can't wait to go back.,5,2023-04-08T20:17:40.545108Z,3 years ago
ChIJ7WYYAF3afkcRXRbTkqzqdOI,"Underrated place! The food here is really good, authentic and cheap. This is my go to place for a chinese food, because they have a lot of options for a very cheap price and the quality is good. We paid like less than 15€ per person and we ate a lot! The only downside is the service because some waiter cannot speak italian or english and the place doesn’t look fancy, but I think that’s what makes this place authentic.  You can always find a parking space outside the restaurant as well. All of my friends I brought here loved the place! Higly recommended!",5,2023-12-10T20:28:02.289577Z,2 years ago
ChIJ7xdt31XafkcRzKEm8X7M6l8,"Amazing! The food was delicious, the service was really friendly and the atmosphere was amazing. Good vegetarian options and dog friendly stuff. We highly recommend this place :)!",5,2026-03-28T08:14:16.477328663Z,5 months ago
ChIJ7xdt31XafkcRzKEm8X7M6l8,"Everything was delicious and we enjoyed ambience and bistro team hospitality. The only questionable ingredient was the roll with parmesan and fresh cheese, orange and pomegranate, where the parmesan roll was tough, not crispy, and not easy to cut with a knife (but everything else was delicious in that appetizer as well).",5,2025-11-01T07:42:05.524300039Z,9 months ago
ChIJ7xdt31XafkcRzKEm8X7M6l8,"I highly recommended this restaurant if you are in Padova. I had the rabbit and it was awesome. My partner had the prawns and my mother in law the cod fish. Everything presented and served beautifully. As chefs ourselves I can recommend this place to get a outstanding meal. Plus, the environment is beautiful too. Clearly decorated and running by women, because you can see how much attention to details they put into everything. 100% worthy a visit! Congratulations girls! With love, Cinthya, Gabby and Roseli.",5,2023-06-18T08:06:49.832569Z,3 years ago
ChIJ7xdt31XafkcRzKEm8X7M6l8,"OMG, this place is just amazing , the  service, the staff , and the  atmosphere, not to mention the food is so darn good 😋  5 stars are well deserved. If you ever have the chance to go there, try the daily menu. I strongly 💪 recommend this place.",5,2025-02-26T21:47:13.710019Z,a year ago
ChIJ7xdt31XafkcRzKEm8X7M6l8,"Nero di Seppia is a fantastic little restaurant located in Padua right where Ponte Corvo is (2 minutes from Saint Anthony's Cathedral).
At the helm is one of the most talented lady chefs I have ever had the pleasure of dining from.

The menu is simple and concise, yet every dish is a poetic symphony of flavors. The description, both in Italian and English truly showcase the creativity of the chef while constructing the plates.

We had four apetizers:

- Baccalà Mantecato -
A dish made of cod blebded with milk and spices untill it acquires a buttery texture (Mantecatura). Very traditional in the Veneto region.

- Braised Octopus with white Beans -
Simple yet elegant. The octopus was tender and flavoful which combined with the white beans and a drizzle of fresh Olive Oil created a smooth silky finish in your palate.

- Zucchini Flowers filled with Ricotta and crispy Kale -
This is another traditional dish from the north of Italy (Fiori di Zucca). Great flavor, crispy on the outside and soft and creamy on the inside. All of it with accompanied by a smooth and velvety sauce with saffron.

- Porcini Mushrooms with White Polenta and Gorgonzola -
Fresh Porcini Mushrooms are a seasonal find, nornally in the fall when you have rains. I am lost in words on how to describe the flavors of this excellent combination. White Polenta is a staple of Veneto's cuisine and to see this great simple dish stand out so beutifully was a truebsensory pleasure.

We concluded our meal by trying two desserts:

- Mille Foglie on the spot with fresh forest Berries -
Delicious ! (Look at the photos)

- ""Sugoi"" of grapes
A grape pudding (although with more texture) it was marvelous! (Chek the photos)

I HIGHLY recomend you ask the waiter to select a dessert wine to pair with your meal, we did and it was perfect.

All in all we spent 100 euros and as you can tell both of us left extremely happy.

Thank you again to the establishment for such a serene and flavorful experience.",5,2023-10-12T18:29:46.620269Z,2 years ago
ChIJ83sfle3afkcRpx-A3T8IKuo,"Best pizzas in Padova, they are made by golden hands of pizzamaker! Love this place!",5,2025-12-18T18:59:41.184679271Z,8 months ago
ChIJ83sfle3afkcRpx-A3T8IKuo,Fantastic small pizzeria with wooden oven. Great selection of pizza. Fresh ingredients.,5,2024-09-22T20:18:41.935435Z,a year ago
ChIJ83sfle3afkcRpx-A3T8IKuo,"This isn’t your trendy, Instagram-perfect pizzeria. Pizza Sprint is the real deal – an old-school pizza shack with zero pretension and 100% heart.

You walk in, grab your pizza, and that’s it. No neon signs, no sourdough lectures – just a proper thin-crust pie straight from a wood-fired oven.

Prices are low, the pizza is tasty, and the whole place has that comforting, slightly chaotic charm of a place that’s been doing its thing since forever.

If you like simple, cheap, and delicious – welcome home.",5,2025-05-28T11:06:00.173594Z,a year ago
ChIJ83sfle3afkcRpx-A3T8IKuo,Quick pizza. Fair price and easy to order.,5,2025-05-02T05:26:23.656279Z,a year ago
ChIJ83sfle3afkcRpx-A3T8IKuo,"Delicious, light pizza. Plenty of options for everyone. Very kind staff. Can eat in or take it to go. Would recommend!",5,2025-08-30T19:25:24.017285877Z,12 months ago
ChIJ85YGdmTbfkcRDmhnwekH9gI,"A pleasant and delicious family dinner, with authentic, tasty, quality food. The seafood paella was truly the best I've ever had, served individually in each pan. I tried a couple of tapas, which were also fabulous, and a white sangria that I highly recommend. I finished with a chocolate dessert and the classic Catalan cream, which had a wonderful flambé crust. I'll be back to try the Valencian paella, the jamon (Spanish cured ham), and the famous San Sebastian dessert. Congratulations!",5,2026-07-07T17:16:31.542969945Z,a month ago
ChIJ85YGdmTbfkcRDmhnwekH9gI,"A wonderful experience! Very kind, friendly, and cheerful service, very attentive to food intolerances, and a wonderful atmosphere.
The paellas were truly excellent, tasty and rich, along with the tapas (croquetas de jamos for 10)! The desserts were equally as good, one of the best crème brulee I've ever had.
I'll be back! Special mention to Chef Matteo, who came to greet the tables and chat with us with a warm smile.",5,2026-07-06T10:27:40.228535644Z,a month ago
ChIJ85YGdmTbfkcRDmhnwekH9gI,"Intrigued by this new Spanish restaurant, I have to say it was a very positive experience. The single-serving paella (I chose the Valenciana) was delicious and made with quality ingredients. The desserts were also excellent, as was the white sangria, fresh and light, a nice change (though the classic red remains the best for me). The staff was friendly, welcoming, and attentive to their every need. I'll definitely be back!",5,2026-07-27T01:38:20.635697134Z,a month ago
ChIJ89jmjVzbfkcRARn5AdCR7c8,"This JustIn
I just spent 5 months in Italy. I paid 100 euros for a meal, I paid 50 and I paid 20 euros for a meal. Here I paid 6. And the dumplings they made for me... I would commit horrible acts just to taste them again. Gods (mine and chinese) could not make meat this divine. And let us not forget the service. The lady ran out in the street to invite us in the first time and I am glad she did. Damn I wish I could kiss that woman. I would ask but she doesn't speak english. And of course let us not forget the karaoke, which was free with the meal. Gods I was a pregnant woman this time and my little brown babies made from these dumplings are uncountable",5,2026-08-04T11:11:47.547981738Z,3 weeks ago
ChIJ89jmjVzbfkcRARn5AdCR7c8,"I bought 5 different skewers, as 5 was the minimum required. They were 1.50€ each. They tasted nice. I could hear the karaoki the whole time whilst eating, it was a form of free live music in the restaurant. The toilet was huge, but the style of the seat was confusing. The hallway to the toilet smelled nice luke flowers. Overall it's an alright place to go.",4,2025-08-03T07:21:15.141122941Z,a year ago
ChIJ89jmjVzbfkcRARn5AdCR7c8,"The food is amazing, the prices are super fair and the staff very friendly and helpful. After we discovered this place, it has become a stable place to eat at, me and my boyfriend both love it.",5,2025-09-22T14:04:10.208669372Z,11 months ago
ChIJ89jmjVzbfkcRARn5AdCR7c8,"This type of Chinese food is no easy find in this part of Italy. So many Chinese restaurants in Italy feature the same dishes, for however good they might be, the menus vary little. I lived in Taiwan for about a year ages ago, this restaurant filled me with nostalgia and almost brought tears to my eyes. Finding this type of MaLaTang and Chinese-style fried street food in Padua was unexpected and wonderful. The staff was friendly, the tables clean, I already said everything else I needed to say: highly recommended.",5,2025-01-09T22:20:54.085717Z,a year ago
ChIJ89jmjVzbfkcRARn5AdCR7c8,"Food is so good , the vibe are amazing the workers are soo nice it's  a really underrated places hope more people discover it and i am definatly going again there ❤️",4,2025-01-30T22:43:47.492194Z,a year ago
ChIJ8XpQk0_afkcRfWV6hqLx_O0,Wonderful restaurant and a beautiful square full of people. Great food and great service,5,2026-07-22T12:49:59.353130109Z,a month ago
ChIJ8XpQk0_afkcRfWV6hqLx_O0,"We had lamb tacos, a bavette steak and a peanut-chocolate dessert.

I live in Mexico and the tacos were better here. The steak was perfect and the dessert was spectacular (and I'm not event a fan of gelato)

The wine list is very good and varied. We loved our wine as well.

Absolutely a restaurant to visit when you're in Padua!

The only slight negative comment i have is with the service: it was slow and the staff looked tired. Probably because of the heat and the upcoming vacations.",5,2025-08-10T11:59:00.116828700Z,a year ago
ChIJ8XpQk0_afkcRfWV6hqLx_O0,"Innovative and fine cuisine. Italian classics with a twist, I would say. I had Tataki di Cuore, which was delicious and made really good. Balanced seasoning and beautiful plating. Loved the ceramics & plates as well. The food is presented in a nice way. The Ragù was fantastic, I had Seppie with bottarga and pak Choi. It was good, but I do have to say the taste was too reduced, only slightly seasoned, so it tasted a little bit boring, which is not due to the quality of the product. Because this was high and impeccable. Super friendly service, we felt very comfortable! A nice place",5,2025-03-08T07:46:00.522763Z,a year ago
ChIJ8XpQk0_afkcRfWV6hqLx_O0,"Quite a nice place. We enjoyed the food here-- everything was tasty and the pink salad was special!

The only disappointing aspect was that they didn't have wine by the glass from Italy. They only had it by the glass from France which is a true pity because that's one of the great reasons to be in Italy--try some Italian wine!",5,2023-03-11T20:29:46.961732Z,3 years ago
ChIJ8XpQk0_afkcRfWV6hqLx_O0,"Wine list is one of the best in the world if you like natural wine, for example they have over 20 labels from domaine l’octavin alone. Food is modern and interesting, some very surprising recipes",5,2022-12-23T21:16:39.999560Z,3 years ago
ChIJ8agD-pzbfkcRzKsFHSE9vBk,"The food is good, on summertime you can enjoy lunch in the quiet and vasta garden.",4,2020-10-03T11:24:22.711042Z,5 years ago
ChIJ8agD-pzbfkcRzKsFHSE9vBk,"Bright, clean, welcoming, and well-maintained atmosphere
Quality, tasty food
Friendly, helpful, well-trained, and attentive staff
Suitable for family lunches and special occasions
Outdoor garden and parking",5,2026-04-13T21:02:40.563116833Z,4 months ago
ChIJ8agD-pzbfkcRzKsFHSE9vBk,"I went for lunch today with a colleague. The fixed-price menu is €20, which is reasonable, but not for the quality of the meat. If you only order a first or second course, you'll pay more than the fixed-price menu. The tables at the entrance are practically borrowed. I definitely won't be going back.",2,2026-04-09T11:51:32.790699842Z,4 months ago
ChIJ8agD-pzbfkcRzKsFHSE9vBk,"Beautiful location, both inside and out. We found the staff to be friendly, helpful, and welcoming. All the rooms are meticulously designed to welcome guests. The menu can be customized for groups. Good prices and delicious food. Outside, there's ample parking and a small green space.",5,2018-03-19T10:47:34.695Z,8 years ago
ChIJ8agD-pzbfkcRzKsFHSE9vBk,"I celebrated my wedding a few days ago at Villa Datteri Fasolo, an exclusive villa with ample parking, convenient to all areas of Padua. The garden was perfect for a welcome aperitif, impeccably clean, and the dining room could be customized. Cristina was kind and always available, with a special mention for Davide, who went above and beyond all expectations. When quoting, we were given the option of choosing from various reasonably priced meat and fish menus. We opted for a very good meat menu. The aperitif was simple, even too simple. We had requested a non-alcoholic bellini, but unfortunately there was only one bottle. It could have been better! Pretzels, stuffed olives, and classic pizzas. Here too, the menu could have been more varied. The first and second courses were perfect, using quality ingredients and cooked to perfection, with second helpings always available. The Val d'Oca Prosecco was always available at the perfect temperature. Due to a possible lack of prior agreement, our guests were disappointed that there was no grappa or digestif with their coffee. In any case, the value for money was excellent, so you couldn't ask for more.
I recommend this place to anyone who wants to celebrate an event with the exclusive benefit of a location, at the right price, and with good food.",5,2026-04-08T17:14:14.579380654Z,4 months ago
ChIJ8bOvVVvbfkcRMALWRV3IgOc,"Warm welcome, really good food. Dumplings are very tasty. The waiter was very nice and took his time to describe some of the dishes.
Overall good experience and fair prices.",5,2025-10-13T21:16:58.667858887Z,10 months ago
ChIJ8bOvVVvbfkcRMALWRV3IgOc,5 Stars! Simply delicious! The two of us shared 10 dishes – and every single one was outstanding!,5,2026-02-17T19:19:48.881407328Z,6 months ago
ChIJ8bOvVVvbfkcRMALWRV3IgOc,"The restaurant is small but well organized, in fact they have 2 sittings, one at 7pm and the other at 9pm. The service is excellent and the food is very good indeed, I highly recommend it for those of you who love Chinese home made dumplings!",5,2026-08-04T12:36:47.233330997Z,3 weeks ago
ChIJ8bOvVVvbfkcRMALWRV3IgOc,"Been back 2x now.
Photos are from first visit and second vist with to go order. Take home order.
Service is always beyond amazing.
Highly recommend.

We saw this place in a fb video. I took a screen shot so we could find it. This never showed on google when I looked up good Chinese restaurants and bao or dim sum restaurants.
This is now our favorite ❤️. I had some dishes I haven't had accurately in months. This place is perfect! If you don't like the food here, the problem is you not the restaurant because this place is perfect.
We loved the food. It was beyond amazing. Reminds of the food I had when living in Beijing and Hawaii. Service is wonderful. Everyone was so kind. And most speak English which helps. I can understand a few languages but I can be nervous having a conversation. But I can communicate when needed. Even though they were busy on a Tuesday. They gave each table perfect service. Our second black bao was forgotten in the order and we were charged for it. So we are considering that a tip to them instead of being upset about it. The restaurant was so busy. And they had 1 British customer causing a lot of trouble. I felt bad for his date and for the servers handling him. So why we were not upset over the kissing bao and tea. (Second order of tea was missing too, but we were not charged for it) mistakes happen.
Will still be going back often when we can. We live locally, but very busy traveling around Italy and the usa for work.
The price here is very good compared to other places. Most places way over charge and the food is a mockery. The food here is beyond outstanding ❤️. I lobe fusion style food too.",5,2023-07-30T13:01:50.772130Z,3 years ago
ChIJ8bOvVVvbfkcRMALWRV3IgOc,"The taste is so so, not authentic Cantonese dim sum. Over priced.",2,2025-12-22T09:01:42.422874566Z,8 months ago
ChIJ8cw2LlLafkcRoswH5B8vNBU,Nice food and good service. Feel the prices were high enough already without requiring a €4 per person cover charge. Still enjoyed a relaxing lunch.,4,2026-04-28T12:22:48.573180175Z,4 months ago
ChIJ8cw2LlLafkcRoswH5B8vNBU,"Had the best meal in Padova at this restaurant, food was excellent, and they were very kind to offer us some incredible “whipped” butter and bread. Lovely atmosphere and the service was excellent. Highly recommend this restaurant.",5,2026-05-17T16:03:39.960009039Z,3 months ago
ChIJ8cw2LlLafkcRoswH5B8vNBU,"I have had the pleasure of being served my Laura. She was the absolute amazing when it come to quality service. She was able to assist me and my friend with the drink selection and made sure that we wanted what we wanted. She did not make us feel rushed at all. Ensure that we had space to feel comfortable and welcome. Took her time translating the dessert menu for us as well and even called us a taxi at the end of the meal.

The food was amazing. Laura went into depth about the menu and what this place has to offer and as someone that is coming from the USA.

I high recommend this place if you are visiting Padova, Italy. Ask for Laura.",5,2023-12-21T10:01:55.225581Z,2 years ago
ChIJ8cw2LlLafkcRoswH5B8vNBU,"After an amazing tour-giro d’Italia, one that had only one thing missing, il buon cibo, we stumbled upon this hidden but refined gem of exquisite dining and wining that made our stay in Padova as tasty as it was spiritually changing. Messer Ferrari does for the palate and the taste buds what Saint Anthony of Padua does for the spirit. I highly recommend this amazing ristorante to all those who want to feel welcome, pampered, taken care of and special. The food is amazing, the cocktails are special, and the staff is perfectly attuned to every whim of the customer. They are the violin and patrons are the bow. I hope to come back one day to the same stellar food and treatment.",5,2025-07-23T21:02:58.023145690Z,a year ago
ChIJ8cw2LlLafkcRoswH5B8vNBU,"The taste of good in this place could be found everywhere. Starting from the forniture, passing through the personnel and going to the food. They serve hot, crunchy and special bread as starter and then if it is the first time there the menu is explained with precision. You could see not a big variety of dishes but all with higher quality and for me less dishes better quality. You could go through the famous cicchettis or first and second course. They have also good wines.
If you have the opportunity go and try their proposal you will be delighted for sure",5,2019-02-24T19:32:17.138018Z,7 years ago
ChIJ8f4ng37jfkcR3g4rsvJl1BY,"The wonderful small upscale restaurant by the riverside with an incredibly cozy atmosphere. The interior design is elegant and beautifully done, creating a perfect setting for a relaxing evening. The seafood menu was excellent, and the wine selection is simply outstanding. If you love turbot and tuna tartare, we highly recommend it. Thank you for such a lovely evening.only local.",5,2026-05-12T20:21:31.050598894Z,3 months ago
ChIJ8f4ng37jfkcR3g4rsvJl1BY,"Hi you! Go here if you want great fish!

We loved this cozy little place. The raw dishes are amazing - if you've never tried raw scampi or scallops, you've been missing out. The oysters were also fantastic, and we think we really liked the Italian Rosa alongside the classic Gillardeau - but only if you like lighter oysters. The pulpo was well cooked and the potatoes on the side were fried nice and crispy. To finish we really wanted something sweet, or actually just me, but what a great decision - guys try the vanilla ice cream and thank us later 😉 .",5,2024-09-19T21:09:42.694887Z,a year ago
ChIJ8f4ng37jfkcR3g4rsvJl1BY,I'd strongly recommend this small and nice reastaurant to all people who like fish food prepared in an excellent way!,5,2020-02-16T14:36:51.961361Z,6 years ago
ChIJ8f4ng37jfkcR3g4rsvJl1BY,"Great food, excellent service! Open late and we love seafood so it worked out perfectly",5,2025-10-22T18:39:32.939836833Z,10 months ago
ChIJ8f4ng37jfkcR3g4rsvJl1BY,Incredible bad service. Very rude.,1,2026-05-26T21:04:10.039224749Z,3 months ago
ChIJ8fJCx-7FfkcRbsCpzYXOikc,Really like it. Highly recommend. They even have a cute mascot.,5,2025-12-12T13:16:55.827567497Z,8 months ago
ChIJ8fJCx-7FfkcRbsCpzYXOikc,Delicious food and fresh ingredients.,5,2023-12-09T17:38:47.896261Z,2 years ago
ChIJ8fJCx-7FfkcRbsCpzYXOikc,"Very good and well decorated inside of the restaurant, it was chill and I had a lot of fun at my friend’s birthday",5,2023-12-22T18:07:58.278997Z,2 years ago
ChIJ8fJCx-7FfkcRbsCpzYXOikc,"Really enjoyed our visit, excellent meal in a great location",5,2024-06-11T06:29:19.817108Z,2 years ago
ChIJ8fJCx-7FfkcRbsCpzYXOikc,Top🍙,5,2025-02-01T19:00:54.103853Z,a year ago
ChIJ8yeLXpLbfkcRPPPPXnL-Bu0,"The place is quite spacious. Relaxed atmosphere and friendly staff. Pizza served by the slice. Large selection. The pizza is slightly crispy and  tastes good, but won't blow you away. The staff cuts it into small pieces, which makes it easy to consume.

You can also drink a good Italian espresso, well balanced,  not sour. A nice place, worth recommending.",5,2024-09-11T09:05:53.329854Z,a year ago
ChIJ8yeLXpLbfkcRPPPPXnL-Bu0,Some unusual and delish tasting toppings at a very fair price.,5,2026-07-09T06:33:08.018447306Z,a month ago
ChIJ8yeLXpLbfkcRPPPPXnL-Bu0,"The pizza was delicious, with fresh ingredients and great flavor. The staff were incredibly friendly and made us feel very welcome. Overall, it was a wonderful experience, and we would definitely recommend this place to anyone looking for a great meal and warm service.",5,2025-05-11T13:26:59.750923Z,a year ago
ChIJ8yeLXpLbfkcRPPPPXnL-Bu0,"This pizzeria is spacious.
Staff are relaxed, helpful and friendly. Pizza is served by the slice and there are quite some choices ready to serve.
My pizza is slightly crispy and tastes ok. It is cut into small pieces, making it easy to eat
The pizzeria also serves a good cappuccino and espresso. A nice, informal place worth visiting on your sightseeing tour.",4,2025-07-05T09:21:37.448194310Z,a year ago
ChIJ8yeLXpLbfkcRPPPPXnL-Bu0,"It was a very good stay with quiet surroundings and not too much of a crowd around. There were plenty of free tables and the staff was really nice and helpful!

I had a few slices of Margherita Crunches which were great, I only found the size of them a bit disappointing compared to a standard circular Pizza. I had to order two (4 slices in total) pieces to be satisfied with the amount.

The taste was really good and I do believe that the food is made freshly on-site.

Everything else was great!",4,2021-10-10T22:45:07.968813Z,4 years ago
ChIJ9-ODzDjbfkcRxzIVcHHfFF4,A super little Osteria tucked away from the main tourist area. Very popular with locals (lucky to get a table). The chocolate torte is to die for!,5,2026-05-19T08:55:14.408275842Z,3 months ago
ChIJ9-ODzDjbfkcRxzIVcHHfFF4,"Very nice local osteria
Looks old but nicely decorated
We had the hummus which was interesting and tasty with Sicilian bread and then the pasta with pollo and (forgot the other meat sorry 😔)
And of course as always insalata mista which was fresh!!! (Says a lot of the restaurant and the ingredients) service was excellent and the price was very decent and",5,2025-05-09T06:01:42.726821Z,a year ago
ChIJ9-ODzDjbfkcRxzIVcHHfFF4,"Ate here with my boyfriend a couple of weeks ago. There weren‘t many customers so it was nice and quiet. Service was very friendly and helpful. We also ordered a bottle of Lambrusco which was very good and only 20€. I only took one picture of the food sadly… But everything was excellent!
Would definitely recommend!",5,2024-01-13T17:36:31.292342Z,2 years ago
ChIJ9-ODzDjbfkcRxzIVcHHfFF4,"Nice osteria with good choice of meals at fair prices, very nice staff, can sit outside on a various seats, also for a drink, we had dinner- the meal was delicious, also very wide selection of wines, no reservation needed",5,2022-09-18T11:14:30.500440Z,3 years ago
ChIJ9-ODzDjbfkcRxzIVcHHfFF4,"Avoid. So many better restaurants in this town. The guy behind the desk was so unfriendly. Stood there for 5 min waiting to pay and just ignored me despite being the only one there. Look at my main, 4 mean little ravioli. Four! Friend's steak was good but hadn't been trimmed properly. Outside was lively but mostly drinkers, not eaters.",3,2024-06-07T19:53:21.914928Z,2 years ago
ChIJ92i1OozbfkcRRAvcwV45-Yg,The food is average but cheap,4,2026-08-11T14:54:11.625962730Z,2 weeks ago
ChIJ92i1OozbfkcRRAvcwV45-Yg,"Nice place. My cousin and I often stop here for lunch, then enjoy our meal while looking north along Via del Businello.",3,2026-03-23T09:37:31.466173221Z,5 months ago
ChIJ92i1OozbfkcRRAvcwV45-Yg,"Delicious kebab, accommodating, and wonderful staff!!!!! Just steps from the Basilica!!! Excellent!!!!",5,2023-04-23T11:57:28.952359Z,3 years ago
ChIJ92i1OozbfkcRRAvcwV45-Yg,Terrible,1,2025-10-16T13:13:27.090668929Z,10 months ago
ChIJ9R-vQf3afkcRA0Eae3FlG7c,"Cute little pasticceria with solid coffee and a wide variety of pastries. The atmosphere is relaxed and perfect for a quick breakfast or coffee break. Highly recommend the caffè shakerato — served in a martini glass and absolutely perfect for a hot summer day.

Definitely worth a stop if you’re in the area!",4,2026-05-28T08:34:24.817615803Z,3 months ago
ChIJ9R-vQf3afkcRA0Eae3FlG7c,"Go there in early mornings, so fresh and quality products, nice employees and good prices. The best in Padova for me.",5,2025-11-29T15:21:20.236581949Z,9 months ago
ChIJ9R-vQf3afkcRA0Eae3FlG7c,"The best: the decoration. Nice environment for having a coffee. Variety of sweets and others. Tried the small portion of Sacher, was regular because it was a bit dry. But the frittelle veneziana was better. The coffee was great, of course. Also the attention was super good. They ask for the green pass to eat inside.",4,2022-01-28T17:27:10.049402Z,4 years ago
ChIJ9R-vQf3afkcRA0Eae3FlG7c,They make amazing brioche (especially the one with pistachio 💚💚) along with other small pastries. The only downside can be that at the peak hours there are limited space however other than that I would totally recommend visiting 🫶,5,2024-02-17T21:14:08.565965Z,2 years ago
ChIJ9R-vQf3afkcRA0Eae3FlG7c,I’ve been here a couple of times and I can say the coffee and service are excellent! The pastries are pretty awesome as well. You should give it a try.,5,2023-11-23T10:28:38.291348Z,2 years ago
ChIJ9R5vPhfbfkcR753rt9GVfc4,Excellent pizza. Thin crust. The millefeuille dessert is so good.,5,2026-07-18T19:39:43.450052353Z,a month ago
ChIJ9R5vPhfbfkcR753rt9GVfc4,"Probably one of my favorite places in Padova!
Simply very delicious😋 everything I’ve tried so far I just completely loved.
Stuff speaks English, it is also a huge advantage.",5,2022-11-10T21:04:23.817277Z,3 years ago
ChIJ9R5vPhfbfkcR753rt9GVfc4,"We had a dinner here. Or at least we thought it will be a small dinner. We finished by having antipasti, pizza, deserts and drinks. Atmosphere was topical Italian. Everyone happy and talking loudly but not disturbing. Outside 36 * Celsius but inside..air conditioning 👍. We took a tabel at the second floor. Starting hour:19.00 on Sunday. 1 Aperitivo Casa, 2 lemonade, 1 cocktail of shrimps with a special sauce, 1 melanzane alla parmigiana (aubergine with tomato sauce and parmigiana), 1 pizza Massaria and 1 tiramisu + coperta= 56 €. Everything was delicious. The tomato sauce had no taste of canned one. So, nice place. If I ever come again in Padova for sure I'll not gone miss this place. 👍",5,2025-06-29T18:36:33.138283731Z,a year ago
ChIJ9R5vPhfbfkcR753rt9GVfc4,"During our travels through the historical cities of Italy, we also try to find authentic cuisine. Visiting Capovolta two nights in a row turned out to be more than a good choice. Pleasant environment, tasty food and great service with which we could experience very intense cheering during this year's football Euro match. A big surprise that the Italian restaurant serves our hearty and national Pilsner Urquell, although this time we preferred good wine. We tried pizza, gnocchi and pasta from the meals and everything was perfectly fine.
Greetings to everyone from the service and we hope that they are still rooting for the right team today.",5,2024-07-14T20:00:23.923235Z,2 years ago
ChIJ9R5vPhfbfkcR753rt9GVfc4,"Our favourite pizza restaurant in Padova. The first bite packs a nice and subtle crunch, followed by the tasty sauce and ample toppings! Overall an excellent pizza with quality ingredients. Shout out to the very friendly service ad well!",5,2020-01-22T20:51:38.487585Z,6 years ago
ChIJ9SUkWwDbfkcRv-ag9iu_whw,"Affordable price, tastes great",5,2026-01-04T20:49:58.524764548Z,7 months ago
ChIJ9SUkWwDbfkcRv-ag9iu_whw,"Everything is prepared in advance, you can just order it yourself, the price is reasonable, it's a large cafeteria.",5,2024-12-28T13:13:28.386254Z,a year ago
ChIJ9SUkWwDbfkcRv-ag9iu_whw,Affordable price and delicious taste,5,2024-08-20T14:45:57.941666Z,2 years ago
ChIJ9SUkWwDbfkcRv-ag9iu_whw,A fantastic restaurant,5,2025-04-17T19:39:51.599232Z,a year ago
ChIJ9UiTT_fafkcRut_yP1YsBsU,Food was simple and nice. Exactly home food.,5,2026-02-23T11:29:58.437490706Z,6 months ago
ChIJ9UiTT_fafkcRut_yP1YsBsU,"The best: the cheap menu. Spicy as it should be. The menu is just 10€ and is a full meal, it will fill u up for sure. Also the other menu items are good enough to fill u. The bread is really good, warm and fresh. The space inside is a bit small but there is not a lot of people here so it's not even necessary to book a table.",4,2022-11-13T01:20:20.508425Z,3 years ago
ChIJ9UiTT_fafkcRut_yP1YsBsU,The food itself is good but not anything amazing. But where it out shines every other indian restaurant in the town is the price. Amazing price and quantity.,5,2025-08-04T12:21:42.952442547Z,a year ago
ChIJ9UiTT_fafkcRut_yP1YsBsU,"This is one of my favorite spots in Padova!! I’ve both dined in and taken out several times and have had great experiences with both. They always deliver that complex burst of flavor that I expect from Indian food. There’s also such a wide selection. I’ve tried a lot of different things (naan, chapati, vegetable pakoda, butter chicken, chicken afghani, chicken biryani, chicken saag, gulab jamun, mango lassi…) and every single one has been really tasty. The portion sizes aren’t huge but the prices are really really good. Highly recommend.",5,2024-04-06T00:08:37.733925Z,2 years ago
ChIJ9UiTT_fafkcRut_yP1YsBsU,No no no. Giant hair in my food! I puked! Had to throw it all away too. Something about the place screams it is not hygienic. This is absolutely unacceptable 🤮😔. Also they serve everything in extremely bad quality plastic containers. I swear to god if you eat out of those you will definitely get cancer. Ugh. Can't believe they allow this kind of behaviour in Italy.,1,2024-08-17T01:05:37.680042Z,2 years ago
ChIJA12Qjl7afkcRjsEg1udYR78,"Ohhhhh... friends... prepare your bellies... it was delicious!!! No, not that!! It was legendary!!! Please, also leave room for dessert. I want to come back to this city to come to this restaurant again. Thank you so much ❤️",5,2025-12-06T20:32:20.709598487Z,8 months ago
ChIJA12Qjl7afkcRjsEg1udYR78,"The restaurant was closed, but we could eat in the afternoon. Only pasta was not available, because they make it fresh - in the afternoon - for the night. The seafood was fantastic, we loved it!",5,2019-12-22T16:45:13.241936Z,6 years ago
ChIJA12Qjl7afkcRjsEg1udYR78,"Amazing seafood restaurant in Padova.  Serve also Japanese sushi, sashimi.  Delicious deep fry mixed seafood platter.  Next to the restaurant it offers an exclusive delicatessen store with restaurant: Premium seafood distributor",4,2017-03-23T19:41:22.976Z,9 years ago
ChIJA12Qjl7afkcRjsEg1udYR78,"Nice restaurant. Good quality food, prices are fine, there is an average selection.
The environment is new and in good condition, very  well organised and nice furniture.
Staff were totally respecting the covid safety measures. I will come back for sure!",5,2020-06-26T10:18:46.741525Z,6 years ago
ChIJA12Qjl7afkcRjsEg1udYR78,very delicious seafoods and friendly staff,4,2022-05-20T22:39:39.176507Z,4 years ago
ChIJA3zgNvrafkcRa8_9QqpthRQ,"Our favorite pizza in Padova! The staff is friendly and professional, the food is great and the whole atmosphere is just great. High quality, fresh ingredients, great topping combinations. Our must try pizzas: Regina with fried eggplants (the absolutely best pizza ever), PPT, Sulimo, Giraffona, Novara and Melkor. But really don’t miss out the Regina, it’s a must.",5,2026-05-17T14:56:02.682103937Z,3 months ago
ChIJA3zgNvrafkcRa8_9QqpthRQ,"They offer a wide variety of pizzas, not just the classics, which is a great bonus for those looking to try something new. I absolutely loved the friendly and attentive service. The pizza sizes are impressively large, and the dough is perfectly soft, striking a balance between chewy and light. The toppings were fresh, and each bite was bursting with flavor. On top of that, the ambiance is warm and inviting, making it a comfortable spot to dine with friends or family. Overall, it’s a fantastic place for pizza lovers, and I will definitely be returning soon!",4,2024-08-20T14:47:55.750209Z,2 years ago
ChIJA3zgNvrafkcRa8_9QqpthRQ,"Visited the pizzeria twice, the service and food were incredible both times. The waiters are very friendly and kind. Personally I would suggest the fried zucchini flower pizza (Margo), as whenever I have a pizza craving, its always for this specific pizza. Will definitely be visiting again!",5,2024-06-16T21:24:58.174706Z,2 years ago
ChIJA3zgNvrafkcRa8_9QqpthRQ,"Very delicious pizza, nice staff. Friendly place.",5,2023-09-21T06:59:56.135011Z,2 years ago
ChIJA3zgNvrafkcRa8_9QqpthRQ,"Very nice pizzeria, and other typical veneto plates. Reccomended if you have an hotel nearby ( we have a little child and we went back twice in one week, as we wanted to avoid to walk in Padua centre, the food was delicious, and price fair).",5,2025-03-06T01:47:17.082571Z,a year ago
ChIJA68RmKjQfkcRCgjxHSwv-rs,"20251113 - always a favourite restaurant to come whenever i am in italy. Ambience was nice in this restaurant that used to be a villa. Ordered raw seafood platter that is always fresh, and amazing lobster pasta. Highly recommended to dine here.",5,2025-11-15T19:03:04.122321129Z,9 months ago
ChIJA68RmKjQfkcRCgjxHSwv-rs,I went for dinner on September 20 with a friend and his girlfriend.  The restaurant is excellent.  We ordered the raw menu and one was better than the other.  The service is very good and the wine list is good too. Also the menu options of pasta and cooked fish looked very good,5,2021-10-02T16:44:06.362299Z,4 years ago
ChIJA68RmKjQfkcRCgjxHSwv-rs,"At first glance, the restaurant looks beautiful and well-designed, so we genuinely walked in with high expectations. Unfortunately, things went downhill quite fast.

We waited quite a while at the entrance because no one was there to seat us. When we finally sat down, we chose the menu degustazione as it was recommended as “the best way to eat here.” Sadly, every course was a disappointment: overly salted dishes, rushed plate removal, and visibly agitated staff.

For a restaurant of this calibre, the service was surprisingly poor. Our wine wasn’t poured unless we specifically asked several times, and even then we were mostly ignored.

The worst moment was when a waiter dropped a mug from a plate. It shattered on the table, the liquid splashed everywhere including one of our coats and pieces of the mug remained all over. The waiter acted as if nothing had happened. No tablecloth change, no proper clean-up… we literally spent the rest of the evening with broken pieces under the table.

And to finish the night, there was an inexplicable queue to pay. Instead of bringing the bill at the table like in any proper restaurant, everyone had to stand and wait at the counter more like a market than a dining experience.

Overall, the entire evening from service to food was a big let-down. Definitely not what we expected, and unfortunately not somewhere we would return.",1,2025-11-16T10:15:55.701684085Z,9 months ago
ChIJA68RmKjQfkcRCgjxHSwv-rs,"We have organized dinner for bigger group (up to 28 people) and specified that we want to be in main room next to the pool and they have sent us a picture of place that we will be, so we confirmed that. Unfortunately they have placed us in some room that was not on the picture and that ruined our dinner…",1,2025-04-09T20:24:22.199238Z,a year ago
ChIJA68RmKjQfkcRCgjxHSwv-rs,Excellent diner. Well done,5,2017-10-02T20:20:07.207Z,8 years ago
ChIJAQB06u3afkcR1WEucC4PDUw,Great halal fried chicken spot. There wasn't one in the center but this one was great!!,4,2025-10-05T23:25:53.037103635Z,10 months ago
ChIJAQB06u3afkcR1WEucC4PDUw,good fried chicken and halal. open till night.,5,2026-04-25T10:22:37.908687136Z,4 months ago
ChIJAQB06u3afkcR1WEucC4PDUw,"just expensive for nothing the only one who charges 6€ for kebabb in tutta padova, the man doesn't even know how to wrap a tortilla, he literally wraps it with the aluminum insinde, and if you wanna eat it make sure you have a bucket beneath your mouth, because it will leak with sauces. the attitude of this guy is like if your begging him for it, maybe he doesn't know you are paying him 😏",1,2023-07-13T16:52:31.142869Z,3 years ago
ChIJAQB06u3afkcR1WEucC4PDUw,Not recommended expensive and no quality,1,2026-05-20T19:44:20.449516852Z,3 months ago
ChIJAQB06u3afkcR1WEucC4PDUw,Came from England and was struggling to find halal food. Had a fillet burger and wings and chips. Food was very good and fillet burger was a very decent size. Really pleased.,5,2023-07-07T17:51:53.789310Z,3 years ago
ChIJAQtKXRbXfkcR7Rqeuk3FXhc,"Beautiful restaurant with great seafood, I would recommend it. Even fish fry is super, you can also enjoy fried frogs and eels.",5,2017-07-29T23:35:46.118Z,9 years ago
ChIJAQtKXRbXfkcR7Rqeuk3FXhc,"A truly delicious lunch, from appetizer to dessert, with quality food in a truly welcoming and clean setting. Massimiliano and his team are truly special, always smiling and attentive to every need! Highly recommended!",5,2026-01-18T16:43:14.295268682Z,7 months ago
ChIJAQtKXRbXfkcR7Rqeuk3FXhc,"The restaurant has ample parking, a well-kept and bright interior, and good acoustics (no need to shout to talk). The staff is all super friendly and courteous. Seafood is their specialty, everything tasty and portioned appropriately. Reasonably priced considering the seafood they serve, and prices have been high lately.
Recommended.",5,2024-09-15T06:40:08.006391Z,a year ago
ChIJAQtKXRbXfkcR7Rqeuk3FXhc,"I dined at this restaurant a few days ago and ordered their classic fried fish. It was good, light but not as hot as you'd expect, and the portion of polenta accompanying the dish was minimal, which is why I gave it four stars. Otherwise, the service was excellent, the waiters very kind and attentive, and the restaurant was elegant and clean.",4,2025-10-21T11:25:45.508073268Z,10 months ago
ChIJAQtKXRbXfkcR7Rqeuk3FXhc,"The restaurant's quality has dropped dramatically since last year. On Sunday evening, there were about 18 people in total. The two young men who appear to be the owners, since they're the only ones you see, are very good and kind in handling all the requests and tasks.
The menu has been halved and the prices have gone up. 2 starters, 1 fried dish with a side dish, and 2 glasses of prosecco and water are over €70.
The quality of the fish has completely dropped. I don't know if there's been a change in management or a generational change. However, it's a real shame for the reputation of this restaurant, which is well-known in Padua.",2,2026-02-23T23:08:18.160239427Z,6 months ago
ChIJASJmccjafkcR6Wv502aAjZM,Unassuming spot with great food. Staff were very  friendly and helpful. I was looking for something smallish and had a simple Tagliatelle dish which was really good.,5,2018-10-11T10:02:01.302436Z,7 years ago
ChIJASJmccjafkcR6Wv502aAjZM,😍amazing!,5,2024-08-30T12:47:24.314647Z,a year ago
ChIJASJmccjafkcR6Wv502aAjZM,Excellent appetizers and fish-based first courses. The Taranto-style mussels are fantastic. The pizza is also very good. Helpful staff. Prices are average.,4,2018-08-09T18:46:11.317Z,8 years ago
ChIJASJmccjafkcR6Wv502aAjZM,"For 8 years, the Sapori staff has welcomed me like family every day! Recommended for those who love feeling at home and, above all, want to eat well!
Passion and quality come first!
Thanks guys!",5,2019-08-01T12:05:43.266061Z,7 years ago
ChIJASJmccjafkcR6Wv502aAjZM,"Quick lunches, friendly service, and excellent value. The always polite and warm staff ensure a relaxing lunch break, something we all deserve.",5,2025-04-21T15:00:35.529513Z,a year ago
ChIJATfzuL3bfkcRDaEgb0WagiA,"Best Mexican food I’ve had outside of the U.S. This place is fire!! The owner and workers are so nice and the food is exceptional. I’m a vegetarian and even for me the menu is inclusive and tastyyyyy! If you like a little kick get each of the salsas on the side to try on whatever you order! I love the spiciest one, the habanero one. It’s so good.

Anyways, I went back three times in the 2 days I was in Padova because it’s that good. I got the veggie tacos with grilled onions, peppers, mushrooms, cheese! So good. My girlfriend got the shrimp burrito with black beans, cheese, pico, guac, which I tried and was fire also!

The last time we went before leaving from our short trip, we got the churros which did not disappoint! They come with this hot caramel sauce, so good. We will get them every time from now on.

So happy we found this place while in Padova this time, we will be back when in Padova.

I think anyone would love the food.

Cheers!",5,2026-02-24T21:25:38.718836661Z,6 months ago
ChIJATfzuL3bfkcRDaEgb0WagiA,"My husband and I visited Mexicano Taqueria in February but I forgot to leave a review. Since we visited in February we have not stopped talking about their amazing tacos. We don’t live in Padua but have been trying to find time to make a trip back just for this restaurant (yes, it is that good). Very authentic tacos and salsa that is actually spicy. We were blown away by this little gem. We cannot wait to visit again!",5,2025-03-14T09:10:21.572748Z,a year ago
ChIJATfzuL3bfkcRDaEgb0WagiA,"A nice little street food place with big selection of mexican classics. It’s a bit pricey for this type of place, but the quality of food was very high and service great (they speak great english), so it was more than worth it. You have a big variety including vegetarian and seafood options. All in all a great place to stop for a quick meal. I would definitely recommend it!",5,2024-05-05T07:35:28.426662Z,2 years ago
ChIJATfzuL3bfkcRDaEgb0WagiA,"Amazing authentic street tacos, recently updated their menu so you can now choose between taco/quesadilla/burrito for each meat, seafood or veggie filling. Authentic Mexican food is something I miss a lot here in Padova, but especially seafood tacos which are impossible to find anywhere else, and theirs are amazing 😍 the only unfortunate thing is that they have no place to sit, but 100% worth it to find somewhere to sit nearby. 10/10 - must try.",5,2022-11-07T13:02:33.314124Z,3 years ago
ChIJATfzuL3bfkcRDaEgb0WagiA,"I’m Mexican in Italy for vacation and I really missed the Mexican food and flavor. I’ve been traveling around Europe and honestly I have tried other Mexican restaurants but it was okay.
But THIS place OMG, just one bite and I felt I was back in Mexico😭💗 the flavor is really really near to Mexican flavor. I had the burrito with carne asada and it was delicious!
A little pricey but is okay for what you pay and for the quality. I would loved to have chairs or tables were to sit but this is how we eat in Mexico sometimes😹 straight and with your Taco in the other hand.
The team is super friendly ✨ definitely worth it!",5,2024-07-25T19:40:51.358231Z,2 years ago
ChIJAYYtjDLbfkcRbhEnwoYqiS0,"This is a very cool and fancy restaurant in Padova that serves incredible Tuscan cuisine. The quality of the food is truly unique and worth the visit. The meat was super tender and cooked to perfection, the pasta sauce was rich and flavorful and the dessert was the perfect ending to the meal. The price-to-quality ratio is absolute perfection here. The atmosphere is elegant and stylish, making it a great spot for a special occasion or a fancy night out. We loved it!",5,2025-08-12T19:31:04.898900718Z,a year ago
ChIJAYYtjDLbfkcRbhEnwoYqiS0,"I went here with a local friend from Padova who recommended it as one of the best places for a Fiorentina steak 🥩🍷. The steak was exactly how it should be — soft, juicy, bloody, fresh, and full of flavor. The portion was generous too, enough to leave you completely satisfied with just one plate.

The wine list was huge (almost overwhelming for me 😅), but the staff were really helpful and guided us to pick a perfect pairing for the steak. That made the whole experience even better.

Everything from the food to the service was amazing and delightful. If you’re in Padova and want to try an authentic Fiorentina-style steak, this place is definitely worth it.",5,2025-10-07T14:40:04.087378354Z,10 months ago
ChIJAYYtjDLbfkcRbhEnwoYqiS0,"I don’t even know what to say.. I had some of the best meat I have ever tried here at this restaurant. The pasta was the best pasta I have ever tried, and the dessert was super delicious and well balanced. The restaurant was decorated in a very subtle yet classy way, and they played very nice, calm music. The service was amazing, they advised us in great detail about what to order and they were able to tell us about the dishes in great detail. I would definitely recommend the place to anyone who visits the area!",5,2024-08-01T20:13:18.873898Z,2 years ago
ChIJAYYtjDLbfkcRbhEnwoYqiS0,"Great restaurant, food was delicious and service was great, the waiter Martin was very helpful, nice and explained everything in English. Definitely to recommend!",5,2023-08-14T18:34:44.181163Z,3 years ago
ChIJAYYtjDLbfkcRbhEnwoYqiS0,The ribs were delicious. Friendly staff. Fast service,5,2026-08-06T09:33:18.532444927Z,2 weeks ago
ChIJAe9s5jnafkcRaYjYMRqHMQE,"We had some wine and dinner.  The service was outstanding.  We had the Paccheri which was absolutely outstanding.   Even though we spoke no Italian, we felt right at home",5,2024-05-06T15:40:57.510958Z,2 years ago
ChIJAe9s5jnafkcRaYjYMRqHMQE,"The best: outside tables. I Tried the aperitivo here, they gave you bread and nachos with the drinks. Also, dinner is good. Tried the grilled chicken with veggies, large enough that can be for 2 people. Unfortunately, they don't serve salads for dinner.",4,2022-05-22T01:12:11.152525Z,4 years ago
ChIJAe9s5jnafkcRaYjYMRqHMQE,Perfect for an aperitif with friends. Ended up to stay for dinner and found that they were serving great and tasty dishes. The patio is a great addition. Friendly and prompt service. Can’t ask for more!,5,2018-06-21T09:06:38.621Z,8 years ago
ChIJAe9s5jnafkcRaYjYMRqHMQE,"I recently visited Caffè Tinto in Padova, and it was a fantastic experience! The café has a charming and cozy atmosphere, perfect for relaxing with a cup of coffee or catching up with friends. The staff were incredibly friendly and attentive, making me feel welcome from the moment I walked in.

Their espresso is rich and aromatic, and I highly recommend trying their homemade pastries — they are delicious! The café also offers a variety of options, from breakfast to light lunches, all prepared with fresh ingredients.

If you’re in Padova and looking for a great spot to enjoy a coffee break, Caffè Tinto is definitely worth a visit!",5,2024-08-30T12:44:19.442234Z,a year ago
ChIJAe9s5jnafkcRaYjYMRqHMQE,"It is a nice place, bit snobish, with posh people and cars, ok service, good coffee, nice food, not expensive, neither cheap.  in the evening there is loud music, if you like!  I wish they would give me a teapot full of hot water for my tea, like, do you have a water problem or something? Anyway, if they did, i'd give them 5 stars :)",4,2019-03-27T20:17:47.005008Z,7 years ago
ChIJB0aslk3afkcRm1mMmkvJQi0,I went to this restaurant for dinner during the week. The starter and wine recommendation were very good. The fish for the main course and the dessert was also excellent. The dishes were creatively prepared and everything was of very good quality.,5,2024-10-18T07:36:14.780576Z,a year ago
ChIJB0aslk3afkcRm1mMmkvJQi0,"Just an amazing dinner tonight - purely by happenstance, we wandered this way - and the experience was “perfetto”.

Great food, great service - dining al fresco - could not have been happier. Not cheap, but worth the price!",5,2025-05-04T20:57:00.958947Z,a year ago
ChIJB0aslk3afkcRm1mMmkvJQi0,"One of the Best Fine Dining Experiences in Northern Italy

Tucked away on a quiet and charming street corner, this restaurant offers an exceptional fine dining experience. The atmosphere is warm and inviting, with a unique charm that makes every visit special.

Helena, the owner, is a perfect host, ensuring that every guest feels welcome and well cared for. The dishes are crafted to perfection—on an entirely different level of quality and execution.

I keep returning to this place with unwavering enthusiasm. Absolutely deserving of 5 stars!",5,2025-02-09T17:50:25.195051Z,a year ago
ChIJB0aslk3afkcRm1mMmkvJQi0,"Lovely meal: very friendly and professional service, creative dishes in a refined setting. This place is worth going a bit outside of the typical tourist path in Padova",5,2025-08-04T20:49:14.732025426Z,a year ago
ChIJB0aslk3afkcRm1mMmkvJQi0,"All aspects of our experience were up to par. Helpful and knowledgeable service, great ambiance, great food. Not a cheap meal but we felt we got value.",5,2024-08-27T17:46:37.390393Z,a year ago
ChIJB1oYfVTafkcROKMmIc_asJw,It is a nice place near to basilica but was sent away as they didn't have space for us even though most tables were empty. Not a very nice experience,2,2026-04-28T11:01:25.135224714Z,4 months ago
ChIJB1oYfVTafkcROKMmIc_asJw,"A very nice authentic restaurant. Perfectly placed close to hotels. Great pasta and great service. I had ordered seafood by accident, and when told about my allergy, they were very accommodating. They understood the mistake and prepared a new course for me. Service alone is deserving of 5 stars. Food is perfect with full portions.",5,2018-12-18T19:42:04.460625941Z,7 years ago
ChIJB1oYfVTafkcROKMmIc_asJw,"Hidden Gem nearby the St. Anthony Basilica. Simple but delicious food, felt like eating at gramma house. Great service and very attentive.",4,2025-01-10T17:01:58.201752Z,a year ago
ChIJB1oYfVTafkcROKMmIc_asJw,"Very friendly helpful staff. Not extremely fluent in English but made it work easily with patience and smiles. We felt welcome and highly recommend it to others
Note: We dine earlier than most locals when traveling and find that helps with our enjoyment.",5,2022-10-29T21:15:57.859094Z,3 years ago
ChIJB1oYfVTafkcROKMmIc_asJw,"Terrible experience. A plate of spinach which were obviously frozen, still in shape of cubes. Reheated pasta (with dry swordfish), so salty I could not finish the plate, I had to leave most of it despite the fact that I don't like wasting food and I normally always finish my plate. Waiter with a bit of an attitude. No discount or compensation were offered.",1,2023-05-18T17:02:13.526967Z,3 years ago
ChIJB345B3_bfkcRjJY8wh_HvpQ,"The menu is quite varied, but we came here to try the cutlet. It comes in two sizes: regular and XL, with various toppings. The regular one is already huge, crispy, and cooked well—really good, worth a try. The place is small but very welcoming. The staff is very friendly. I recommend it.",5,2026-01-08T20:17:49.698808455Z,7 months ago
ChIJB345B3_bfkcRjJY8wh_HvpQ,"Truly delicious fried gnocchi and excellent cutlet, large and well-prepared. The place is intimate and welcoming, perfect for a quiet dinner. The staff is extremely kind and attentive. Recommended.",5,2025-12-03T09:47:08.094577023Z,8 months ago
ChIJB345B3_bfkcRjJY8wh_HvpQ,"I went during a work lunch break.
It's located at exit 10 of the ring road.
A beautiful, modern, and well-kept atmosphere.
Friendly and attentive service.
Full menu for €15 (first course, second course, side dish, water, and coffee).
The food was very good.
Ample parking.",5,2025-04-24T21:30:52.695347Z,a year ago
ChIJB345B3_bfkcRjJY8wh_HvpQ,"I often go for the cutlet, which is the house specialty. It's very good and plentiful. The XXL portion is meant for two people, as it's hard to finish alone. The burgers and beers are also good. The staff are friendly and helpful. I recommend it.",4,2026-05-23T07:57:25.316251264Z,3 months ago
ChIJB345B3_bfkcRjJY8wh_HvpQ,"I had dinner here and had a great time. The service was fast, the food was good, and the prices were fair. The decor was a bit unusual, but that's fine. The only downside was the bathroom—you can't see the toilets without the backsplash.",4,2025-10-14T14:59:19.306574617Z,10 months ago
ChIJB87WE0zafkcRCTV01H6iEXM,"We had an amazing evening at Piave, the view from terrace is amazing, the old church and small bridge. The couple who runs the restaurant was very attentive to our needs, the service was amazing, the food was fantastic! We highly recommend herbs gnocchi and breated beef with merlot and soft polenta. The meat was super soft and delicious! Thank you so much!",5,2025-06-16T14:14:51.979018Z,a year ago
ChIJB87WE0zafkcRCTV01H6iEXM,I can’t recommend this place enough. We probably tried almost all of their starters and they were all delicious. The pappardelle was super tasty and so was the Panna cotta. The service is excellent and The atmosphere is perfect for a date night or a chilled dinner with friends. Prices are reasonable and the quality of the food is great!,5,2025-03-24T17:05:29.900398Z,a year ago
ChIJB87WE0zafkcRCTV01H6iEXM,We came here following all the positive reviews and weren't disappointed. Very good restaurant with reasonable prices and delicious local cuisine. They had menu in English and the waitress had enough English to communicate with us. Overall we had a great experience in this cosy and friendly hostaria.,5,2025-05-09T14:00:09.978105Z,a year ago
ChIJB87WE0zafkcRCTV01H6iEXM,"Cute restaurant with a vibrantly decorated interior full of color, friendly service and competitive prices.

Whilst small, their menu offers a good variety of choices. Each dish we tried was delicious and made with high quality ingredients. The baby cuttlefish cooked in squid ink served with creamy polenta were tender and tasty. Their tiramisu was to die for, so creamy, smooth and decadent, whilst their lemon sorbet with licorice liquor was refreshing and zingy.",4,2022-08-19T13:35:07.523425Z,4 years ago
ChIJB87WE0zafkcRCTV01H6iEXM,"A perfect night, and some of the best octopus, tartare, and eggplant I've ever had. Gorgeous plating. Creative use of beautiful ingredients, and excellent service. Seems like poor reviews are people complaining of ""small portions"", which is ridiculous to me, as we were fit to burst by the end of the meal. Worst case, the prices are so reasonable, just get an extra dish. ;)",5,2024-07-15T21:53:07.458867Z,2 years ago
ChIJBS7oD3DbfkcR57EjMZBjJoo,"I’m pretty positive that their pizzas are top, but today I decided to try a kebab and I really think they shouldn’t sell kebabs at all. Their specialty is pizza, not kebab. It didn’t really taste like kebab unfortunately.
Other than that, they are very friendly and provide good service",4,2023-12-26T17:18:06.996662Z,2 years ago
ChIJBS7oD3DbfkcR57EjMZBjJoo,"Perfect pizza, perfect service, we enjoy every second of visit and every piece of pizza. Grazie!",5,2022-08-14T19:33:19.611537Z,4 years ago
ChIJBS7oD3DbfkcR57EjMZBjJoo,"I recently discovered this takeout pizzeria and I think it's the best in the Forcellini-Terranegra area. Crispy, not-too-thin dough, well-balanced, good-quality ingredients, and most importantly, it's still crispy when it gets to your door!
It's now a regular Sunday spot! Well done 👏",5,2021-03-21T09:52:01.998126Z,5 years ago
ChIJBS7oD3DbfkcR57EjMZBjJoo,"I've ordered delivery several times, and the pizzas are generally very good. The delivery guys are friendly, knowledgeable, and very fast. Unfortunately, the last time I went, I had a mishap with the pizzas (I've attached a photo), which were very burnt. It was a strange mistake that I hope won't happen again. Highly recommended if you want a medium-good pizza at a good price! (P.S.: The loyalty card and scratch-off ticket service with pizza delivery is brilliant!)",3,2024-08-07T11:01:18.536964Z,2 years ago
ChIJBS7oD3DbfkcR57EjMZBjJoo,"A positive and excellent review, and I rightfully give it 5 stars.
The dough is thin and crispy to perfection, and the pizza chefs are always very kind and friendly, always available to make pizza even after closing time.
The ingredients are fresh and beautifully combined.
Highly recommended and the best in the area.",5,2020-07-21T21:42:47.536089Z,6 years ago
ChIJBb1yxznXfkcRBEoFKAFQ3Vo,"Great location, good food.. too bad for the staff. Not polite and making weird faces. Smirking to each other about us customers.",3,2025-07-14T20:23:20.566302684Z,a year ago
ChIJBb1yxznXfkcRBEoFKAFQ3Vo,Very slow service for a small order have to wait for hours,1,2026-02-09T18:26:42.581259238Z,6 months ago
ChIJBb1yxznXfkcRBEoFKAFQ3Vo,"One hour and a half to eat. Got our food 40 minutes after sitting, cold, and drank coffee with all our plates still on the table. Terrible service by an arrogant young girl. Definitely terrible.",1,2023-07-15T12:38:02.607446Z,3 years ago
ChIJBb1yxznXfkcRBEoFKAFQ3Vo,"Kind staff, good and delicious  food.",4,2023-11-30T10:37:04.322859Z,2 years ago
ChIJBb1yxznXfkcRBEoFKAFQ3Vo,"It's the best stake house, it offers you variety of meat to choose from the menu, and also drinks.",5,2023-12-15T13:09:48.165781Z,2 years ago
ChIJBwvSgwHbfkcRuUGcFbq9x58,"Loved Simons Bistrot. We were staying in the area and were recommended the restaurant by a local. It is a relaxed, beautiful space and the food was amazing. We had 3 courses and wine, and enjoyed everything we ate. In particular the sun dried tomato pesto, stuffed courgette flowers,  the beautifully cooked steaks and I loved the tiramisu. Plenty of choice, seafood looked amazing and the service was relaxed. Would definitely visit again",5,2026-05-02T07:51:36.359267855Z,3 months ago
ChIJBwvSgwHbfkcRuUGcFbq9x58,"We had a great meal at Simon’s Bistrot when we were visiting Padua. A nice walk from the busy tourist centre we found this delightful restaurant in a calm, traffic-free setting.  The staff were welcoming, friendly and helpful to a pair of predominantly English speakers. The menu was well designed and a couple of kilometres down the road from the standard Italian restaurant fare. Drink choices were great and advice on local and Italian wines was appreciated. We thoroughly enjoyed our evening meal and experience at Simon’s Bistrot.",5,2024-06-05T18:55:18.146200Z,2 years ago
ChIJBwvSgwHbfkcRuUGcFbq9x58,"Amazing food, great location, lovely staff",5,2026-05-23T22:18:00.574700170Z,3 months ago
ChIJBwvSgwHbfkcRuUGcFbq9x58,"This restaurant was great! Excellent staff, excellent food, amazing atmosphere. We would definitely eat here again.",5,2023-06-24T20:17:03.919083Z,3 years ago
ChIJBwvSgwHbfkcRuUGcFbq9x58,"Beautiful food, which had great flavour and presentation, served in a lovely setting.",5,2026-04-29T05:53:28.929247207Z,3 months ago
ChIJBxn4IFDafkcRcd3Be1cyAUQ,"Lovely place, beautiful service, nice atmosphere and kind stuff. Aperol 5 euro is this a joke? I mean compare to other places in italy, i find this is quite cheap especially for this location. Love been there.",5,2026-04-26T10:50:55.059524510Z,4 months ago
ChIJBxn4IFDafkcRcd3Be1cyAUQ,Nice food. Good price. Polite staff.,5,2026-04-18T17:36:47.170985514Z,4 months ago
ChIJBxn4IFDafkcRcd3Be1cyAUQ,The staff was very nice. Good food. Nice atmosphere!!,5,2026-04-18T13:18:01.829915967Z,4 months ago
ChIJBxn4IFDafkcRcd3Be1cyAUQ,The drinks are fine however a bit overpriced. The service is zero. The stuff was more than unpleasant. Not very nice experience. By the way a waiter is cute guy.,2,2024-10-27T19:28:54.423816Z,a year ago
ChIJBxn4IFDafkcRcd3Be1cyAUQ,Came here for a quick drink before dinner. The ambience and small plates are satisfying.,5,2024-06-22T20:58:55.996530Z,2 years ago
ChIJC1-qR07afkcRe3IipdQB_Rg,"An excellent pizza experience—light, flavorful, and made with top-quality ingredients. I visited with my partner, and we thoroughly enjoyed both the classic options and one of the house specials. I loved the pizza topped with fresh rocket!

The cooking is spot on, with no burnt areas, which is rare and much appreciated—especially considering this is one of the few traditional wood-fired ovens still permitted in the city center. The dough is perfectly leavened, making the pizza incredibly easy",5,2026-04-04T20:37:07.612575090Z,4 months ago
ChIJC1-qR07afkcRe3IipdQB_Rg,Great pizzas for fair prices. Many options to choose from. Recommend!,4,2026-05-19T11:20:56.659427223Z,3 months ago
ChIJC1-qR07afkcRe3IipdQB_Rg,"Very good pizza, light, tasty and high quality! I came here with my family and we enjoyed both the classic types (but I ordered the famous ""soppressa"" salami on top, typical of this region) as well as the Specials (the one with ""Puntarelle spadellate"", delicious!). My regret is that I did not taste the pizza with trufle on top (I could only envy the scent of it from the table next to ours).
The cooking is perfect (no burnt areas that could be unhealthy, and this one of the very few ancient wood oven still authorized in the city centre) and so is the leavening (very easy to digest).
The staff was very kind and helpful for all our requests.
In summary, do not miss this ancient Pizzeria if you travel to Padua!",5,2025-11-09T08:59:44.081615518Z,9 months ago
ChIJC1-qR07afkcRe3IipdQB_Rg,"quiet atmosphere, smaller place but nice looking. the pizza was excellent, and the girls who work were nice! Mortadella with pistachios is the best!",5,2026-02-13T11:31:06.539390727Z,6 months ago
ChIJC1-qR07afkcRe3IipdQB_Rg,"I really enjoyed the thin-crust pizza I ordered here. It was light, crispy, and topped with fresh ingredients that made every bite flavorful. The quality is clear, and it feels like care goes into the food. My only complaint is that the prices are a bit on the high side compared to other spots. That said, if you’re looking for a well-made thin pizza, this place is definitely worth a visit.",5,2025-08-18T06:04:06.363635897Z,a year ago
ChIJC2jcehvbfkcRh1UVp5GEVqk,"we always eat here food was is ok but today we try to beef biryani🤮i never ever try this kind of bullshit beef biryani, i take 2/3 spin then i send back🤮🤮",1,2024-12-24T13:46:56.101733Z,a year ago
ChIJC2jcehvbfkcRh1UVp5GEVqk,I love samosa and tea here. It's cheap and very good taste,4,2024-03-05T13:42:23.430992Z,2 years ago
ChIJC2jcehvbfkcRh1UVp5GEVqk,Good 👍,5,2026-03-11T23:01:26.592460673Z,5 months ago
ChIJC2jcehvbfkcRh1UVp5GEVqk,"It's a nice restaurant..... You can find every kind of food , they display . Also have drinks..",5,2025-01-22T17:50:52.443456Z,a year ago
ChIJC2jcehvbfkcRh1UVp5GEVqk,"If you want to grab something quick in the night, the place is perfect",3,2024-10-18T18:55:05.255984Z,a year ago
ChIJCSX0Ec_efkcR4KNekrBbwSY,"I had steak  here 2 years ago and last night that i thought of having steak, it was the first and only place which came to mind. They make the best steak ! Also the owner is very sweet and lovely.",5,2026-06-13T09:53:26.502141950Z,2 months ago
ChIJCSX0Ec_efkcR4KNekrBbwSY,"The worst restaurant in Abano Terme, that's probably why it was empty, three tables were occupied all night. Anyone who writes a positive review about this restaurant is LIING. The dish looks nice in the pictures but it's inedible. We ordered Picanha, we got meat that was inedible, tough, full of veins, and most importantly, totally tasteless, they put some spices in it, trying to give it at least a little flavor, but without success. The food was disastrous, but the restaurant staff was even worse. No one speaks a word of any other language except Italian, I understand that, but to have them start shouting at you because you don't understand them, that's terrible. And finally, the biggest surprise. Since you don't know Italian (google translate doesn't help, I tried) you order a specialty and when you pay they charge you 30-40% more meat because you're buying a piece of meat that you haven't seen and that no one told you how heavy it is, but since no one speaks a foreign language, they can calculate it for you as they please.  Zero stars is a lot for this restaurant

I still have to write a response to the owner.
You can lie on me as much as you want, whoever ordered a dish that is sold by the kilo, most of the reviews of your restaurant are the same as mine. You are obliged to tell people when ordering such dishes or show them if it is packaged and already weighed, how much it weighs. No normal person would order for two people! 1.5 kg of meat, but it is not worth it for you, you rather violate EU law and cheat people when it comes to payment.",1,2025-10-02T13:45:04.585049443Z,10 months ago
ChIJCSX0Ec_efkcR4KNekrBbwSY,"Absolutely the best steak in Italy. Better than the steak I had in Florence. We do not speak Italian but we understand everything the waitress was saying to us. Get the house red wine! Amazing!! Great hospitality, wonderful people cooking and serving. I felt like I was at my Aunt's house for dinner!! Please go and support this restaurant!",5,2025-09-30T20:43:12.381643996Z,10 months ago
ChIJCSX0Ec_efkcR4KNekrBbwSY,Absolutely amazing place to eat a nice steak. The dessert was Absolutely amazing as well.,5,2026-01-23T09:03:31.281740304Z,7 months ago
ChIJCSX0Ec_efkcR4KNekrBbwSY,"The food here was incredibly delicious! The staff doesn’t speak English, I think it is a family owned restaurant but the food and service were exceptional. With google translate communication was doable.

I don’t think many tourists come here, since it’s quite far away from the centre and the food was extremely affordable!! 10/10 experience, I highly recommend.",5,2025-08-15T19:15:18.406730862Z,a year ago
ChIJCaSpX63bfkcRXfPBJk32k-U,"A small Roman takeout deli located on Padua's most popular university student street. Very small, seating a maximum of 4-5 people, it offers a good variety of options: pizza by the slice, meatballs in tomato sauce, sausages, Ariccia porchetta, chicory, broccoli rabe, and other options that I believe change weekly (if not daily). Everything is cooked on-site, including the bread, which deserves special mention. The owner is courteous, helpful, and full of information. Highly recommended.",5,2025-09-15T08:21:44.138464266Z,11 months ago
ChIJCaSpX63bfkcRXfPBJk32k-U,"10 stars! A slice of Rome in the historic center of Padua. The Roman pizza I ordered for takeout was delicious, and the supplì were crispy and definitely made to order. The owner was very kind, calling me after I placed my order to let me know that some of the supplì I'd ordered weren't available and replacing them with others, which were equally delicious (I recommend the burrata and anchovy one). I'll definitely be back in person!",5,2025-05-17T18:56:40.759319Z,a year ago
ChIJCaSpX63bfkcRXfPBJk32k-U,"I've never actually been to the pizzeria, but I've had pizza there because a friend got it for takeout. The pizza wasn't great, burned on the bottom and a little sticky.
I also believe it's more dignified to take criticism and improve rather than accuse.",1,2026-01-16T13:13:50.199871350Z,7 months ago
ChIJCaSpX63bfkcRXfPBJk32k-U,"I had two small pizzas at Campo de' Fiori. The place is intimate, great for takeout, and the very kind owner prepares Roman-style pizzas, meatball sandwiches with pecorino sauce and broccoli rabe, porchetta sandwiches, and first courses of the day. Super fair prices, perfect for the university street of Padua.",5,2025-02-28T23:38:15.676081Z,a year ago
ChIJCaSpX63bfkcRXfPBJk32k-U,"Spectacular place... They just opened, so I wasn't familiar with them, but if you get a chance, definitely stop by. The staff is friendly and helpful; the owner patiently explained and showed me the products and how they make them by hand. Needless to say, the Roman-style pizza by the slice is truly delicious. Plus, the prices are reasonable; a slice of Margherita costs €2.50, and it's well worth it. I'll definitely be back; I invite you to check it out!",5,2024-11-06T23:01:49.225107Z,a year ago
ChIJCashe1bafkcRGBr5ePb9uNo,"We really enjoyed an informal meal here on a Monday night when the town was quiet and most restaurants were closed. The food was local, authentic and tasty. There are plenty of drinks to choose from and the place felt friendly and welcoming.",4,2025-07-22T06:27:43.168038431Z,a year ago
ChIJCashe1bafkcRGBr5ePb9uNo,"A small bar with a pleasant atmosphere. It is further away from the noisy main street, so it is not always full of tourists either. There is a daily menu, the coffee and aperol are delicious.",4,2023-08-23T13:14:42.595011Z,3 years ago
ChIJCashe1bafkcRGBr5ePb9uNo,"Bar with vintage decoration, all wood and alcohol bottles everywhere. The thing that got me the most was the fact that it is written the type of coffee you are taken. When I was there there were 2 types (both arabica): one from Nicaragua and the other was a mixture of different origins. The owner is nice. Also the little pastry seemed good but I didn't try them.",4,2022-01-27T22:46:55.089682Z,4 years ago
ChIJCashe1bafkcRGBr5ePb9uNo,"Small but very kind snack bar. Large variety of choices, perfect and tasty meals. The bartender is a tipical and very friendly Italian.",5,2018-03-29T18:16:32.669Z,8 years ago
ChIJCashe1bafkcRGBr5ePb9uNo,"Owner is really professional, drinks were great as the food.

In the end I asked for shot of grappa and my God!
It was the best grappa I ever drank in my life.

Then we had polite talk about our cats (owner's cat pictured below, also the great grappa that I ordered.)

Overall - very nice.",5,2022-09-24T15:56:20.417506Z,3 years ago
ChIJCbFpfInafkcRMph8GXCpZdU,Very good gluten free pizza and normal pizzas were good too. Service excellent and everyone enjoyed,4,2024-01-15T08:49:25.727641Z,2 years ago
ChIJCbFpfInafkcRMph8GXCpZdU,Cosy and nice place with good quality pizzas.,4,2023-05-21T00:00:27.961292Z,3 years ago
ChIJCbFpfInafkcRMph8GXCpZdU,Delicious food and super friendly staff.,5,2026-06-08T17:38:09.691784937Z,2 months ago
ChIJCbFpfInafkcRMph8GXCpZdU,"Good Pizza and a lot of options. Very kind staff! There is also one vegan pizza on the menu ""vegana"", a simple vegetable pizza with no cheese, but it's nice that it's on the menu and has been thought about.",4,2024-10-21T22:47:50.244069Z,a year ago
ChIJCbFpfInafkcRMph8GXCpZdU,"Went here for dinner, the pizza was very good, it really hit the spot. The staff was friendly. Everything on the menu seemed decently priced. If you are looking for a good pizza this Is the place to come. Also I dont think I have ever seen so many different kinds of pizzas on a single menu before so try something you never had before, you'll be pleased you did.",4,2018-05-08T20:55:23.451Z,8 years ago
ChIJCzjz_1vafkcR2rQEw0UQitc,"Really nice aperitivo served with snacks for local price (3€ for a spritz).
Good service.",4,2019-04-26T18:38:41.149355Z,7 years ago
ChIJCzjz_1vafkcR2rQEw0UQitc,"A very nice place to have a cup of coffe, or a spritz.
I pass it before lectures for a coffe, and after - for a spritz.
Prices are surprizingly low.",5,2024-04-23T19:02:13.651465Z,2 years ago
ChIJCzjz_1vafkcR2rQEw0UQitc,Really nice place good environment and Wi-Fi free with really fast speed today I was there waiting for my bus it's just front of the Flixbus stop... really good and friendly service.. Thank you Guys 🇵🇰❤🇮🇹❤🇵🇰❤🇮🇹❤🇵🇰❤🇮🇹❤🇵🇰,5,2018-09-05T11:32:15.619709Z,7 years ago
ChIJCzjz_1vafkcR2rQEw0UQitc,Rather tastless food.,2,2023-10-04T12:19:32.614734Z,2 years ago
ChIJCzjz_1vafkcR2rQEw0UQitc,"This small restaurant faces Piazzale Boschetti, almost on the corner of Via Trieste, under the portico.
Reservations are recommended for lunch. A good selection of both first and second courses. They don't charge a cover charge.
Fast service.
It's just a few minutes' walk from the Arena gardens and the historic center.",4,2025-10-21T13:00:17.073765135Z,10 months ago
ChIJD02xx0bafkcR7Vp6qUbuKlg,"Lovely Italian trattoria with solid down-home cooking! They have a beautiful, green and very spacious shaded indoor courtyard. There are 5-6 tortoise roaming around freely, a great pleasure for the kids.

The service was polite, efficient and the dishes were served in a timely fashion. The food was tasty and honest. The spinach tarts with Parmesan cream were light, airy and just melted in the mouth. The handmade bigoli with aubergines were perfectly al dente, and the tomato sauce was flavorful. The Guinea fowl was fall of the bone tender, and the sweet and sour raisin and pine-nut sauce was a delicious combination.

All in all, a great place in the center if Padova to enjoy generous, honest home cooking.",4,2023-09-03T21:14:05.335765Z,2 years ago
ChIJD02xx0bafkcR7Vp6qUbuKlg,"Amazing Padova hidden local food place, food is very tasty, cook with heart, the restaurant decoration is traditional & beautiful.
Run by a family with half century, everyone of family member doing their role in the restaurant, they all smile with professional manner.",5,2019-08-18T12:55:51.301435Z,7 years ago
ChIJD02xx0bafkcR7Vp6qUbuKlg,Since 1956 family run restaurant. Beautiful garden with tortillas. The lamb was that soft that u don’t even need to use a knife. Totally recommended,5,2020-07-18T12:34:11.820478Z,6 years ago
ChIJD02xx0bafkcR7Vp6qUbuKlg,We had a lovely meal here abd the service was faultless.,5,2026-01-18T11:41:41.165108676Z,7 months ago
ChIJD02xx0bafkcR7Vp6qUbuKlg,"Amazing location. You are sitting beneath vine, (can also be closed, if rainy) and theres a real big grill, with a huge fire in the back, visible for all. Food is tasty and more than enough - also very recommendable  is the Grappa",5,2021-07-27T09:29:29.232401Z,5 years ago
ChIJD1J4l1DafkcRv9L1ufyvcHo,"The food was delicious. They have a great selection and everything was done the way you would expect it. If you want Italian food, this is a great choice. Prices were excellent too. I can highly recommend this place. Why only 3 stars? Service was rushed. Yes, we were slow to order due to a late arriving member of our party. Still, I don't appreciate plates being collected the moment you put down your fork. Maybe you would call it efficient or prompt. I thought it was unnecessarily rushed. Either way, people were very friendly and this is an excellent choice for your dinner in Padova. Lunch is supposed to be a buffet, but I didn't try that.",3,2026-06-24T08:48:44.200200552Z,2 months ago
ChIJD1J4l1DafkcRv9L1ufyvcHo,"We had heard very high praise from friends about this place, specially for its Pizza. We ordered a Carbonara and a Verdure. They were very good! Just that I requested the veggies to be cut small in size for my pizza which was totally denied by the waitress, other than that, it is a very nice place for a dinner! The ambience is classic! 👌🏻",4,2026-02-10T20:43:18.614081299Z,6 months ago
ChIJD1J4l1DafkcRv9L1ufyvcHo,"I had to wait 40 minutes for two pastas dishes that had no taste at all. I'm not sure if it was because there was a party at the restaurant, but still this was a very unpleasant experience and there is no excuse for such a long waiting, maybe because there were only three waiters working and they seemed to be really busy.",2,2026-07-02T21:36:56.446718601Z,a month ago
ChIJD1J4l1DafkcRv9L1ufyvcHo,"Traditional cusine from veneto, good quality and reasonable price",5,2026-05-26T22:07:53.614610394Z,3 months ago
ChIJD1J4l1DafkcRv9L1ufyvcHo,"Great place to come for a self service lunch. Everything is very fresh.
You come in and grab a tray and you'll have all the food in front of you to pick from.
Plenty of seating space.
Seems to be popular with locals and could get quite busy during peak hours.
Highly recommend",5,2024-10-26T07:10:23.470822Z,a year ago
ChIJD95Pi3DffkcRDq3-hBUtdXY,"Super place! I arrived well before the dinner rush and was the only guest in the restaurant. I had the full attention of the team: they offered a wine tasting, helped me choose from the menu, kept an eye on every detail, and even changed my napkin during the meal. The service was warm, attentive, and genuinely welcoming without ever feeling intrusive.
The food was absolutely delicious. Thank you for such a wonderful evening—I’ll be happy to come back!",5,2026-08-04T17:41:58.075752505Z,3 weeks ago
ChIJD95Pi3DffkcRDq3-hBUtdXY,"I wanted to like it. I liked my costata very good done ,the vegetables  and the potatoes.I give 4 for the Costata was very nicely done.  But when we order filet noone asked how to be prepared and that's a bit worrying. Was medium, not medium rare. And we ordered syrah by glass. That was no Syrah. The bottle said so but the wine we got was some Cabernet. What we got was not dry no barique... well not the Syrah we ordered. So yeah we will not return. Sadly, ... I think it has potential, maybe we need some years to forget, we wanted to learn some good steak house in Abano. I didn't want white truffle, as lately is on everything and don't need it always specially that not everyone likes the smell. I love it. But was a nice question and offer.",4,2025-11-13T20:57:31.865765052Z,9 months ago
ChIJD95Pi3DffkcRDq3-hBUtdXY,"⭐️⭐️⭐️⭐️⭐️

Absolutely phenomenal experience at Da Vinci Bistrot!

Every dish was a perfect balance of tradition and flavor, starting with the trio of crostini—each one offering a unique and delicious bite, from the creamy liver pâté to the delicate lardo and savory pink tartare.

The grilled beef was tender, juicy, and perfectly seasoned—served simply with fresh greens and a drizzle of olive oil to let the quality shine through.

But the standout? The pappardelle al ragù. Handmade, silky pasta paired with a rustic, rich meat sauce and a touch of rosemary—comforting and refined all at once.

Service was warm, attentive, and genuinely welcoming. This place is a gem—can’t wait to come back. Highly recommend for anyone looking to enjoy beautifully prepared local cuisine in a relaxed, elegant setting.

Grazie mille!",5,2025-08-02T10:23:17.371265119Z,a year ago
ChIJD95Pi3DffkcRDq3-hBUtdXY,"Visiting from the US we found this hidden gem. From the presentation to the taste this place hits five starts with ease. Appetizers, mains and desserts will blow you out of your seat. A twist on traditional dishes with portion sizes perfectly planned. The owner Victor has the perfect suggestions as well. Definitely make this a must go to on your stay in Abano Terme.

Lee W.",5,2025-09-27T18:12:42.598700632Z,11 months ago
ChIJD95Pi3DffkcRDq3-hBUtdXY,"This is honestly one of the best restaurants I have been to in my entire life - I mean it and I am very picky and have high expectations. In this area it was not easy to find a place, that would be satisfying, so If you struggle like me - visit Da Vinci Bistrot! The food is exquisite! Everything is fresh, well balanced when it comes to spices and super high quality. They will also welcome you with the best foccacia in Italy - fresh and warm 🤤. Meat is always perfectly made and the taste is just heaven. They also have a great wine and drink selection. You will find a lot of locals here and you will not feel like a tourist at all. But what is most amazing about this place is an atmosphere. People are so warm and friendly, they are kind and very passionate about what they do. They made my lonely trip very bright and made me feel like home. I will never forget the time I spent here, the great food, attention, fantastic atmosphere and lovely conversations we had. If I go back to this area in Italy, one of the reasons will be to dine here again. Grazie Mille!",5,2024-04-05T18:12:46.919300Z,2 years ago
ChIJDTC7qAPbfkcREKE7n8oq_wU,"The best: the aperitivo with cicchetti. Here the aperitivo comes not only with patatine but also with cichetti made on the instant. The prices are good and the attention is gentile. I tried a tramezzino with rucola, speck and grana cheese 🧀  that was good. They have tables in and outside. Outside can be a bit noisy because of the cars.",4,2022-09-27T17:00:36.969186Z,3 years ago
ChIJDTC7qAPbfkcREKE7n8oq_wU,Super,5,2019-04-15T12:46:40.760554Z,7 years ago
ChIJDTC7qAPbfkcREKE7n8oq_wU,"I frequent this place often, and from the first time, the experience has always been fantastic. The owner is a wonderful person with a rare kindness: he does his job, does it divinely, and offers incredibly fair prices. If you want to drink or eat well, I recommend it wholeheartedly.

Don't pay attention to the one negative review: in all likelihood, the phenomenon who wrote it has never even set foot in this place.",5,2026-06-25T15:15:32.301859985Z,2 months ago
ChIJDTC7qAPbfkcREKE7n8oq_wU,"An exceptional discovery! We stumbled upon this bar somewhat by chance, but it struck us like very few other bars in Padua.

A generous €3 spritz includes fries and delicious platters, ranging from bruschetta with tomatoes and oregano, to salami and vegetables, and raw mayonnaise and parmesan.

Highly recommended!",5,2021-09-21T17:37:59.772529Z,4 years ago
ChIJDTC7qAPbfkcREKE7n8oq_wU,"This bar was once called ""the refugee bar."" Hundreds of friends, both men and women, passed through here in the '70s and '80s. Then the tide turned and Tole chose it as his breakfast bar, with the manager advising him on which slots to play. Now, I don't see any particular features, other than the large number of desperate people who ate everything on the slots.",3,2018-08-18T07:21:29.727749Z,8 years ago
ChIJDTojSPzafkcRFCGcDUvsmU8,"I've been attending Tsukiyo Dojo for almost two years and couldn't be more satisfied. The instructor, Louis, is extremely knowledgeable, the group is close-knit, and the atmosphere is welcoming, even for someone like me who started as a complete beginner. The school is excellent for both adults and kids who want to learn Ninjutsu in a serious and accessible way. Come visit us, we look forward to seeing you ♥️",5,2025-04-29T14:31:31.289538Z,a year ago
ChIJDTojSPzafkcRFCGcDUvsmU8,"I'm thrilled to share my experience with the Tsukiyo Dojo. From day one, I felt welcomed into a true family of ninjutsu enthusiasts. Master Louis is extremely knowledgeable and knows how to convey his passion in an engaging way. The classes are always stimulating and varied, ranging from combat techniques to the philosophy behind this ancient martial art. The other students are fantastic, always willing to collaborate and support one another. If you're looking for an authentic experience and a friendly environment to practice ninjutsu, this is the gym for you!",5,2024-12-18T20:59:19.910229Z,a year ago
ChIJDTojSPzafkcRFCGcDUvsmU8,"I first visited this dojo a year ago and immediately felt at ease with the group, which is made up of very friendly and welcoming people.
The instructor is highly knowledgeable and always available, demonstrating his passion and dedication to teaching this ancient art at every opportunity.
I recommend the experience to anyone interested in martial arts and Japanese culture.",5,2024-09-18T19:56:41.617763Z,a year ago
ChIJDTojSPzafkcRFCGcDUvsmU8,"A complete and authentic martial art passed down through the centuries to this day. The Dojo is a serene and peaceful environment in which to practice. The master, along with the techniques, manages to convey his passion for the art. Recommended for anyone seeking an authentic discipline.",5,2020-02-02T00:51:37.484556Z,6 years ago
ChIJDTojSPzafkcRFCGcDUvsmU8,"An excellent training experience. The instructors are helpful and knowledgeable, and put everyone at ease. Highly recommended for anyone looking to learn self-defense and Japanese martial arts.",5,2023-07-29T15:29:46.429089Z,3 years ago
ChIJDTvQQrPbfkcRKcaUXOKx8zI,This store is non existend. Very disappointing,1,2026-04-16T14:05:32.553272250Z,4 months ago
ChIJDULdxuzbfkcRwsJHkXqmUas,"I asked for a long machiatto they first gave me a machiatto only i asked for more milk they said no , so i asked for a milk with more coffee  they said no that's cappuccino i told them cappuccino is usually with more milk they said no i took the cappuccino, its plain all just milk they didn't put cocoa powder for me, the croissant was nice bc obviously its not made there anything they make tastes horrible after i went to pay the barista told the manager make me pay for the machiatto that I didn't drink, honestly horrible experience i spoke to them with my basic italian they said they can't understand me, NEVER COMING BACK TO THEM.",1,2024-08-23T10:10:57.661549Z,2 years ago
ChIJDULdxuzbfkcRwsJHkXqmUas,"Lovely little bar, near the hospital, great selection of breakfast pastries and savoury snacks, very welcoming",5,2023-07-07T07:40:40.294584Z,3 years ago
ChIJDULdxuzbfkcRwsJHkXqmUas,"Cutest little bar, super friendly staff, great coffee and delicious food! ❤",5,2022-05-25T08:22:40.517622Z,4 years ago
ChIJDULdxuzbfkcRwsJHkXqmUas,"What a delightful discovery! Bar Delights Bistrot is a small café on Via Facciolati where you can spend some quiet time chatting over a snack or breakfast.

We visited this café around 6:00 PM and ordered two hot chocolates, which came to just €3.00, with an additional €0.50 for the cream—an unbeatable price these days, in my opinion. Furthermore, the hot chocolates were creamy and plentiful, without being cloying. We also decided to order a rice cake, which also turned out to be delicious.

The atmosphere is minimal, but it truly gives off a sense of familiarity and comfort. The staff is also friendly and helpful! I highly recommend it for a sweet break!

The only complaint is that perhaps, given the new management, it would be helpful to remove the ""Puglia Bistrot"" sign.",5,2025-12-03T10:52:06.205942517Z,8 months ago
ChIJDULdxuzbfkcRwsJHkXqmUas,"Great experience! Really good toast and fresh, flavorful juice. Friendly staff, cozy, and very clean atmosphere. I'll be back!",5,2026-02-23T11:06:11.891228699Z,6 months ago
ChIJDVR7JV3afkcRNPDqM3VM3Fc,"Been here more than twice and the food is sooo good. Big portions and affordable prices especially for us students. The staff is friendly, place is clean and seats are very comfortable. I love it!!!!",5,2026-06-08T09:54:20.780343261Z,2 months ago
ChIJDVR7JV3afkcRNPDqM3VM3Fc,"This is my go to Chinese restaurant here in Padova. Good food at affordable prices! Especially love their pork ribs with minced garlic, vegetable rice noodles and chicken and corn soup 😋 They have vegetarian options too.",5,2026-02-19T00:26:12.070195410Z,6 months ago
ChIJDVR7JV3afkcRNPDqM3VM3Fc,I had a lunch in this restaurant. The food was very good. The place is just very close to the train station. So it’s very easy to get if you have short time before you take your train.,4,2026-03-04T13:55:57.664787848Z,5 months ago
ChIJDVR7JV3afkcRNPDqM3VM3Fc,Massive tasty portions for a really great price. You order with your phone. Probably best suited for family style eating,5,2026-03-18T12:23:15.323319368Z,5 months ago
ChIJDVR7JV3afkcRNPDqM3VM3Fc,"If you’re after something seriously good, you gotta try the onion, eggplant, and meat with soy sauce it’s next level delicious
I also had the beef with peppers and onions. it was good too, but honestly, the first dish was on another level.
I grabbed a veggie soup too, but… not a big fan. It was way too spicy and the portion was massive no way you can finish it solo
I asked for some ice and lemon, and they hooked me up big time
Only downside? Waiting for the waiter took forever
Oh, and one more thing ٫ whatever you do, don’t skip the rice! It’s crazy good",5,2025-04-27T01:13:57.948424Z,a year ago
ChIJDX2Y_3TbfkcRaMveK-BAttc,"Amazing ramen with an amazing manga atmosphere. It seems to not be in Padova. Ramen was perfect, a lot of different types with great choice. Also the sides are very nice. Price very affordable in comparison to other places. Personnel very friendly and warm, and very precise and fast to every request. Indice the restaurant you can try and wear like a real cosplay.",5,2024-01-07T18:06:32.858536Z,2 years ago
ChIJDX2Y_3TbfkcRaMveK-BAttc,"Great ramen restaurant in Padova. The food is delicious and super tasty. We had appetizers and three different vegan ramen. There are a lot of choices and there are six different vegan ramen on the menu. The prices are good and the staff is very friendly and smiley.
The atmosphere is nice and fun, a lot of manga and anime references and action figures around the restaurant.
Super recommended.",5,2024-09-29T13:12:25.308333Z,a year ago
ChIJDX2Y_3TbfkcRaMveK-BAttc,"This is my first time at Chakramen and it was amazing! The ramen is super good and d the place is full of Japanese mangas ☺️
Highly recommend!",5,2024-07-20T21:25:36.452845Z,2 years ago
ChIJDX2Y_3TbfkcRaMveK-BAttc,"Huge deception with the riso sakura... Both the rice and the pork were excessively dry, very probably leftover heated from yesterday. Also it was tasteless, hopefully they added fresh green onion (the only ingredient that actually tasted like something). Quantities are large though. It is not expensive, but not cheap either (think you add 2€ coberto fee). The place was nice and the service good.",3,2023-12-11T19:51:52.589013Z,2 years ago
ChIJDX2Y_3TbfkcRaMveK-BAttc,"The best: costume to put on. You can dress up because they have some shirts and masks for the clients. Tech ordering because you use a tablet. Super fast ramen, less than 5min waiting. The flavour was ok, not so special. The best was the bao sandwich with duck for only 5.5€. The worst: the pistacchio cake, dry and seemed that it was for 2 days ago.",3,2023-12-07T13:19:57.294331Z,2 years ago
ChIJDXx8JszbfkcRHioWKASp-QU,"American here - my partner is from Padova, so I come here often to see his family. The first time I heard about this place, I was so intrigued because of the name. I decided to try out their burgers, and my goodness, they are so good.

All of their sandwiches, both burgers and chicken, are amazing. The last time I was there, I had the special which had beef tartare and curried pumpkin on it, and it was so delicious. I highly recommend everything on the menu. Oh, and their namesake beer (TFB IPA). It’s perfect.

I’ve ordered both in person, and through Glovo, and it’s been fantastic either way. And as an American, I can say that the burgers at TFB are better than most burgers in the US. No lie. I go here everytime I’m in Padova, and I can’t wait until the next time!",5,2026-01-18T00:03:57.448565603Z,7 months ago
ChIJDXx8JszbfkcRHioWKASp-QU,"Staff were very friendly, but we were missing items on our custom burgers. Really cool atmosphere and awesome designs.",3,2026-03-19T12:09:51.702066089Z,5 months ago
ChIJDXx8JszbfkcRHioWKASp-QU,"The BEST burger ever! Everything is so sophisticated yet simple at the same time—just delicious. The bread is incredibly soft, and the meat looks like it's melting just by looking at it.",5,2024-06-29T11:04:34.219491Z,2 years ago
ChIJDXx8JszbfkcRHioWKASp-QU,The best burgers in padova and best burgers i have had. Their cocktails were also very good! Very good prices.,5,2024-06-14T19:04:01.054715Z,2 years ago
ChIJDXx8JszbfkcRHioWKASp-QU,"Best burger ever!
I have been traveling and yes, I have tried many... Yet this one is the best place to taste a delicious burger!
Tasty, different, original, respectfully served with great crispy fries.
Obviously there are many other options to choose from, but the combination of having a brilliant Polish guy managing the venue, a detailed oriented Chinese maître, and a Venezuelan chef make this comfy decorated place the ideal location for dinner with friends, family, or events.

Good job! 💪🏻",5,2024-09-10T10:14:32.501213Z,a year ago
ChIJDYGDKlnafkcR1_imOToMQ8s,"Tasty pizza, good staff, option to sit outside and inside. Outside is right near the roundabout so there is a lot of noise.",5,2026-06-18T11:41:56.488774767Z,2 months ago
ChIJDYGDKlnafkcR1_imOToMQ8s,"This is the right place if you are looking for good food, not formal, easy place. People are friendly. Service is fast enough. Food is amazing: pizza are very nice. Paella is excellent and spaghetti allo scoglio are very rich and portions are generous. Desserts are very nice ranging from tiramisu, north italy, to pastiera napolitan. Interesting cakes too, nice the one chocolate and pistachios. Price is right!",5,2024-10-27T12:28:50.091204Z,a year ago
ChIJDYGDKlnafkcR1_imOToMQ8s,"I usually don’t write comments but I am very allergic and I saw that all the pizza has tomato options. I asked to make pizza with items that I can eat: zucchini and chicken, even without cheese, and they made it! Even tho I don’t speak Italian and we were trying to explain ourselves in English. Recommend!",5,2026-03-08T18:45:53.563864798Z,5 months ago
ChIJDYGDKlnafkcR1_imOToMQ8s,"Prompt professional service, excellently prices set meals, tasty, varied food",5,2026-05-22T11:28:26.185890313Z,3 months ago
ChIJDYGDKlnafkcR1_imOToMQ8s,The pizza was very good. We needed a reservation because people are waiting in line for a table. I really recommend this restaurant which was recommended to us by a local,5,2023-10-07T20:10:59.820124Z,2 years ago
ChIJE1scEaXbfkcRw2cpfhYkMp8,"Delicious aromatic food made with quality ingredients. Kind and attentive hosts. Upon entering, the fantastic smell and decoration teleports you straight to India.
Highly recommended!",5,2026-07-09T08:05:18.758590052Z,a month ago
ChIJE1scEaXbfkcRw2cpfhYkMp8,"Good food, service, and atmosphere of the restaurant. Extremely welcoming and friendly",5,2026-05-17T17:57:10.243338800Z,3 months ago
ChIJE1scEaXbfkcRw2cpfhYkMp8,"This restaurant's decorations, music and smell fits perfectly the country that it represents. It was the second time I try indian food so I was familiar with all the spices and and strong flavours. The dishes were delicious, appealing and, something I appreciated were the traditional plates and cutlery. The personal was always available, they came in to check every now and then if the food is good and everything is going well.
I would give 4 stars for the lack of parking lot but it is a general problem in that zone, and what they lack in parking they make up in spices ;)",5,2022-09-04T10:17:29.264521Z,3 years ago
ChIJE1scEaXbfkcRw2cpfhYkMp8,"Real Indian food, very delish and good portions! The menu is diverse and they even have real chai tea.",3,2025-10-24T17:12:09.621775257Z,10 months ago
ChIJE1scEaXbfkcRw2cpfhYkMp8,"Great Indian restaurant. All the dishes are flavorful, well-balanced in spices, and fresh. The portion sizes are generous — enough to feel fully satisfied.",5,2026-05-04T17:26:09.439874057Z,3 months ago
ChIJE78hCFPFfkcRAHbX1Iwu41Y,"Last night's world class dinner at Boccadoro in Padova. Family owned since 50 years, it serves up an amazing combination of modern Italian cuisine and old school 5-star gastronomical service. Highly recommended 😊",5,2025-05-10T21:38:17.874961Z,a year ago
ChIJE78hCFPFfkcRAHbX1Iwu41Y,"Consistently outstanding - since many years

Revisited Boccadoro after ten years, and extremely happy to see that its owner/chef Paolo and his team are not only maintaining standards, but have added another level of excellence altogether We had several starters, pasta dishes, several main courses - and desserts. Every single dish that arrived became a conversation piece. It's kind of rare to see such consistency, creativity and service over such a long period of time - and all at sane prices. Highly recommended !",5,2019-07-01T07:51:30.064698Z,7 years ago
ChIJE78hCFPFfkcRAHbX1Iwu41Y,"Fantastic restaurant out of the city center (probably need a car to get there). The food is remarkable (Michelin award), the restaurant is very nicely decorated and the service is fast with a smile. Our waiter answered all our questions. The food is typical Padova food. Don't miss the papardelle with duck and the Galina. Or the pasta fagiolis and the liver (both restaurant traditional dish).
The dessert elwas excellent and so was the wine (pinot Nero).
Highly recommended. Too bad they are closed Tuesday and Wednesday or we would have returned.",5,2025-10-13T21:00:30.410877988Z,10 months ago
ChIJE78hCFPFfkcRAHbX1Iwu41Y,Impeccable service by our attendant waiter (who is from Bangladesh).. excellent food,5,2025-04-07T18:38:49.799936Z,a year ago
ChIJE78hCFPFfkcRAHbX1Iwu41Y,"5 Stelle – A Heartwarming, Delicious Lunch!
Our lunch at Ristorante Boccadoro in Oltre Brenta, Padova, was pure joy. With friends and business partners, we savored the incredible tagliatelle al ragù d’anatra—rich, tender, and a huge hit, even with our toddler daughter, who ate every bite with a grin.The pasta al pomodoro was vibrant and classic, and the tiramisù was heavenly. Warm, rustic ambiance and kind, attentive service made us feel like family. Affordable (mains ~€15–€25) and unforgettable—Boccadoro is a gem we’ll return to soon. Grazie!",5,2025-10-13T19:54:05.803851269Z,10 months ago
ChIJE9GbE2TafkcRwHn7PNC66bQ,"The atmosphere is cozy, it feels like home. The food was fantastic!! We tried Black pizza with coke inside the dough and it surprise us how the bitter taste works with the other recipes.
I don’t know why this restaurant is so cheap, based on the kitchen and the service they could double their prices!
Recommended to everyone!",5,2024-04-23T07:20:00.670739Z,2 years ago
ChIJE9GbE2TafkcRwHn7PNC66bQ,Below average quality and high prices. I did not enjoy their pizzas. I would not recommend it.,1,2022-08-05T22:33:18.301854Z,4 years ago
ChIJE9GbE2TafkcRwHn7PNC66bQ,"Very impressed with the quality of the food and the service, i asked what a paella is and they gave me a little bowl of it to try. When you get there ypu get some bread and tomato sauce which are very fresh",5,2020-08-30T11:48:37.003939Z,5 years ago
ChIJE9GbE2TafkcRwHn7PNC66bQ,"The only negative is service price, porsions are huge. Hard to finish the pizza. Also taste is perfect.",5,2026-03-06T17:24:04.314628957Z,5 months ago
ChIJE9GbE2TafkcRwHn7PNC66bQ,"Extraordinary HUGE pizzas 🍕 here!

Very delicious and for a good price!

For me the BEST pizzas 🍕 I have ever eaten!",5,2024-02-04T05:35:35.897255Z,2 years ago
ChIJEX0xPevbfkcRUQTc6JNCNnM,Very delicious gourmet food. Highly recommended. Great ambience,5,2026-06-26T19:53:22.044396525Z,2 months ago
ChIJEX0xPevbfkcRUQTc6JNCNnM,"Absolutely exceptional, a real insider tipp! The various, very creative pasta dishes are delicious.",5,2023-05-02T15:16:22.359749Z,3 years ago
ChIJEX0xPevbfkcRUQTc6JNCNnM,"The best restaurant, food ( especially Tiramisu 🥰), service which one I had in Padova ♥️",5,2023-07-29T21:55:35.600216Z,3 years ago
ChIJEX0xPevbfkcRUQTc6JNCNnM,Linguine al pomodoro was really delicious. The host didn't speak English unfortunately but that was not a problem,5,2025-03-17T14:23:14.078135Z,a year ago
ChIJEX0xPevbfkcRUQTc6JNCNnM,"Beautiful dishes, well composed. Friendly and helpful staff. Definitely worth a return visit when the budget allows. (Penny is a delight also!)",5,2022-07-30T19:05:00.309947Z,4 years ago
ChIJEXTq-bDEfkcRb6_N7t7ZpUg,"The food taste is decent but it wasn’t great one for me.
I got charged €28 euro for 16pcs sushi and 1 seaweed but nobody told me that this is for “all you can eat”
They should give some more information about the price and place rule to customers specially first time comers",2,2025-10-20T18:22:53.356219319Z,10 months ago
ChIJEXTq-bDEfkcRb6_N7t7ZpUg,"AMAZING SUSHI, SUPER KIND STAFF, HIGH QUALITY INGREDIENTS. EVERYTHING AMAZING.

BUT SPRING ROLLS could IMPROVE.
INTERIORS HAS NOTHING TO DO WITH SUSHI RESTAURANT. (maybe from previous owner)

HIGHLY RECOMMENDED.",5,2023-08-27T14:46:58.939372Z,3 years ago
ChIJEXTq-bDEfkcRb6_N7t7ZpUg,"Good quality, tasty food, standard price, nice staff and quick service. The location is pleasant, a few kilometers far from town centre. If you don't own a car, it can be reached by bus until 8,30 pm.",4,2019-02-10T14:06:11.638068Z,7 years ago
ChIJEXTq-bDEfkcRb6_N7t7ZpUg,Very friendly and helpful staff. Great food and quick service,4,2019-12-24T10:11:22.007572Z,6 years ago
ChIJEXTq-bDEfkcRb6_N7t7ZpUg,"To me one of the best sushi restaurants in the area.
Mainly for the quality of food",5,2022-06-13T15:42:39.784924Z,4 years ago
ChIJEanW_1bafkcRfmAOGIAgX-0,"Bruno's was amazing. My brother and I visited for lunch, ordered 2 separate dishes and they offered to put half of each massive meal on both of our plates so we could sample each other's food choice. Bruno and staff didn't speak much English but they made sure we had an excellent time.

As well as the meal we were given complimentary desserts and, when it was time for coffee Bruno came out with a walking stick, adorned with a bicycle bell and attached rum bottle to 'top up' our coffees!

10/10 experience, fully recommend.",5,2023-10-12T17:52:09.867702Z,2 years ago
ChIJEanW_1bafkcRfmAOGIAgX-0,"Great Italian spirit and atmosphere. We love this place. Great for breakfast. Bruno and the woman at the bar gave us a warm welcome. We enjoyed it so much that we came back the next day! Cristina (from Spain), Max (from Boston, US), Daniel (from Germany) and Robin (from France) 🤩",5,2024-04-04T17:52:18.982152Z,2 years ago
ChIJEanW_1bafkcRfmAOGIAgX-0,"The best food we have eaten, accompanied by the best hospitality received. Bruno and his staff were excellent. Everyone should visit them at least once.",5,2025-11-12T20:39:23.037148228Z,9 months ago
ChIJEanW_1bafkcRfmAOGIAgX-0,"Great Italian food. Bruno was super receptive with us, felt really special. Everything served was fresh and tasty.",5,2026-03-04T15:39:34.187691027Z,5 months ago
ChIJEanW_1bafkcRfmAOGIAgX-0,"Fantastic! Bruno - the owner of the bar - is a wonderful host and it was such a great experience to be a guest.
The food (roastbeef salad) was really delicious!",5,2020-08-19T10:26:53.839690Z,6 years ago
ChIJEbEg7c3bfkcRK70CSRK83mc,"Super friendly place, delicious coffee and lots of options of freshly homemade food, also a large choice of vegetarian and vegan options (bistro style, prepared veggies, salads etc.). I was there one day for breakfast (croissant and coffee) and one day for lunch with a large group of English speaking people. Even though they have omelette and fruit salad on the menu it’s only served later in the day. But the coffee, fresh orange juice and cornetto were excellent. For lunch they accommodated our large group with the many dietary restrictions very well, were extremely kind and welcoming and food was very tasty.",5,2026-06-20T08:09:58.847241312Z,2 months ago
ChIJEbEg7c3bfkcRK70CSRK83mc,"Nice atmosphere, delicious coffee and breakfast options (do not miss the omelette).🥐☕ Recommended experience for Paduva!",5,2026-05-05T07:12:22.951649109Z,3 months ago
ChIJEbEg7c3bfkcRK70CSRK83mc,"Best marrocchino in town ☕️
Lunch option is also fresh, healthy with protein options with reasonable price.
The owner Marco is very welcoming for non-italian speakers 💙",5,2026-02-05T13:33:52.505853490Z,6 months ago
ChIJEbEg7c3bfkcRK70CSRK83mc,Excellent breakfast for omelette lovers. And special thanks to the welcoming and smiling waitress 👍,5,2026-04-17T08:54:39.743217155Z,4 months ago
ChIJEbEg7c3bfkcRK70CSRK83mc,"I'm afraid I never caught the name of the person who served me, but she was lovely! My only regret is not trying a little of everything. The food was tasty, I had a large super filling meal and enjoyed everything on my plate. Had both coffee and tea and both were excellent. I'm just a tourist, but if I ever come back I'll try to return!

As a sidenote: really lovely to see a place with so many vegetarian options!",5,2025-02-14T20:30:16.291262Z,a year ago
ChIJEeD7SKvbfkcRqo0NAH0k_u8,"From the moment we walked in, we knew we had picked the right place. Stepping inside from the summer heat into a perfectly air-conditioned dining room was a pleasure in itself.

The interior is absolutely beautiful. Soft pastel tones, classical statues, elegant frescoes, tasteful furniture, and carefully selected tableware create an atmosphere that's both sophisticated and welcoming.

The service deserves special praise. The waiters are experienced, mature professionals who clearly know their craft. They are attentive, courteous, and genuinely welcoming, yet never overly familiar or intrusive. That's exactly how fine dining service should feel.

The menu is a masterpiece. Not only is the food outstanding, but the selection itself is incredibly creative and well thought out. Reading the menu was almost as enjoyable as eating the dishes. Hats off to the chef!

And finally, the wine list. With bottles ranging from €17.50 to €250, there's something for virtually every taste and budget.

To sum it up, dinner for two, including wine and dessert, came to just under €70. For this level of food, service, and atmosphere, that's exceptional value for money. We'll definitely be back.",5,2026-07-19T13:21:25.928739635Z,a month ago
ChIJEeD7SKvbfkcRqo0NAH0k_u8,"The service was so good and friendly and fast, the place is super nice. The restrooms were clean but it could be better for a high rate restaurant (which is very imp).

The Only point that I gave 4 not 5
Was the size of the pizza with the price of 12.5 euro!  For this price I expected a bigger pizza! Also coperto is 2.5
And beer is a bit more expensive than others...

Dessert was also small slice of a cake for the price!!

Please make the portions bigger or lessen the price!

For sunday some places were full but fortunately it is a big res so we didn't reserve at all!

And also a very good point, they both serve pizza and other food if u are in a group with diff opinions 😁✌🏻",4,2026-02-09T13:46:33.542040794Z,6 months ago
ChIJEeD7SKvbfkcRqo0NAH0k_u8,"Great food served by cheerful and warm staff.   The Padova Ferrari Club gathers here for meals, which tells you it must be pretty good.  We were coming from Venice and this place reminded us why Italy is known for its food!  Classic Italian charm.  The pizza and pasta were excellent.",5,2026-06-09T19:12:28.975926760Z,2 months ago
ChIJEeD7SKvbfkcRqo0NAH0k_u8,"Opening hours are :
Closed on Mondays
Tues - Sunday lunch 12- 2 pm dinner 7 pm- 00
The inside is beautiful don’t eat outside or you will miss out.
There was mainly local people.
Located on the main plaza there are some parking in front.
The food was good and the atmosphere is great",5,2025-08-18T05:42:05.773931463Z,a year ago
ChIJEeD7SKvbfkcRqo0NAH0k_u8,"We visited this restaurant yesterday as a group of four, and unfortunately, it was a very disappointing experience.

First of all, the tables were extremely dirty. Instead of cleaning them properly, the staff simply covered them with tablecloths.

We ordered two grilled chicken dishes, one pizza, one carbonara, and one drink each. The total came to over €80. That would have been acceptable if the food had actually been worth the price.

The grilled chicken was by far the biggest disappointment. For €16.50, we received a tiny, completely unseasoned piece of chicken that had simply been thrown on the grill. It wasn’t nearly enough to fill anyone up. On the side, there were literally three tiny potatoes and something they called a salad, but it was just tasteless vegetable stems with a bland flavor. It was one of the worst meals I’ve had in a restaurant.

The pizza and the carbonara were okay. They weren’t particularly delicious, and the portions weren’t large either, but they were definitely much better than the grilled chicken.

Now comes the most unbelievable part. Because the tables were dirty, we were given some cloth napkins and table covers. What we didn’t know was that these napkins cost €3 EACH. Yes, €3 per napkin – €12 in total for four cloth napkins that we didn’t even use. We simply placed them next to us. Charging customers for reusable cloth napkins is ridiculous. They are reused over and over again, yet every guest has to pay €3 for the same piece of cloth.

When we politely asked why we were being charged, the staff was incredibly rude. Their response was basically, “If you want to complain, talk to someone else. It’s written in Italian that you have to pay.” That may be true, but for tourists this is neither transparent nor reasonable. It honestly feels like a way to squeeze extra money out of visitors.

Overall, I would recommend saving your €80 and going to McDonald’s instead. You’ll get better value for your money, tastier food, and you’ll probably be much fuller after a cheeseburger than after the tiny piece of grilled chicken served here.

Definitely not a place I would visit again or recommend.",1,2026-07-05T07:20:05.439374985Z,a month ago
ChIJExi4CS_bfkcRuUjT85IVo5s,"Warm piece of Tuscan home in Piazza dei Signori in Padua.
They have only some variety but the quality is high and everything is fresh and tasty.
Their own craft beers are average, wine is better.
An enjoyable experience overall.
Definitely recommended.",5,2026-05-30T18:33:50.791482196Z,2 months ago
ChIJExi4CS_bfkcRuUjT85IVo5s,"Beautifully served board with a smile and great service. Ideal for two, good for four but maybe not for large parties.

The meats and cheeses were wonderful presented and even better when tasted with good wine.

Eclectic design with hanging meats and quirky decor. A good place to stop off and relax",5,2026-08-01T06:23:53.244920460Z,3 weeks ago
ChIJExi4CS_bfkcRuUjT85IVo5s,"Getting in as a last resort to find a place to eat after a long walk. No better place to do this. To tired to enjoy the wine, but the eat was a delight. Not knowing what to expect is the best recipe to either a great disappointing or brilliant experience.",5,2025-12-28T17:07:57.581569418Z,8 months ago
ChIJExi4CS_bfkcRuUjT85IVo5s,"Very nice place for gourmets and wine lovers, very friendly staff. I recommend!",5,2026-06-23T05:15:29.571505523Z,2 months ago
ChIJExi4CS_bfkcRuUjT85IVo5s,Incredible place with local well selected products from Italian. The wine selection is really nice. The furniture well thought and original. All the staff was nice and kind to us. It was delicious and we had a really great time there. Thanks! Ciao a tutti,5,2024-05-12T17:22:56.384032Z,2 years ago
ChIJF0Qo0FrafkcRVdgzRDm1iss,"We enjoyed our early lunch (sandwiches and chicken). The staff were very friendly, accommodating of our limited Italian, and lovely with our young kids.",5,2025-12-04T21:35:14.996240195Z,8 months ago
ChIJF0Qo0FrafkcRVdgzRDm1iss,Top!,5,2021-01-23T10:39:21.530869Z,5 years ago
ChIJF0Qo0FrafkcRVdgzRDm1iss,Great service.,5,2019-01-27T16:25:41.494901170Z,7 years ago
ChIJF0Qo0FrafkcRVdgzRDm1iss,"A very good cappuccino and almond brioche for €3.10, served courteously at the outdoor tables surrounded by plants.
This establishment is located on the corner of Via Davila and also offers quick lunches.
Paid parking along the street.
Free motorcycle parking next to the establishment.
Not far from the squares.",4,2025-07-24T07:53:24.256286531Z,a year ago
ChIJF0Qo0FrafkcRVdgzRDm1iss,Very kind and helpful! The sandwiches are spectacular!,5,2026-06-18T16:27:38.529866447Z,2 months ago
ChIJF1ZbK5rafkcRjnyWM2cTuG4,"The staff are friendly

They throw the bread on the table , the food was normal not so tasty ... my friend had spaghetti,  another had the fried chicken with salad on the side ... I've had this fried chicken with fries ... the fried were not fresh , the chicken was okay ... we never came back again",3,2025-09-07T11:13:38.529619267Z,11 months ago
ChIJF1ZbK5rafkcRjnyWM2cTuG4,"Hard to rate this place as I’m rating the experience to eat where all the local workers have their lunch.  Affordable meal in set mass produced menu. Good for a Family on the road to get something to eat.

Not a place to go if you are looking for nice dinner.",2,2024-07-12T11:09:24.844706Z,2 years ago
ChIJF1ZbK5rafkcRjnyWM2cTuG4,Cozy place that serves local traditional dishes. Highly recommend their baccalà (dried and salted cod fish) and bigoli all’anatra (pasta dish with duck meat sauce). All of their other fish and meat dishes are also excellent. I come here regularly and the quality of their service never lets me down.,5,2022-12-04T20:34:43.078455Z,3 years ago
ChIJF1ZbK5rafkcRjnyWM2cTuG4,Nice place with good food and great service. Try the worker's lunch for 14 euros and you won't be disappointed but the menu is oral and not written.,5,2022-10-30T10:15:02.187230Z,3 years ago
ChIJF1ZbK5rafkcRjnyWM2cTuG4,Honestly best pasta I’ve ever had and the server spoke English to us was amazing,5,2025-08-02T13:07:41.057171645Z,a year ago
ChIJF1vvva7bfkcRpJfv1BpvP90,"Perfect local place to dine.  So glad we found it.  This is a place to eat weekly or more frequently.  Best lamb chops ever.   Better than in Greece, East or West coast USA, and better than in Australia.   Pasta with sausage, my wife wants to take the chef home. And the spinach, she said it was like spinach butter, best ever.   Enjoy.",5,2026-04-22T19:43:50.690459369Z,4 months ago
ChIJF1vvva7bfkcRpJfv1BpvP90,"I have to say, I’m happy I found this place. I’ve been to puglia a few times , and this restaurant caught my attention due to its origins. It’s not everyday you find a Pugliese restaurant outside of Puglia. Go in and try it. Rich in flavor dishes will make you want more.",4,2024-07-24T12:47:41.201461Z,2 years ago
ChIJF1vvva7bfkcRpJfv1BpvP90,Apulian restaurant serving typical dishes from the region. Friendly staff and exceptionally good food. A wonderful experience.,5,2025-09-30T19:58:25.144150859Z,10 months ago
ChIJF1vvva7bfkcRpJfv1BpvP90,"The service was very friendly and forthcoming. What is more important, is the quality of the dishes. Starting with antipasti and primi piatti, the seasoning of the dishes spoke for itself as did the recommendations we got , especially for the dolce, which were exquisit. All in all it is five stars in all categories.",5,2020-02-05T19:59:36.747365Z,6 years ago
ChIJF1vvva7bfkcRpJfv1BpvP90,"This is a fabulous restaurant.  The owners are friendly & attentive but more importantly all the food was delicious, in particular the tagliata which was excellent. Hopefully we will be back sometime .",5,2023-09-13T05:19:16.070155Z,2 years ago
ChIJF7CdwlvafkcRZAMRAo2Pi7U,"Best pizza in Padova for sure. The staff is very kind and helpful. They speak English as well.
The pizza is so delicious that everytime I have a friend over in Padova, I take them here. Ingredienti di alta qualita!
Buonissssssima!!",5,2026-07-14T10:48:01.232270528Z,a month ago
ChIJF7CdwlvafkcRZAMRAo2Pi7U,"A local friend that used to live in Padova recommended us this restaurant but it was a disappointment…
We ordered two different pizzas but they tasted the same… very average pizzas in Italy!
The pizzas were fast to cook but the service from the waiters was very poor.",3,2026-06-20T12:42:38.452627500Z,2 months ago
ChIJF7CdwlvafkcRZAMRAo2Pi7U,"Ristorante Pizzeria agli Eremitani delivers a satisfying, no-nonsense Italian dining experience that focuses on well-executed classics.

The fritto misto is a highlight—lightly battered and fried to a crisp without being greasy. The seafood stays tender and fresh, making it an easy dish to enjoy from start to finish.

The calzone arrives generously stuffed, with a nicely baked dough that’s crisp on the outside and soft inside. The filling is rich and comforting, perfect if you’re in the mood for something hearty.

The spaghetti alle vongole is simple and well balanced. The pasta is cooked al dente, the clams are fresh, and the garlic-olive oil base is clean and fragrant, letting the natural seafood flavor shine without being overpowering.",5,2025-12-28T05:06:42.254574893Z,8 months ago
ChIJF7CdwlvafkcRZAMRAo2Pi7U,"What a wonderful discovery! Ristorante Pizzeria Agli Eremitani is a true gem in the historic centre of Padova – and one of the finest pizzerias in the city! 😍🍕🇮🇹

As seen in the photos, the entrance is absolutely charming – a beautiful arched doorway with elegant wooden double doors, golden lettering and soft pink plaster walls adorned with purple flowers, all under the romantic glow of evening light. You know you're in for something special! ✨

The menu displayed at the entrance is impressively extensive – featuring authentic Neapolitan pizza baked in a traditional rotating wood-fired oven, fresh seafood, pasta, grilled meats and artisanal desserts! 🔥 Three pizza dough options are available: traditional, ancient grain Senatore Cappelli (lighter and more digestible) and wholemeal organic – something for everyone! 🌾

We ordered a Margherita (€6.50), Diavola (€7.50), Prosciutto e Funghi (€7.00) and Pappardelle al Ragù (€7.00) along with iced teas and a litre of blonde beer 🍺 – total bill just €55 for a group! Incredible value for such quality in a prime city centre location! 💰

The restaurant has been serving authentic pizza for over 30 years and is located just steps from the famous Cappella degli Scrovegni and Chiesa degli Eremitani! ⛪🎨

Practical info:
🕐 Tuesday – Sunday: 12:00–15:00 & 19:00–00:00 (closed Mondays)
🌿 Summer garden with children's playground!
🚗 Two large car parks nearby

Highly recommended for pizza lovers, families and anyone visiting Padova! 👍🏼😀🍕",5,2026-08-03T06:15:00.050554794Z,3 weeks ago
ChIJF7CdwlvafkcRZAMRAo2Pi7U,"Exceptional food, drinks, and hospitality
If you’re looking for a spot that nails both the menu and the atmosphere, this is it.perfectly prepared—fresh, flavorful, and beautifully meal presented. To wine, it was expertly crafted.
​What seals the deal for me, though, is the service. Every single staff member I encountered was genuinely friendly and efficient. They make you feel right at home the second you walk through the door. 10/10 will be back!",5,2026-06-10T10:26:58.109247077Z,2 months ago
ChIJFU_1Q1rafkcRlxDC2UXdnqg,"Baccalà mantecato was so delicious, creamy went perfectly well with crispy toasted bread. The white lasagna with fish was so unique and delicious, really creamy and cooked so well. Horse tartare is made in a different style from French tartar, it doesnt have a bunch of mustard or seasoning, only simply salt and lemon juice but it had a very good texture and a fresh taste that went very well with bread.

This is a very local place that typically needs reservation but if you walk in during lunch on non peak seasons eg weekdays you may get a seat and it’s really worth it.",5,2026-03-01T16:55:13.581183426Z,5 months ago
ChIJFU_1Q1rafkcRlxDC2UXdnqg,"A great place for a drink and a light bite, but I'd go somewhere else for your secondi.

I had a very nice glass of wine and a pasta here. There was a fun atmosphere and lots of locals and tourists having drinks. However, my main was deeply disappointing. I sat next to the kitchen so it's no surprise why: the small plates and pasta are made fresh but the mains are pre-made and microwaved to order.",3,2026-04-16T16:01:54.074697765Z,4 months ago
ChIJFU_1Q1rafkcRlxDC2UXdnqg,Hidden gem! Super cheap and delicious homemade food. Feels like grandma’s house.,5,2026-05-20T12:26:45.478558292Z,3 months ago
ChIJFU_1Q1rafkcRlxDC2UXdnqg,"Quirky little restaurant above a bar, so much more atmosphere than the commercial chains. Super friendly staff, wine by the glass and great aperitif if you arrive before the kitchen opens at 7:30.pm.",5,2026-05-25T19:14:31.766065333Z,3 months ago
ChIJFU_1Q1rafkcRlxDC2UXdnqg,"The three of us stumbled across this restaurant on a quiet side street.  We were greeted, seated, and then treated to a wonderful lunch.",5,2023-10-12T15:08:26.707644Z,2 years ago
ChIJFZu24ZvafkcRyYzcAdiU6fo,Super,5,2026-06-09T07:38:18.954156748Z,2 months ago
ChIJFZu24ZvafkcRyYzcAdiU6fo,Very tasty and delicious kebabs. 😋👍,4,2022-05-29T06:35:53.084949Z,4 years ago
ChIJFZu24ZvafkcRyYzcAdiU6fo,Good pizza,5,2026-05-04T17:37:26.924680065Z,3 months ago
ChIJFZu24ZvafkcRyYzcAdiU6fo,Very delicious food and fast delivery,5,2023-11-04T21:45:07.220344Z,2 years ago
ChIJFZu24ZvafkcRyYzcAdiU6fo,Delicious food and excellent service 👍,5,2023-11-04T23:40:18.736139Z,2 years ago
ChIJFcxCeVHafkcRpl7qtjmdy5M,"One of the most memorable meals I've had - Chef Stefano made equally delicious and beautiful bites as part of the Venetian 9-course tasting menu.  He and his staff were so gracious and welcoming, and we loved to hear the description of each plate as it was presented to us.  The food was outstanding and creative. Highly recommend!",5,2023-04-30T23:44:23.596055Z,3 years ago
ChIJFcxCeVHafkcRpl7qtjmdy5M,The only thing more impressive than the quality of the food is Stefano’s personality and the incredible service staff. The “grilled” pasta is a dish that I will never forget. Similarly with the BBQ oysters. So different and so delicious. A jewel of a restaurant.,5,2024-07-16T20:42:52.868682Z,2 years ago
ChIJFcxCeVHafkcRpl7qtjmdy5M,"The tasting menu at this restaurant is a truly unique experience - rewarding, and at times challenging. In the best way!! Chef Stefano is pushing boundaries and experimenting in the true spirit of innovation. We did the “extremis” tasting menu (8 courses plus extras)….

Highlights (look for these on the regular menu as well if you opt not to do tasting):

“BBQ” risotto - imagine a risotto infused with smokiness of the grill, finished with a bright lemon zest. If you’re having trouble I don’t blame you, it’s pretty unique. But you must taste it!

Grilled branzino with vegetables - PERFECTLY cooked and seasoned. One of the best bites ever.

Beef tartare with asparagus and eggs - the quality of meat in Italy is just stellar and makes dishes like this superb.

For those who want challenges:
tomato sorbetto - when you eat this you may get confused. Actually it might’ve have been a special creation for the “extremis” course. It’s like gazpacho ice cream. The texture is amazingly smooth, you can cut thin slices with a spoon and it holds its form.

BBQ pomodoro - the BBQ is a bit forward in this dish compared to the risotto, the addition of sun dried tomatoes is a nice garnish. We felt oddly compelled to keep eating it though :)

All in all, chef stefano and all the team at this restaurant deserve your support! You’re not going to find traditional classics here but if you are in the mood for pushing the boundaries give it a try.",5,2022-06-10T14:22:04.852835Z,4 years ago
ChIJFcxCeVHafkcRpl7qtjmdy5M,"We enjoyed our gastronomic experience of contemporary interpretation of traditional venetian cuisine last night by Chef Stefano Mocellin at Padovanino. You have the option of 2 types of dégustation menu as well as alla carte, and he uses a bit of Japanese techniques in his cooking. 😍 #HighlyRecommended",5,2022-03-24T07:23:20.743324Z,4 years ago
ChIJFcxCeVHafkcRpl7qtjmdy5M,"We sort of just happened upon this place and honestly made a reservation without even looking at the menu. But man, am I happy we did. It was a really special (and unexpectedly great) meal!

We had the Milan prix fixe menu, which featured a savory take on a crème brûlée using Parmegiano Reggiano among other unique and enticing dishes. We also got to talk to the chef/owner, Stefano, who was incredibly nice and so clearly exuded pure passion regarding his food.",5,2022-06-24T20:25:23.814818Z,4 years ago
ChIJFe67qYLbfkcRMa5h1rv56Vw,Delicious Food and Environment and seating space is very Good and Also Staff. The Service is very Fast and Quick.,5,2026-06-12T17:24:26.130642878Z,2 months ago
ChIJFe67qYLbfkcRMa5h1rv56Vw,"Good food, very delicious but it a while to arrive. We ordered mix grill it didn’t look fresh rest of the food was perfect. It wasn’t bad overall. Too many staff but cleanliness was an issue.",4,2025-07-27T21:09:27.746285690Z,a year ago
ChIJFe67qYLbfkcRMa5h1rv56Vw,"A decent and budget friendly restaurant
I like the taste and quantity is quite good , very filling! Quality is  also good !
A great place to have proper chai !! Aka Milk tea
A good place for value for money for sure ..
Would recommend",5,2025-09-17T13:52:34.265004686Z,11 months ago
ChIJFe67qYLbfkcRMa5h1rv56Vw,A traditional pakistani restaurant with the original flavours at a decent price and ambience.. Was amazed to find a garlic nan close to the original in  padova.. And chicken curry was hot with a good blend of spices.. A must try place for the Indian/Pakistani food lovers.. The owner is very cordial and even gave discounts on eid.. And of course NO COPERTO charges..,4,2023-06-15T07:37:06.544992Z,3 years ago
ChIJFe67qYLbfkcRMa5h1rv56Vw,"Driving from Venice to Bologna, we stopped at this restaurant by chance and so glad we did! This may be the best Pakistani food I have ever had. We ordered the chicken karhai, seekh kabob, cholay and haleem. Everything was delicious and the naans were hot and fluffy. If you’re in the area and craving some comfort Pakistani food, this is the place. Highly recommend.",5,2024-06-05T12:11:44.943840Z,2 years ago
ChIJFePluWbafkcRgJBaSxOHxnw,Great selection of fresh fish,4,2025-09-28T13:00:52.461143832Z,11 months ago
ChIJFePluWbafkcRgJBaSxOHxnw,"The best this side of Chioggia,😻",5,2022-09-08T13:20:10.260453Z,3 years ago
ChIJFePluWbafkcRgJBaSxOHxnw,I love Claudio,5,2018-03-13T17:13:32.119Z,8 years ago
ChIJFePluWbafkcRgJBaSxOHxnw,"A quality fishmonger with products at reasonable prices. They have a wide variety of seafood, beautifully presented, and very fast and efficient service. It's very popular. There's a decent amount of parking nearby. We've always found everything to be good. I don't think there's anything else like it in the area...",5,2020-06-23T07:09:36.211741Z,6 years ago
ChIJFePluWbafkcRgJBaSxOHxnw,The products sold are of excellent quality and the person serving you is very knowledgeable and will advise you appropriately and honestly.,5,2026-06-19T19:53:24.153278366Z,2 months ago
ChIJG2cMO37cfkcR3wes0nPrVgo,"Although pizza is one of the few options they guarantee as safe for people who need to eat gluten-free, they do it exceptionally well.

When my pizza arrived at the table, I actually asked the waitress if she had brought the wrong one because the dough looked so beautiful — it didn’t look like a typical gluten-free pizza at all. The crust had a great texture and the flavor was just as good as it looked.

The place has a young and lively atmosphere, and the staff are very welcoming. They also run several promotions during the week, which makes it even more inviting to come back.

My friend ordered pasta and tiella bites, and she left just as impressed with her meal.

For anyone looking for great gluten-free pizza, this is definitely one of my favorite places.",5,2026-03-10T12:11:27.643433652Z,5 months ago
ChIJG2cMO37cfkcR3wes0nPrVgo,"The staff was average—polite enough, but nothing particularly memorable. The food, however, fell short of our expectations. We were hoping for more authenticity and attention to detail. What disappointed us most was seeing graffe presented as fried dough. These are two completely different things, and customers deserve clarity and respect for traditional recipes.",2,2026-01-17T16:55:35.717669629Z,7 months ago
ChIJG2cMO37cfkcR3wes0nPrVgo,"Nice place to have a pizza. They have vegan and vegetarian options, but if I remember correctly they didn't have English menu, which is a bit so-so. The staff was very friendly, though, and made the effort to understand us and talk for a bit.

It was for dinner in a working day, the restaurant didn't have much people.",5,2024-04-16T14:42:46.468506Z,2 years ago
ChIJG2cMO37cfkcR3wes0nPrVgo,"Real Napolitan style pizza, loved it. The restaurant is a chain, and you feel that the atmosphere is different than in an authentic restaurant of course. Except for the long wait to be able to pay and the priced higher than average pizza in Padova, it was a nice experience.",4,2023-12-04T18:20:06.582483Z,2 years ago
ChIJG2cMO37cfkcR3wes0nPrVgo,"The appetizers were excellent, very tasty and warm.
Pizza was good, but we had better already in other parts of Italy. The lady speaking English was very kind.",4,2024-02-07T20:44:32.026396Z,2 years ago
ChIJG7UGxAnbfkcREudGKik5bY4,"If you want to have some excellent vegan food in Padova, this is the place for you. You have plenty of plant-based, gluten free and seasonal-ingredient-based dishes. With a fixed price, you get 2, 3, 4, or 5 dishes or your choice. The portions are pretty small and the prices are a bit high, but the quality is incredibly good. This is for sure an experience that you'd enjoy with whomever you'll come here with. Recommended!",5,2025-11-03T18:13:28.845609295Z,9 months ago
ChIJG7UGxAnbfkcREudGKik5bY4,What a special spot we came upon! The menu is beautifully designed with vegan courses. We highly recommend the tasting tours! It was a delightful evening with very flavorful dishes & great services with the owner present. GRAZIE ❤️,5,2026-07-08T21:02:20.845492428Z,a month ago
ChIJG7UGxAnbfkcREudGKik5bY4,"Best vegan place in Padova absolutely! Hight quality, amazing dishes! Not the first time, not the last one! Menu change seasonally. Highly recommended for who have a vegan diet but also for who just want to try something different! Well done Ginger Gilly 💪🏻",5,2019-09-12T22:46:34.869980Z,6 years ago
ChIJG7UGxAnbfkcREudGKik5bY4,Very high quality vegan food. Some of the best I've ever had! Amazing tapas! They even make their own wine! It is a bit expensive (because there are tapas) but worth it.,5,2019-10-02T09:43:50.163838Z,6 years ago
ChIJG7UGxAnbfkcREudGKik5bY4,"🌱 Super interesting vegan experience, even if they do not really like it to call it vegan.
The food is really tasty, amazing flavours, ad well as the good wine selection too",5,2024-06-16T20:28:26.438114Z,2 years ago
ChIJGSD1MeDbfkcR2wTQVkB7IHg,Good drinks and music. They have typical Cuban rum and cocktails made from it. Also small things to eat. The cocktails come with peanuts 🥜  and fried pork snacks.,4,2021-12-06T11:24:13.844744Z,4 years ago
ChIJGSD1MeDbfkcR2wTQVkB7IHg,"Very nice place, however it was a long wait to be served and they made the wrong order",4,2025-07-02T20:39:45.979506288Z,a year ago
ChIJGSD1MeDbfkcR2wTQVkB7IHg,"€4,50 for a mediocre spritz with the tiniest portion of peanuts I have ever seen!",3,2024-10-01T16:45:17.297635Z,a year ago
ChIJGSD1MeDbfkcR2wTQVkB7IHg,Amazing atmosphere and incredible mojitos 😍,5,2025-11-14T19:28:01.047666971Z,9 months ago
ChIJGSD1MeDbfkcR2wTQVkB7IHg,"Good atmosphere. Gets busy. Food Cuban.... could do with aji! ( Chilli)
And dance space",4,2022-01-25T15:30:54.862818Z,4 years ago
ChIJGT3onmjafkcRVB-53dEILI4,"Cute little restaurants that serves up delicious vegan and vegetarian dishes packed full of flavor! All dishes were fresh and vibrant.

The service was friendly, however, a bit slow and the portion sizes were rather small for the price.",4,2022-04-30T20:34:33.998662Z,4 years ago
ChIJGT3onmjafkcRVB-53dEILI4,Nice small restaurant which serves only vegan good. Loved the taste of the food accept the pasta it was too dry. Would definitely recommend to go and try this place for vegan lovers.,5,2020-01-21T07:13:15.504574Z,6 years ago
ChIJGT3onmjafkcRVB-53dEILI4,"Super friendly staff, giving ideas, being patient with non vegetarians, superb atmosphere with a massive Jasmine outside with a beautiful fragrance.

The menu seems to be ad-hoc, love that and I wish I could try other days.

It is also close to the train and bus.stations!

Highly recommended!",5,2025-05-23T11:45:48.548905Z,a year ago
ChIJGT3onmjafkcRVB-53dEILI4,Highly recommended for the home cooked tasty style of cooking.,5,2026-04-07T00:00:29.576544297Z,4 months ago
ChIJGT3onmjafkcRVB-53dEILI4,The food was incredible. One of the best places in Padova which I have tried. A bit expensive for the that size portions tho,5,2025-07-16T19:45:13.022840115Z,a year ago
ChIJG_pQwFfbfkcR9NrMAhGmsFY,"We honestly had a great experience. Loved the food. All of it was wonderful. And we will definitely go back. Just next time we will book a table away from the restroom area. Sadly you can smell everything from the restroom. Another customer used it and he left such an awful smell, we left without ordering a dessert. The table across from us and behind us also got up and left because of the smell.

If you go, just stay away from the tables near the restooom.",5,2026-02-25T14:56:42.864200733Z,6 months ago
ChIJG_pQwFfbfkcR9NrMAhGmsFY,"It is honestly very disapointing. I don't know how are the other dishes, but we took a ramen and litterally got an instant soup with dried beef slices (very little). Would not recommend, please avoid this place or take some desserts but not a lunch",2,2026-01-29T16:00:56.132375262Z,6 months ago
ChIJG_pQwFfbfkcR9NrMAhGmsFY,"A good meal for a reasonable price. The mochi is handmade and to die for.
Can’t ask for more.",5,2026-07-12T14:03:11.125040322Z,a month ago
ChIJG_pQwFfbfkcR9NrMAhGmsFY,Really tasty vegetable noodles! So fresh and tasty food with really good price!,5,2024-11-19T21:34:19.059993Z,a year ago
ChIJG_pQwFfbfkcR9NrMAhGmsFY,I’ve been here twice!! The local is incredible. The food is amazing ❤️ like it,5,2025-08-03T13:15:46.552783253Z,a year ago
ChIJGf8i1HjbfkcRdLwI9isGxI8,"We took the gnocchi & the carbonata, it was splendid!
The restaurant was quiet and peaceful at 21:00 on a weekday and the service was quick
Thank you 🙏",5,2025-09-08T19:34:25.412220233Z,11 months ago
ChIJGf8i1HjbfkcRdLwI9isGxI8,"Nice place where food was good, not to expensive. It was unfortunately too hot to really enjoy the place (no more places invite where there was air conditionne...) and with the heat we had, we could still enjoy eating there! I recommend this place!!!",4,2019-07-01T12:33:10.093368Z,7 years ago
ChIJGf8i1HjbfkcRdLwI9isGxI8,"Nice surprise finding this. We'd stopped in Padua to see the Botanical Gardens. Left it a bit late for lunch and found this as a last resort. We loved it. Great octopus salad, friendly service.",4,2020-02-23T18:57:29.228883Z,6 years ago
ChIJGf8i1HjbfkcRdLwI9isGxI8,"Food is average and it is too expensive!! Service is the worst. Waitg for Food for one hour and when Food arrive you Wait additional 10-15min for drinks!!!?? Order glass of Wine my wife gets 0.2 and then they run out of Wine and gives me Like 0.1??? What a JOKE
Service is terrible most likely one of WORST you will ever see.
Only Location looks nice.",2,2022-05-08T19:52:31.780322Z,4 years ago
ChIJGf8i1HjbfkcRdLwI9isGxI8,This is a perfect place for a delicious pizza! Both indoor and outdoor spaces are nice. The service is professional. Just don’t forget to book ahead. Highly recommended!,5,2020-10-21T20:03:56.316567Z,5 years ago
ChIJGz0bWm7afkcRuXfLmdh88-U,"Very fast and friendly staff. Food is unexpectedly delicious! Big variety of pizza, also Lebanese snacks, kebab and salad. Nice and inexpensive apperitivo. I can really recommend this place",5,2026-04-26T18:44:11.372118794Z,4 months ago
ChIJGz0bWm7afkcRuXfLmdh88-U,"Perfect for hanging out with friends and family, I always see big groups, the service is fast and the waiters are always friendly and extremely attentive, on another occasion we had it delivered and also received excellent service by a young Arab guy,it was just as quick and friendly as in the restaurant.
Food is great at a nice price, the ambiance is chill and it’s easy to reach definitely worth coming after a long day of work or studying",5,2025-06-23T07:35:12.179984636Z,a year ago
ChIJGz0bWm7afkcRuXfLmdh88-U,"I had my graduation party here, and they really helped make it a special day. The food was great, the atmosphere was lovely, and the staff were super kind and helpful. Everything was perfect, highly recommend for celebrating something special like a graduation.",5,2026-01-23T09:33:33.369128678Z,7 months ago
ChIJGz0bWm7afkcRuXfLmdh88-U,"It's one of the best Paninos that I have tasted in Padova!
It's really rich and tasty.
I saw a pizza in the making, and it looked really delicious.
Even the people working there are lovely.",5,2023-05-25T10:45:06.815012Z,3 years ago
ChIJGz0bWm7afkcRuXfLmdh88-U,"Really enjoyed sitting with the locals for dinner. Huge range of pizzas. Mine was good. It and two drinks, 12 euros. Seems reasonable to me. Good option if staying at hotel junior and don't want a long walk",5,2023-09-20T14:15:21.817814Z,2 years ago
ChIJH-OWXADbfkcRHNV2JpTRTmA,"I ordered a takeout pizza and it arrived in less than 5 minutes. The delivery was made by a blue hedgehog?!? I don't know what it was. The fact is, he threw my pizza onto the roof and my grandfather had to climb onto the roof to retrieve it, breaking his back in the process. The pizza was excellent, though. I ordered it with a new sauce: smagma or smegmia, I don't remember the name.",3,2025-02-10T13:18:29.332145Z,a year ago
ChIJH-OWXADbfkcRHNV2JpTRTmA,"The staff was very helpful even though I showed up after closing time. They gave me some leftover salami from a lady, which was really good. I'll definitely be back. ☺️",4,2025-02-16T12:53:02.374598Z,a year ago
ChIJH-OWXADbfkcRHNV2JpTRTmA,"I went with my mother and daughter. A fun experience for everyone.
Despite the malfunctioning fryer, they managed to prepare some delicious dishes.",4,2025-02-09T12:42:45.961570Z,a year ago
ChIJH-OWXADbfkcRHNV2JpTRTmA,"buonissima la salsa smegma, la consiglio a tutti, cucina tipica turca",5,2025-10-07T15:59:54.169203286Z,10 months ago
ChIJH3nJp1HafkcRB4qO92Hc4Xw,"Generally no bad at all. If we talk about taste of dishes, some dishes we liked, some others were average, sashimi for example a very small size, rolls good, but some of them really too spicy. So, if be honest 3,5☆ for this place, so i gave 4, with hope they will do better.",4,2025-11-13T17:37:46.093975851Z,9 months ago
ChIJH3nJp1HafkcRB4qO92Hc4Xw,"This sushi restaurant is really great! The ingredients are fresh, and the sushi is delicate and full of flavor—you can tell a lot of care goes into each piece. The environment is clean and comfortable, and the service is warm and attentive. The food comes out quickly, and the prices are reasonable for the quality. I’ll definitely come back again and highly recommend it to anyone who loves sushi!",5,2026-03-20T13:08:05.089277591Z,5 months ago
ChIJH3nJp1HafkcRB4qO92Hc4Xw,"One of the best places to eat sushi in Padova. The sushi is very fresh, delicious, and beautifully presented. The atmosphere is great and the staff are friendly and attentive. If you are in Padova and love sushi, this place is definitely worth visiting. Highly recommended.",5,2026-03-15T20:32:22.181253973Z,5 months ago
ChIJH3nJp1HafkcRB4qO92Hc4Xw,We had a nice time and enjoyed the freshly prepared Sushi. The resto has a wide range to chooose from. The big platter Benta Box costs 9.90 Euro. Tnx to the perfect and helpful Service Lady Angelica who helped to choose well. 🙏 We returned again the following day 🤗,5,2025-07-28T21:43:03.640398703Z,a year ago
ChIJH3nJp1HafkcRB4qO92Hc4Xw,"We had dinner at this restaurant last night for an all-you-can-eat meal. It was amazing. The atmosphere was great, and the food was tasty and fresh. The presentation of the sashimi and dishes was meticulous, and the staff were polite with welcoming smiles. If I have the chance to visit this city again, I will definitely come back to dine here.",5,2024-05-29T20:50:48.269507Z,2 years ago
ChIJH48FyFHafkcRFLa0J4Wgvak,"The best pasta I have ever had in my life! I had the spaghetti, their specialty. Their scallop starter is also a must try! Service was very good, all the staff were very friendly. Will definitely visit again if I am in the city :)",5,2026-06-16T18:49:26.570127304Z,2 months ago
ChIJH48FyFHafkcRFLa0J4Wgvak,"On my solo trip to Italy, I want to eat good food. Enotavola Pino pleasantly surprised me. I had a 4 course meal with dishes chosen by the chef, and the entree on the house. My favourites were the scallop and the dessert. The wine pairings chosen by the waiter were great, especially the dessert wine was delicious. The spaghetti was perfectly cooked, with a pistachio sauce, foamed cheese and shrimp ketchup - an extremely creamy and unique combination.
The service was great, there is nothing to comment on. Many thanks to the 2 waiters who took care of me on this occasion.
What was unfortunately lacking was the atmosphere. While the restaurant has a cozy vibe, the music variates from weird remixes to soothing jazz. I believe a better playlist would improve the vibes by a lot. Except for that, my experience at Enotavola Pino was a memorable one! Thank you.",5,2026-03-25T08:25:32.714944341Z,5 months ago
ChIJH48FyFHafkcRFLa0J4Wgvak,"Very, very nice place, food and vine . We haven’t got any booking but the stuff were very kind to find a spot for us and our doggy. We had fresh langoustine -sweet as my childhood dreams, scallops and tuna.",5,2026-07-25T19:26:13.374657141Z,a month ago
ChIJH48FyFHafkcRFLa0J4Wgvak,"An intriguing seafood-centric restaurant in Padua with a well-curated wine selection. The flavors struck a nice balance—creative yet comfortably familiar. There are contemporary variations of conventional foods such as mayonnaise made out of pythoplankton. Every dish was fresh and made to order, showcasing a clear attention to quality. I particularly enjoyed the red shrimps (presumably harvested from the Adriatic) and the scampi, both served unshelled and as part of a mixed seafood platter. Interestingly, the breads didn’t seem freshly baked, which stood out slightly against the otherwise high standards. The wine house spirit is evident in the details too—like the walls, thoughtfully lined with wine corks, adding character and charm to the space. While the restaurant is recommended in the Michelin Guide, it hasn’t been awarded a star. Prices are not cheap and on par with starred restaurants. Still, I’d happily return. Finally, make sure you have a reservation due to its popularity.",5,2025-04-20T00:38:52.950272Z,a year ago
ChIJH48FyFHafkcRFLa0J4Wgvak,"After reading some reviews, I was excited to try this restaurant and it did not let down. We had the raw fish antipasti. The fish and prawns were fresh and the oysters were delicious. The first course with squid ink pasta was the best pasta o have had in a long time. I could not compliment this dish anymore. We also tried the turbot, but unfortunately for us, the fish was dry and the flavour pairings did not agree with our palette. Despite this, I would definitely go back if I’m ever in Padua. The service staff were friendly and attentive which made the evening even better :)",4,2025-09-18T22:55:59.364501175Z,11 months ago
ChIJH52IZ-7afkcRG_wF5EIASIs,staff is bad in dealing,2,2025-06-23T19:19:42.161100307Z,a year ago
ChIJH52IZ-7afkcRG_wF5EIASIs,"Clean place, always friendly staff, great for quick lunches and hearty breakfasts. Pleasant evening aperitif. Recommended!",5,2022-12-22T12:27:26.786867Z,3 years ago
ChIJH52IZ-7afkcRG_wF5EIASIs,"The place is completely empty. I arrive here with my three little girls and order a coffee. The rude owner looks at me and says, ""A coffee for four?"" A fair question if there had been a line outside and I was sitting at a table, consuming alone, but I was practically the only customer. Just as one person's rudeness can ruin an entire place. Never again.",1,2023-12-20T14:38:00.539424Z,2 years ago
ChIJH52IZ-7afkcRG_wF5EIASIs,"One of the bars in Padua where you can find a REAL Spriz, made well with the right doses! ... so you can't help but drink two!!! Excellent beer selection...
Top tramezzini, even better when warmed up.... In short, you have to try them!!!",5,2023-07-21T17:18:27.375838Z,3 years ago
ChIJH52IZ-7afkcRG_wF5EIASIs,"A must-visit for breakfast, lunch, and aperitifs.
The owner is delightful and always ready to accommodate her guests' needs!
If you're in the area, quality and professionalism are guaranteed!",5,2019-06-10T07:29:15.773523Z,7 years ago
ChIJH5aei1XafkcRLNB9MpVEF_g,"The food was amazing! A large selection of dishes and each is tastier than the next. The seafood salad was exquisite, as was the pork cottelette and the frito misto. Surely will come again",5,2026-07-18T20:54:21.992423826Z,a month ago
ChIJH5aei1XafkcRLNB9MpVEF_g,"We ate here the first time because it was next to our hotel. But during our week and a half in Padova, although we found many other good restaurants, we kept coming back here because the food is excellent, the restaurant itself is comfortable and pleasant, and the service is wonderful, especially the gentleman (Francesco) who helped us on most of our visits, with excellent wine recommendations, recommendations about dishes and more. The Christmas day lunch was one of the best meals we've ever had anywhere. The pizzas are good but I recommend the seafood dishes. We are coming back to Padova next month and I expect we will drop in again for at least one meal.

ADDED 2 WEEKS LATER: Since we were last in Padova we picked up our daughter and grandson and came back to Padova and tonight we took them to Ristorante Pontecorvo for dinner. Once again it was wonderful. It's not just the food but the service, the comfortable atmosphere and the fact that the staff really seem eager to give us a good experience. This is our favorite place in Padova and one of our favorite restaurants in Italy. I'll miss the place and when I visit Padova next time, I will be back.",5,2026-01-07T21:23:11.019202329Z,7 months ago
ChIJH5aei1XafkcRLNB9MpVEF_g,"Cosy restaurant; very nice and charming staff. The food is simply delicious!! 10/10
Next time I’m in Padua I will definitely come around. :)",5,2026-02-24T17:31:21.274328296Z,6 months ago
ChIJH5aei1XafkcRLNB9MpVEF_g,"Kind staff, good pizza crunchy but thick enough. Good price. Fast service.
Highly recommend",5,2024-06-09T15:56:08.815245Z,2 years ago
ChIJH5aei1XafkcRLNB9MpVEF_g,Best food we had in Italy on our last day. Hard to find good food in Venice and Padova on this trip. Seafood pasta and veal with mushrooms was excellent and reasonably priced.,5,2023-03-09T20:04:49.214962Z,3 years ago
ChIJH7r_WADFfkcRf693t9PP1EM,"We had been in Italy for 3 weeks and just fancied something different from pasta, for a change. This restaurant looked perfect and it did not  disappoint. Great, flavourful curries with chunks of chicken and onion. Highly recommend the basic chicken curry and their version of pulao rice. The service was excellent - warm and welcoming and happy to recommend dishes. Lovely meal and we would love to go back sometime.",5,2025-05-28T08:14:54.418764Z,a year ago
ChIJH7r_WADFfkcRf693t9PP1EM,"During our European trip, we had a fantastic experience ordering from Pavan's restaurant while in Padua, Italy. Pavan was incredibly helpful, readily accommodating our large order for 15 people. He ensured our satisfaction and even delivered the food to our hotel. I highly recommend his restaurant to anyone visiting the area. Thank you, Pavan!",5,2025-04-15T21:57:37.694990Z,a year ago
ChIJH7r_WADFfkcRf693t9PP1EM,"We stopped by this place on our first day in Padua for a conference, missing Indian food after days in Italy and it was just perfect. The chole and naan were comforting and full of flavor, and the biryani we took to-go was just as good.

What truly made the experience special was Chandan, our server. He was incredibly warm, checked in often, and made us feel right at home. When we couldn’t book a cab due to network issues, he went out of his way to help us even using his own phone to call one for us. It meant a lot.

Such kindness is rare when you're far from home. We left with full hearts (and stomachs!). Highly recommended.",5,2025-07-25T20:31:53.276423444Z,a year ago
ChIJH7r_WADFfkcRf693t9PP1EM,"Best food ever in Padova as an Indian Pakistani(Halal) Food, Very nice and good place in ponte di brenta, alot of space for parking. Easily reachable to that restaurant if you live in Padova. The prices are very good and affordable, the restaurant ambiance is very good, the staff is very gentle and polite. They also give us appetizer as a starter, discount in the bill, and lavender incense as a gift. Highly recommended to everyone, 5 stars from my side. A must try restaurant. I would love to come again.",5,2025-02-25T11:10:55.041373Z,a year ago
ChIJH7r_WADFfkcRf693t9PP1EM,Excellent food with affordable prices. Must visit Indian restaurant in Padua,5,2025-02-24T10:24:51.746898Z,a year ago
ChIJHRQhATbbfkcRFHb1xTFfBEA,"We go to this restaurant every day for lunch. The place is very clean and spacious, and it's also tastefully decorated.
There's always a wide selection of dishes, including starters, main courses, and side dishes, so depending on your tastes and needs, you can choose between tastier or healthier options, all of which are always excellent.
The value for money is very good, considering you can get an excellent fish main course with a side, water, and coffee for just under €14. If you then opt for a main course, you'll spend less than €10.
The coffee is also very good.
Finally, the all-female staff is impeccable in my opinion. I've never seen any disrespectful behavior toward customers. In fact, they always treat us kindly and with a smile, so I highly recommend it.",5,2024-11-27T12:11:18.636066Z,a year ago
ChIJHRQhATbbfkcRFHb1xTFfBEA,"Good variety of dishes. The salads are also excellent. It's a shame that every time I order the tuna salad, I feel sick. Maybe it's poorly preserved? Prices are higher than average for a work lunch break.",3,2026-05-24T08:31:17.199974912Z,3 months ago
ChIJHRQhATbbfkcRFHb1xTFfBEA,"New self-service restaurant where you can enjoy excellent lunch dishes during your work break.
A varied selection of first courses, second courses, and side dishes, as well as salads and sandwiches.
A pastry section is also available for breakfast in the morning.
Both paper and electronic meal vouchers are accepted.
Friendly and helpful staff.",5,2022-05-24T14:29:17.977645Z,4 years ago
ChIJHRQhATbbfkcRFHb1xTFfBEA,"We love going to Meridiana for lunch because the food is delicious, with a great selection of dishes, including fish, and lots of delicious baked vegetables. The staff is very friendly and professional.",5,2026-01-29T13:00:44.094698950Z,6 months ago
ChIJHRQhATbbfkcRFHb1xTFfBEA,"We went to this restaurant after doing a quick search on Google Maps and seeing which one had a good rating. We found Meridiana, which had 5 stars, and we gave it a try.
We can only confirm the rating!
A wide selection of dishes, all very good, excellent value, and a welcoming atmosphere.
We chose to eat outside because it's a bit noisy inside.",5,2023-03-23T13:02:29.220200Z,3 years ago
ChIJHWmtFADbfkcRnIzpiAOo2Z8,"Had my graduation dinner at Al Prato and it did not disappoint! Graziano was so kind in accommodating us as we booked the table last minute. Everything we tried was delicious, but the rabbit was spectacular! The waiters were great and made sure we had everything we needed throughout the night. The view is beautiful and the restaurant is modern and clean. Will definitely be back!",5,2025-11-09T21:47:33.825479477Z,9 months ago
ChIJHWmtFADbfkcRnIzpiAOo2Z8,"Elegant / informal dining.   Excellent duck!  2nd best ever.  Pasta with lobster was delicious and something to order again.   Staff was fun, engaging and excellent attention to guests.  We watched them fillet and serve their specialty fish.  Excellent.  This a a place to go a few times to try all the dishes.",5,2026-04-22T19:40:26.163316116Z,4 months ago
ChIJHWmtFADbfkcRnIzpiAOo2Z8,"A lovely dinner on the outside patio at Al Prato, looking across Prato della Valle at the sunset glow on Abbazia di Santa Giustina.  Service was professional and the food was very good.  My partner started with a red tuna tartare  (good) and I had the crunchy fried baby shrimp (excellent!).  My partner then had potato gnocci and I had spaghetti in a seafood sauce.  Both very good. We paired these with a recommended Vermentino from Sardinia.",5,2025-06-03T20:21:26.159901Z,a year ago
ChIJHWmtFADbfkcRnIzpiAOo2Z8,Beautiful venue on Prato delle Valle. Food does not disappoint. Graziano & staff are very helpful and managed to accommodate our booking last minute. Would definitely recommend.,5,2025-11-09T12:38:13.549983789Z,9 months ago
ChIJHWmtFADbfkcRnIzpiAOo2Z8,"Best meal we had in the area. Service and Food was excellent.  Recommended by our hotel, noting it specialized in seafood.  We had the sea bass for two and it was excellent.
Eggplant ravioli was a great starter. Mussels soup was also delicious.  Highly recommend 👌",5,2025-10-22T19:59:16.577375419Z,10 months ago
ChIJHYbJqC1IeUcRN-ytSZ5NA8E,"Great experiences.
From the booking moment till the eating atmosphere. We were in contact on Whatsapp and ordered in advanced as we were with kids to avoid waiting.
When we arrived all was ready and we enjoyed all the food.",5,2026-02-28T19:35:31.389368129Z,5 months ago
ChIJHYbJqC1IeUcRN-ytSZ5NA8E,"Wonderful restaurant. The food is delicious (several vegan/veggie options). Staff is cordial and professional, the atmosphere is cosy and welcoming. I highly recommend the seating areas with the benches, they are stylish and private.

Excellent location not too far from the stadium carpark.

Dishes I would recommend 🍽️

- Crispy Tofu
- Veggie Pad Thai (ribbon rice noodles)
- Green Veggie Thai Curry

Other pros worth mentioning: online menu (Italian and English) allows you to add up the choices and see how much you will be spending🫰 Staff wears covid masks 😷👍",5,2023-01-01T14:13:52.524436Z,3 years ago
ChIJHYbJqC1IeUcRN-ytSZ5NA8E,"I've known this restaurant since 2013, and whenever I want to experience Thai food, I come here. The place is beautiful, and the food is delicious. The dishes remind me of my experience in London, where I worked in a Thai restaurant, and the cuisine is the same. The added value of this place is the staff, always friendly and kind, who create a warm, family-like atmosphere. I recommend this restaurant to everyone for an unforgettable lunch or dinner. It remains my go-to spot for special memories with loved ones!",5,2025-12-24T10:58:09.295998224Z,8 months ago
ChIJHYbJqC1IeUcRN-ytSZ5NA8E,"I had a very nice experience in a beatiful location, typical of the proposed cousines.
The service is punctual and friendly, while the food is very tasty and not too much expensive.
Approved!",5,2025-01-26T16:39:07.371483Z,a year ago
ChIJHYbJqC1IeUcRN-ytSZ5NA8E,"Shoku Ristorante Tai Japan in Treviso is an absolute gem and a true reference point for Japanese cuisine. From the very first moment, you feel the attention to detail, professionalism, and genuine passion for hospitality.

The food is simply exceptional: fresh, perfectly balanced, and beautifully presented. Each dish reflects authenticity, precision, and high-quality ingredients, making every bite a real experience rather than just a meal. The flavors are refined yet comforting, showing deep respect for Japanese culinary tradition.

The service is outstanding—warm, attentive, and highly professional. The staff is knowledgeable, always available to explain dishes and offer recommendations, and they make you feel truly welcome throughout the entire dining experience.

The atmosphere is elegant and calm, ideal both for a special evening and for those who appreciate high-level cuisine in a refined setting.

Shoku is not just a restaurant, but an experience that sets a very high standard. Highly recommended to anyone looking for exceptional food and impeccable service in Treviso. I will definitely return.",5,2025-12-14T20:38:13.992413318Z,8 months ago
ChIJHZ7d41rafkcR162P5rYDR-w,"small but cute place. pizza was really good, staff is nice. recommend👍🏽",5,2026-07-26T12:21:19.316171231Z,a month ago
ChIJHZ7d41rafkcR162P5rYDR-w,"Delicious pizza and friendly shop owner, what more is there to say?

For reference, this is the Sant-Antonio pizza which was a recommendation and it was amazing :)",5,2026-04-19T21:10:35.016834317Z,4 months ago
ChIJHZ7d41rafkcR162P5rYDR-w,"A nice little ""semi"" self-service pizzeria in Padua. :) You order your pizza or pizza-cut from the cook and take your drink from the fridge and your cutlery from the shelves and enjoy your beer while the cook brings you your pizza. :)

Inside is just a few tables to sit at but you can sit at the terrace outside the restaurant and enjoy the sunshine and fresh air as you also enjoy your pizza :)

Prices are very affordable. So you won't make a mistake of coming here for a quick meal. :)

I suggest the pizza with blue cheese and walnuts. 😊🍽🍕

They have vast selection of simple but originally prepared pizzas :)",5,2025-06-07T10:19:25.520893Z,a year ago
ChIJHZ7d41rafkcR162P5rYDR-w,"⭐⭐⭐⭐⭐
Unbeatable value for money! The quality of the pizza here is absolutely incredible, hands down the best in Padua! Fresh ingredients, perfect dough, and a great variety of toppings. The price list proves that it's not only delicious but also very reasonably priced. This small and cozy spot has a unique charm. If you're in Padua, this place is a must-visit, simply fantastic!",5,2025-03-14T18:13:34.217054Z,a year ago
ChIJHZ7d41rafkcR162P5rYDR-w,"One of the better pizzas I've ever had.

Amazing service. Fast.  Affordable.  Great selection. Incredible flavor.

Heading back tomorrow for lunch. Definitely recommend.",5,2025-09-30T22:30:48.521776641Z,10 months ago
ChIJHZRkfgDbfkcRCUV8z4veRnc,"This is the Padova branch of the famous Neapolitan pizzeria chain, Sorbillo. First, it's worth noting that in Naples, there are actually two pizzerias with the Sorbillo family name: Gino e Toto Sorbillo and Antonio e Gigi Sorbillo. The more widely known one with multiple branches is the former — Gino e Toto Sorbillo.

While some Gino Sorbillo locations hold AVPN certification, this particular branch does not. However, the ingredients used here — including the flour and tomatoes — are AVPN-certified, just like at the other branches.

Interestingly, this was my best experience at a Sorbillo so far. The dough, both in terms of texture and flavor was noticeably better than at other locations. I particularly enjoyed the cornicione (the puffed-up, thicker edges of the crust) and the Terre Francescane olive oil. Overall, a pretty good representation of a Neapolitan Pizza. My only criticism was the slightly overcooked cheese (you should never see any browning).

The restaurant itself is clean and impressively well-run, even during busy hours. Located in a popular neighborhood, it tends to be packed in the evenings, but turnover is fast — expect a wait of only about 5–10 minutes. It’s a three-story establishment, and quite uniquely, the baking oven is located on the middle floor — something I’ve never seen before.",4,2025-04-16T18:45:40.386363Z,a year ago
ChIJHZRkfgDbfkcRCUV8z4veRnc,Super pizza.... in Napoli was closed when i was there so  found this one in Padova...was surprised and happy in the same time that I could try pizza napoletana from famous Ginno...,5,2026-05-16T12:09:08.977505538Z,3 months ago
ChIJHZRkfgDbfkcRCUV8z4veRnc,We took it the pizza take away. I can tell you at 100% thaf This is not the same pizza that you can find in Naples. Staff is very nice the pizza that is another thing comoared to the original Sorbillo,2,2026-06-24T20:44:10.547278496Z,2 months ago
ChIJHZRkfgDbfkcRCUV8z4veRnc,"You completly ruined our first night in Padova. We kindly asked for a table and you did not mentioned that we have to wait almost 2 ours for three pizzas....during that time about 200 pizzas were made for take away. One of my kid started crying for food in your restaurant. People started to complaining..& we weren't the only family with kids.  That was a Wednesday night.....

Choose another place if you want to enjoy your meal we coud not after this situation in this atmosphere around us.

K",1,2026-06-25T06:36:03.209727190Z,2 months ago
ChIJHZRkfgDbfkcRCUV8z4veRnc,"Super kind staff, high ingredients, highly digestive dough.
BUT the tomatoes sauce was quite watery and it’s too thin (except the corner) to fold it because everything will fall down.",3,2024-10-27T08:39:23.900266Z,a year ago
ChIJHdait-HbfkcRrBjT4Evyw1Y,"What a fine dining experience! The waiters are super friendly and the chefs have taken the regional products to the highest level. We loved the the baccala tacos, the super fresh CCCC and the seafood based pastas.
All this while the ambiance is still very casual at the long shared tables. We also loved watching the action in the kitchen.
What a great find in Padova👌
We will be back!",5,2024-12-24T05:59:21.604152Z,a year ago
ChIJHdait-HbfkcRrBjT4Evyw1Y,Super super super!,5,2024-11-10T20:12:20.278487Z,a year ago
ChIJHdait-HbfkcRrBjT4Evyw1Y,"Almost perfect. Two flaws: the raw scampi and shrimp contained intestines. The wine list could be improved, and the selection of liqueurs or bitters was practically nonexistent. In any case, the food was good, and we'll gladly return. We really appreciated the service from the waiter, who was very professional.",4,2025-01-19T16:17:37.818945Z,a year ago
ChIJHdait-HbfkcRrBjT4Evyw1Y,"We had the pleasure of savoring dishes whose aesthetic details were meticulously crafted, creating a visual harmony that beautifully anticipated the culinary experience.

Each course surprised with its balance, creativity, and quality of ingredients, leaving us with an indelible memory of the place and its welcoming atmosphere.

A heartfelt applause to the kitchen for the skill and passion that shine through in every dish, and a special thanks to the attentive and discreet wait staff.

We will definitely be back.",5,2025-01-14T20:31:40.060062Z,a year ago
ChIJHy9ImhDbfkcRq995tcfrTXg,Really good pizza!,5,2026-05-09T20:10:54.716193085Z,3 months ago
ChIJHy9ImhDbfkcRq995tcfrTXg,"Extraordinarily clean, food and price is good",5,2025-12-21T23:03:08.652194150Z,8 months ago
ChIJHy9ImhDbfkcRq995tcfrTXg,"Per me un buon panino kebab si giudica da due cose: la dimensione e il gusto, e qui sono entrambi al top",5,2026-04-26T19:15:27.466069208Z,4 months ago
ChIJHy9ImhDbfkcRq995tcfrTXg,"The place is nice and clean, but if the kebab pizza is so tasteless that you practically don't know what you're eating, we're definitely not there.",1,2026-06-14T07:39:12.095139891Z,2 months ago
ChIJHy9ImhDbfkcRq995tcfrTXg,"The name suggests a quality that I found, but the price is relatively high (€8 for a kebab is a lot and the portions weren't large). The place is clean and you can eat there. There was only one guy making pizzas and kebabs, so the service was slow.",4,2026-04-14T08:10:25.685815635Z,4 months ago
ChIJI7PAUzbafkcRMTDjHU9OScI,"My favourite pizzeria in Padova for sure! I love the food, the place itself, and the sweet & cheerful atmosphere of people. My mom came to Padova all the way from Turkey just to see me, and I immediately brought her here. Also shoutout to the guy whose Turkish best friend is getting married in Istanbul this summer 🙂",5,2024-11-01T19:41:09.939725Z,a year ago
ChIJI7PAUzbafkcRMTDjHU9OScI,we had one of the best pizzas that you can find in padova here. you can get singular circular pizzas or get the rectangular ones to share with friends. I got the one with the aubergines and the dough was cooked to perfection and the toppings were very tasty.  Prices were reasonable and the interior design it's just so cute and tasteful.,5,2023-01-17T19:51:10.816597Z,3 years ago
ChIJI7PAUzbafkcRMTDjHU9OScI,"The foods are awesome! My husband and I went here to celebrate our dating anniversary. I didn't expect that the foods are THAT good! They forgot our limoncello at the end, but then they gave us that freely when we paid! Lovely!",5,2024-01-30T19:56:07.336003Z,2 years ago
ChIJI7PAUzbafkcRMTDjHU9OScI,Worst experience in Italy! Stay away! The owner got violent and cursed us out in Italian simply because we asked for tomato sauce. Completely unacceptable and an unsafe environment.,1,2025-04-13T12:17:44.389126Z,a year ago
ChIJI7PAUzbafkcRMTDjHU9OScI,Excellent food!!! Fresh and tasty! Service is superb. Great for quick bites and for family gatherings,5,2024-11-12T18:02:28.966701Z,a year ago
ChIJIUghpj_bfkcRmw6k2xWFnro,"Spent quite a bit of time here during my one month visit in Padua. They offer a variety of Chinese cuisine, ranging from spicy hotpot to noodle soups, even including delicious BBQ options. The staff members were also really friendly. I have tried all the Chinese restaurants in Padua and this was definitely my favorite, recommended it to all my Italian friends.",5,2025-01-26T18:20:42.045964Z,a year ago
ChIJIUghpj_bfkcRmw6k2xWFnro,"I found the service very disappointing.  We had to wait for over an hour for our first dish and even then no steam rice was served. Had to ask for the steam rice and even then it took ages to arrive.
The food and atmosphere is average. Don't expect any service from these people. They are extremely rude and do not have any understanding of what is service. Sad!",1,2026-06-21T17:12:54.444858649Z,2 months ago
ChIJIUghpj_bfkcRmw6k2xWFnro,Good food. Friendly staff. Beef with salt and Pepe is recommended.,4,2026-06-10T17:22:11.150800348Z,2 months ago
ChIJIUghpj_bfkcRmw6k2xWFnro,The experience was fine for a one-time visit. It could be a good option if you're looking for something different.,3,2025-02-01T22:39:12.271404Z,a year ago
ChIJIUghpj_bfkcRmw6k2xWFnro,"At last an authentic Chinese restaurant in Padua. The food is traditional and delicious, the premises are clean and the prices are reasonable. The menu has nice photos of the dishes so there are no problems with communication. We'll go back to try other interesting dishes for a new taste experience.",5,2025-08-02T13:07:56.490613036Z,a year ago
ChIJIWm-lxXbfkcR2SZ0UBpubvk,"Extremely cool restsurant including coolest popular themes from Japan. Only one minus, they don't serve highball which should be common in Japan.",5,2026-01-03T13:04:26.873996412Z,7 months ago
ChIJIWm-lxXbfkcR2SZ0UBpubvk,"This place is amazing! The service is fast and very polite, they took the time to translate and explain the menu to us.  The restaurant is decorated in a Japanese “street” style, its very unique and fun. The food came quite fast after ordering and it was wonderful! Their dishes are the meaning of “comfort food”. We had ramen, a ricebowl and a few steamed buns. We would definitely recommend this place to anyone visiting Padova.",5,2023-08-18T20:26:45.706317Z,3 years ago
ChIJIWm-lxXbfkcR2SZ0UBpubvk,"Felt like i was in Japan and not ind Italy. The ambient, the music, the food, anime all over the place. My otaku heart was beating Joy Boy (One Piece) rythm. The ramen was fantastic",5,2025-06-22T11:28:22.483985364Z,a year ago
ChIJIWm-lxXbfkcR2SZ0UBpubvk,"A really great place if you like Japanese simple food. An atmosphere of a street food cafe with a fast and very hood service. Generous portions , tasty and at reasonable price. We had a lunch, but can be fine even for light democratic dinner.",5,2024-01-03T21:51:05.847163Z,2 years ago
ChIJIWm-lxXbfkcR2SZ0UBpubvk,"We ordered Ichiban and Shoyu Ramen + dumplings. The food was very good and as an Asian who has eaten at numerous Japanese restaurants, I approve. The servers were also attentive, polite, and can speak English. The service was fast. Atmosphere is kawaii!",5,2023-08-14T21:14:51.965563Z,3 years ago
ChIJI_nnNQDbfkcR7SsJ-UAP2UU,"If you visit Padova you cannot miss this place, Longato Pizza e Focaccia. Their Pizza's and Focaccia's our a wonderful gourmet experience.  A lot of different choices and a very welcoming staff.
My ""Assoluto di pomodoro "" with 5 different kind of tomatoes was simply sublime.",5,2026-08-22T09:57:47.862658309Z,in the last week
ChIJI_nnNQDbfkcR7SsJ-UAP2UU,"delicous. absolutely worth every euro and the sizes were huge although they don't seem like it. the staff was so nice. the fries were a little soggy but homemade. the focaccia is 10/10, never had better one.",5,2026-08-17T11:19:00.590713737Z,a week ago
ChIJI_nnNQDbfkcR7SsJ-UAP2UU,"Terrible. The owner is arrogant, rude, and completely uneducated. They don't even serve your table, and if you ask for something, it almost feels like you're bothering them. Zero courtesy, zero professionalism. Absolutely avoid.",1,2026-08-22T13:08:20.209502595Z,in the last week
ChIJI_nnNQDbfkcR7SsJ-UAP2UU,"Excellent takeout pizza slices. I ordered the zucchini flowers, zucchini and buffalo mozzarella, and the porchetta and potatoes. Top!",5,2026-08-20T23:55:16.918582152Z,in the last week
ChIJIauuTADbfkcRxMCpAUo2hm4,big kebab,5,2026-03-10T19:16:31.858737373Z,5 months ago
ChIJIauuTADbfkcRxMCpAUo2hm4,"I was curious to try this new place and ordered a kebab sandwich to go. The sandwich is made on site and cooked fresh in the oven, and it's very good. The kebab meat is good, and the other ingredients are fresh.
The service was very fast; I would have happily waited a couple more minutes for the meat to be hotter.
Highly recommended!",5,2026-03-18T20:43:30.171613047Z,5 months ago
ChIJIauuTADbfkcRxMCpAUo2hm4,"I walked in and the owner greeted me immediately.
Fast and quick food, excellent. I recommend it for anyone who wants to hang out with friends or is just passing through.
Recommended for all ages and a wonderful time.",5,2026-03-09T18:09:13.286385116Z,5 months ago
ChIJIauuTADbfkcRxMCpAUo2hm4,"A wonderful find in the Mortise neighborhood. I had a sandwich and a piadina kebab. Delicious! Fresh, flavorful, and plentiful. Even the piadina bread is made fresh!
I'll definitely be back to try something else!",5,2026-04-29T06:58:22.295277541Z,3 months ago
ChIJIauuTADbfkcRxMCpAUo2hm4,"The food is delicious, the service is good both at the table and on delivery, and the atmosphere is welcoming and clean.",5,2026-03-15T21:26:40.458816875Z,5 months ago
ChIJIesUGFjafkcR4MGNLHzkjZc,The nicest people! Beautiful food and very friendly staff. Absolutely delicious sandwiches too (as proven by the very large queues at lunch times). Returning after many (6) years I found that the food and service remain stellar and I look forward to returning again much sooner,5,2025-05-26T19:40:27.155700Z,a year ago
ChIJIesUGFjafkcR4MGNLHzkjZc,"Best sandwiches near the university, you can have one for lunch for just 2€. Almost every student has been there....
Sandwiches are good, originals, low-cost, and the personal is kind and nice.
Recommended",5,2015-11-15T16:59:37.682Z,10 years ago
ChIJIesUGFjafkcR4MGNLHzkjZc,"You want to eat something fast but cheap and healthy, you love sandwiches? Then go inside and choose your filling for a cheap price! Great place to have a quick bite!",5,2017-10-31T13:03:55.466Z,8 years ago
ChIJIesUGFjafkcR4MGNLHzkjZc,Extrem friendly guys. We found everything we need there. Prices were really ok! The sandwiches are a dream. Thank you for your friendly support. We will miss you.,5,2019-08-16T16:48:15.733114Z,7 years ago
ChIJIesUGFjafkcR4MGNLHzkjZc,"Friendly staff and lot of salami, cheese, wine, pasta. Local food and drinks.",5,2025-10-29T18:09:30.115628364Z,10 months ago
ChIJJ1UsXlTFfkcR-1HMi_Q7CGQ,"⭐⭐⭐⭐⭐ Dalvirsing provided outstanding service. He was friendly, attentive, and made us feel very welcome. His excellent hospitality made our dining experience even better. Highly recommended!",5,2026-06-28T19:05:27.913874091Z,a month ago
ChIJJ1UsXlTFfkcR-1HMi_Q7CGQ,The best thing is tandoori roti which not availed in whole europe. Service was also awesome.,5,2026-06-26T18:33:32.697950042Z,2 months ago
ChIJJ1UsXlTFfkcR-1HMi_Q7CGQ,"Amazing food, had misal pav in Italy
Better than in some cities in India
Went with sotc tour
Samosa was really good",4,2025-05-23T11:52:19.444691Z,a year ago
ChIJJ1UsXlTFfkcR-1HMi_Q7CGQ,"Food was awesome
Owner is friendly
Pure veg options also available
Staff is highly professional as well
Thanks for the wonderful experience",5,2026-05-27T18:30:35.857071869Z,3 months ago
ChIJJ1UsXlTFfkcR-1HMi_Q7CGQ,"delicious food, Very Nice Location. Very Nice Behaviour Of staff.",5,2024-12-29T13:35:36.795645Z,a year ago
ChIJJ3mpUXjbfkcRhOFAMzHg92I,"As Lebanese customers, we were very disappointed with our experience at this restaurant.

We ordered three “Piatto Mille e Una Notte” dishes, which were described as including shawarma, traditional tabbouleh, hummus, falafel, and potatoes with harissa.

Unfortunately, we expected dishes that were reasonably close to authentic Lebanese cuisine. The shawarma was particularly disappointing and had a very poor taste. We could not finish it. In our opinion, it was even worse than the typical kebab sandwiches commonly found in many fast-food kebab shops.

The tabbouleh was not a traditional tabbouleh. The ingredients and flavor were very different from the authentic Lebanese dish. The hummus was also disappointing in both taste and quality.

We understand that restaurants may adapt recipes, but when dishes are advertised as traditional food, customers expect something closer to the authentic cuisine. This was not the case for us.

Sadly, this was one of the most disappointing meals we have had, and we would not return.",1,2026-06-06T14:07:56.985531864Z,2 months ago
ChIJJ3mpUXjbfkcRhOFAMzHg92I,"Sadly, I did not take any pictures at this beautiful and delicious restaurant. I went with a group of friends after we all finished our exams.

This restaurant is so delicious!! I haven’t had Lebanese food this good since eating in Dearborn heights in the U.S. Since I used to live 20 minutes from Detroit where there’s a lot of Lebanese other middle eastern cuisines, I have high expectations. And my feedback about the food at Mille e Une Notte is completely positive!

I got babaganoush, hummus, falafel, mudjara, fatoush, pita, cardamom tea, and baklava. My friend also got the fresh doogh (traditional Persian yogurt and mint drink) which was super good.

The falafel had the perfect amount of garlic, coriander, and herbs. It was fantastic. And the fatoush was so refreshing and light, while the babaganoush was hard not to finish so fast 😅

Everything was seasoned perfectly, everyone was full, and the waitress was so kind!

I will definitely come back when in Padova next and I look forward to it 🙏🏻",5,2026-02-24T21:46:00.874649417Z,6 months ago
ChIJJ3mpUXjbfkcRhOFAMzHg92I,Amazing! Food amazing...service and athmosphere amazing....as Lebanon and M.E. are my second countries...the ♡ one....i felt home.,5,2026-06-19T19:50:18.023523260Z,2 months ago
ChIJJ3mpUXjbfkcRhOFAMzHg92I,"Great food, lovely service, couldn’t recommend enough!",5,2026-04-26T12:30:26.146561610Z,4 months ago
ChIJJ3mpUXjbfkcRhOFAMzHg92I,Everything about the food and the place was very good,5,2026-03-12T19:11:44.280588457Z,5 months ago
ChIJJRZgcpvbfkcR80Zm7OfAl30,"I'm really disappointed with this restaurant, because my son came for a class dinner and they got a pizza that was harder than a rock and you had to use a knife or a hammer to fold it.
I hope they change their review after this, otherwise I won't be coming back next year.",3,2026-06-06T18:34:24.173474830Z,2 months ago
ChIJJRZgcpvbfkcR80Zm7OfAl30,"A legendary place with incredible potential, completely out of control. What a shame!",1,2026-06-06T21:30:31.666095204Z,2 months ago
ChIJJRZgcpvbfkcR80Zm7OfAl30,"I was here today and had a great time. The food was great. I highly recommend it. The staff is super helpful.
I'll definitely be back and I recommend it.",4,2020-12-11T17:06:42.118119Z,5 years ago
ChIJJRZgcpvbfkcR80Zm7OfAl30,"I call to reserve a table for four adults, former rugby players.
They tell me to text.
No response to my reservation.
I've been waiting for it for six days.
The next evening I show up in person and the waitress points out that I'm pushing my bike.
Knowing I only need to reserve for four people without coming in, I don't lock my bike in the locker.
There's no way to reserve; the waitress's conversation is focused on the bike.

I've been going to this place for years... I don't recognize it anymore.
Terrible staff and poor management.",1,2023-02-14T12:00:37.158100Z,3 years ago
ChIJJRZgcpvbfkcR80Zm7OfAl30,"We ate well, the pork Tomahawk was spectacular, in a clean environment and with excellent service.",5,2020-06-01T13:02:13.181740Z,6 years ago
ChIJJTe6dwDbfkcRErUUiNl1XdA,5 ⭐️⭐️⭐️⭐️⭐️,5,2026-07-25T15:26:20.513251206Z,a month ago
ChIJJcaE5dfbfkcRLb4qY_61PSc,"Perfect for a quick and tasty lunch break! I was impressed by the wide variety of options: there's truly everything, from pizzas to first and second courses, to fresh salads and generously filled sandwiches. Service is prompt, which is essential when you're pressed for time. Recommended!",5,2025-12-12T12:39:39.523501950Z,8 months ago
ChIJJcaE5dfbfkcRLb4qY_61PSc,Top pizza! The other dishes are perfect for a quick lunch. Reasonable prices for the area.,4,2024-11-26T14:33:34.642907Z,a year ago
ChIJJcaE5dfbfkcRLb4qY_61PSc,Excellent value for money,5,2026-05-14T15:05:32.260356803Z,3 months ago
ChIJJcaE5dfbfkcRLb4qY_61PSc,Had lunch and ate well. Very kind and attentive staff.,4,2024-12-08T10:36:28.170386Z,a year ago
ChIJJcaE5dfbfkcRLb4qY_61PSc,Fast service and great coffee.,4,2025-04-16T12:10:13.298609Z,a year ago
ChIJJw-L55HZfkcRWjMRRzq2FDw,"Kind staff, fair prices, good quality sushi. Recommended.",5,2024-02-09T21:30:29.306766Z,2 years ago
ChIJJw-L55HZfkcRWjMRRzq2FDw,"Good all-you-can-eat sushi place in the outskirts of Padova. Really good taste, 23€ pp.",5,2019-12-22T15:54:19.786403Z,6 years ago
ChIJJw-L55HZfkcRWjMRRzq2FDw,"Excellent sushi, one of the best in town. Very efficient and polite service, as usual. Highly recommended",5,2022-10-02T08:23:07.926988Z,3 years ago
ChIJJw-L55HZfkcRWjMRRzq2FDw,"Cozy place with a very tiny parking lots, food os good and prices are average. Some of their tables are weird and doffocukt for waiters to serve you. Other than that it is quite good",4,2020-06-28T21:20:44.344349Z,6 years ago
ChIJJw-L55HZfkcRWjMRRzq2FDw,"amazing food, fair prices, helpful staff!",5,2024-03-09T23:42:33.125542Z,2 years ago
ChIJK6QRWADbfkcRUhBPUjFnLHk,The vegetables are not enough and the taste is barely ok.,3,2026-03-18T07:39:53.519076376Z,5 months ago
ChIJK6QRWADbfkcRUhBPUjFnLHk,Good food👍,5,2025-12-12T19:30:00.138531918Z,8 months ago
ChIJK6QRWADbfkcRUhBPUjFnLHk,Good food👍,5,2025-12-12T19:27:50.621479171Z,8 months ago
ChIJK6QRWADbfkcRUhBPUjFnLHk,"Opened a few days ago under the portico of Piazza dei Signori (looking at the clock in the square, it's on the right) with very friendly staff.
Good kebabs, well-filled and freshly prepared, but takeout only.
The pizzas are also reasonably priced.",5,2025-12-08T12:45:24.467454922Z,8 months ago
ChIJK6QRWADbfkcRUhBPUjFnLHk,Their kebab is excellent. I've been there many times and have always been greeted with a smile.,5,2026-01-01T10:48:48.785517835Z,7 months ago
ChIJK6THh03afkcR6IgS-jLW8U8,"Hidden gem. This place was lovey, real, and affordable. If one has had enough pasta and pizza for a day or is looking for a nice place to date a someone (who enjoys raw meat) this is a perfect option. The owners are sweet people and the food is phenomenal. I’m literally contemplating to go back tonight.",5,2018-07-25T11:00:36.883Z,8 years ago
ChIJK6THh03afkcR6IgS-jLW8U8,"We had a beautiful dinner here. The meat was super soft, the stuff were super kind. The music was the cherry on the top! Nice jazz, not too loud but very calm and homey. Thank you Padova!",5,2023-10-20T19:15:19.910590Z,2 years ago
ChIJK6THh03afkcR6IgS-jLW8U8,"Probably best tartar in the region. Highly recommended.
Creative dishes with amazing taste combinations.
Friendly staff and beautiful interior.
Highly recommended. As the place is quite small a booking would ensure you get a table.",5,2019-10-02T21:37:10.926775Z,6 years ago
ChIJK6THh03afkcR6IgS-jLW8U8,"Best tartare in Padova in my opinion. Going there quite often since the restaurant opened. The meat is always excellent.
Strongly recommend the option C to the meat lovers. The staff is fantastic.",5,2023-01-02T10:43:08.270937Z,3 years ago
ChIJK6THh03afkcR6IgS-jLW8U8,"Their menu is limited by tartare as a main course. And if you want to order anything except for tartare, workers repetitively tell you that ""it's not a cafe, it's a restaurant. It's not a cafe, it's a restaurant. It's not a cafe, it's a restaurant""... Although they are trying hard to be kind while saying this, we notice that they are really disturbed by us. Me and my girlfriend love their cheese plate and wine, but we feel uncomfortable because of their sayings like we came and took 1 liter of wine, it's not a cafe, it's a restaurant... I gave 5 starts for food but less for service because of this. I am dreaming about having wine and cheese plate one day again IF THEY ALLOW ME...",3,2023-07-15T20:18:53.783403Z,3 years ago
ChIJK8uScWXbfkcRVFC_T2UAdrg,"Awesome place in general! It appears rather small from outside, but there is always enough space to have really good tea, grab a samosa/anything similar on the way or sit for delicious authentic Bangladeshi food. The staff is very welcoming and helpful, also as mentioned in other comments - all the vegetables come from greenfield of the owner. Also the prices on the menu are still the same, very affordable food
Very pleasant and interesting conversation with everybody there, thank you very much! I would definitely recommend it to everyone looking for overall great atmosphere and not being afraid of slightly spicy food (which is prepared in very decent spicy variant for hosts, but next time I’ll definitely try even the real spicy one:D).",5,2025-04-09T04:39:52.457635Z,a year ago
ChIJK8uScWXbfkcRVFC_T2UAdrg,Best food,5,2022-07-20T21:26:11.764256Z,4 years ago
ChIJK8uScWXbfkcRVFC_T2UAdrg,"The food, the passionate atmosphere, and the friendly staff create a fantastic ambiance.

It's more of a place for quick meals, where you either eat everything at the standing tables before you pay or take it to go, but every dish on offer is an absolute masterpiece!

If you want authentic Bangladeshi food, this is the place to go.

Although the name suggests FAST FOOD, they also offer a few main courses.

On the day we were there, however, they were sold out, and my girlfriend and I had to stick to snacks, but NO REGRETS!

It was so worth it, and we happily ordered several times!",5,2026-01-02T09:31:52.706058314Z,7 months ago
ChIJK8uScWXbfkcRVFC_T2UAdrg,"A very simple Indian restaurant with authentic, affordable, and very tasty cuisine. We ate there several times, and everything tasted exceptionally good. The service was very friendly. We will definitely come back when we are in Padua and highly recommend it to all fans of Indian food.",1,2023-12-18T20:04:16.625163Z,2 years ago
ChIJK8uScWXbfkcRVFC_T2UAdrg,"This restaurant is located in the Arcella area of ​​Padua, behind the train station. The location is slightly small but comfortable. The food is excellent, and there's a wide selection of traditional Bangladeshi dishes. High-quality ingredients come directly from the owner's farms. The vegetables are fresh and excellent, perfect for adding to the dishes. The owner is very kind, friendly, and approachable, even going so far as to engage us in pleasant conversation. The quality/price ratio is excellent (lunch cost €7 for two rice dishes).",4,2025-03-19T16:16:18.021296Z,a year ago
ChIJKfydNwDZfkcREOQkJboOBks,"Very good, very kind staff, recommended even if it's a kebab shop",5,2026-05-16T00:45:11.882475691Z,3 months ago
ChIJKfydNwDZfkcREOQkJboOBks,"Great experience, very clean, delicious kebab place, recommended in the area",5,2026-05-16T23:19:51.015207869Z,3 months ago
ChIJKfydNwDZfkcREOQkJboOBks,"Really good pizzas, highly recommended.
Nice guy, there's also a promotion where they give you a free pizza with every pizza 💯",5,2026-05-16T23:13:54.491414445Z,3 months ago
ChIJKfydNwDZfkcREOQkJboOBks,"Super good
Super good, the guy behind the counter was very nice",5,2026-05-16T23:22:01.806061089Z,3 months ago
ChIJL-HUfEjFfkcRLMrF-O4jY6c,"Overall, the experience was interesting, and the dishes were unique in some ways. However, I expected much more. In my opinion, the Price does not match my exactation... Way too expansive.  The carpaccio(jack...) was a big disappointment,  It in particular lacked flavor and didn’t really impress me. However, the gnocchi were tasty and the seafood platter was interesting said, The service was excellent – very warm and welcoming people – and the restaurant's design is fine. Still, I left a bit disappointed, as it didn’t quite live up to my expectations. And it s expancive!",4,2025-05-27T20:19:25.121411Z,a year ago
ChIJL-HUfEjFfkcRLMrF-O4jY6c,"We had a truly memorable dining experience at this restaurant. From the moment we walked in, the atmosphere was warm and inviting, setting the tone for an evening of culinary delight. The hospitality was outstanding, with staff making us feel genuinely welcome and cared for throughout the meal.

We opted for the Truffle Degustation Menü, which showcased the kitchen’s creativity and commitment to quality. The produce used in each dish was clearly top-tier, and you could taste how it elevated the flavors to something exceptional. A special mention goes to the restaurant’s flexibility—when we asked to swap the dessert for an entrée, they accommodated us without hesitation, which added a personal touch to the experience.

While most dishes were impeccable, the croquette and poached egg didn’t quite reach the same high standard as the rest. That said, they were still delicious and well-prepared, just slightly overshadowed by the brilliance of the other courses.

The staff was incredibly kind and attentive, with Matteo standing out for his thoughtful explanations about each dish and the sourcing of ingredients. His passion for quality and storytelling added depth to the meal.

We’ll definitely be visiting again—this place is a gem for anyone who appreciates refined cuisine and heartfelt service.",5,2025-11-09T13:28:52.987065040Z,9 months ago
ChIJL-HUfEjFfkcRLMrF-O4jY6c,Wonderful experience and surprising dishes!,5,2025-03-17T22:52:40.081564Z,a year ago
ChIJL-HUfEjFfkcRLMrF-O4jY6c,"Explanations given with passion, the suggestions were top notch. Knowledge of beer and wines. Recommended! Best to reserve.",5,2022-09-22T06:43:41.801557Z,3 years ago
ChIJL-HUfEjFfkcRLMrF-O4jY6c,"One of the best restaurants I have ever been to! Amazing service, very delicious food. Shockingly low prices for the quality offered.",5,2025-08-14T16:23:22.605997377Z,a year ago
ChIJL7_PE1fafkcRgSh4yy4s7hY,"Very nice and cozy trattoria. Food is great, small menu card but dishes are very different from other places. We had the ""horse platter"" and the ""donkey stew"", both very good. However, you have to be hungry if you want to finish both dishes. Service was very friendly and attentive. We liked the big selection of wines by the glass. We'll go there again on our next visit to Padova. Consider to reserve a table, easy by phone, English spoken.",5,2026-07-10T10:52:49.976474954Z,a month ago
ChIJL7_PE1fafkcRgSh4yy4s7hY,The atmosphere and interior is perfect. The service was welcoming and friendly. The food was high quality and generous. The meals came out very quickly and the wine list was varied and very fair prices. The menu is quite small which I like and has many traditional dishes.,5,2026-06-17T13:20:12.391633280Z,2 months ago
ChIJL7_PE1fafkcRgSh4yy4s7hY,"Something you have to try n eat here the ink is very strong but im sure it has some
Fans. Tiramisu is must try",5,2026-06-14T12:46:35.287480295Z,2 months ago
ChIJL7_PE1fafkcRgSh4yy4s7hY,"Before our trip I spent considerable time reading reviews and recommendations for restaurants along the way.  Osteria Nane della Giulia was one of the highest recommendations in Padua.

We split the potato dumplings and the chicken leg.  Both were amazing.  Another in our group had the donkey stew and it was also incredible.

This was one of the best meals we had on our trip.  Which matches several of the recommendations that led us to this restaurant.",5,2025-07-12T11:17:34.088153254Z,a year ago
ChIJL7_PE1fafkcRgSh4yy4s7hY,"Words cannot describe the joy that this restaurant brings to me. I have only had the pleasure and privilege of going there twice, to celebrate my anniversary, and they have been two of the best dinner I believe I will ever have. Starting with the sublime food selection, there is something there for everyone, the wine is perfect and it is all achieved in a very respectful amount of time. The staff are the most welcoming and understanding, and they always make sure we are comfortable and provide us with whatever we need. A fine gentlemen kept an attentive eye on our table and continued to bring us bread if we were running low, which was a lovely gesture. As for the decor, the environment of the restaurant is the impossible combination of the splendour of a high end restaurant and familiarity of your family home. The lighting is soft and welcoming, and the pictures take you for a trip around the history of Italy and cuisine. The best restaurant in Padova and one of the most incredible hidden gems I have stumbled upon. This restaurant is a must visit to anyone that enjoyed food.",5,2022-12-06T10:14:57.463397Z,3 years ago
ChIJL8a3yQHbfkcROJGaNUfrmZ4,Delicious street food and amazing cannoli!,5,2026-05-26T13:10:49.979219867Z,3 months ago
ChIJL8a3yQHbfkcROJGaNUfrmZ4,"We had very fresh and delicious focaccia with prosciutto,  mozzarella and tomatoes as well as focaccia with mozzarella and tomato.
When we came into the shop it looked quite empty. But the owner asked what we wanted and prepared the focaccia according to our taste. We asked him to prepare quite large pieces, which cost around 10 Euro each.
The focaccia was fresh, crispy and super tasty. We ate in the shop at a counter.
We can really recommend Da Giggino!",5,2024-04-15T11:21:00.340568Z,2 years ago
ChIJL8a3yQHbfkcROJGaNUfrmZ4,"Passing by the Basilic, what a delightful surprise! The ragu arancini was bursting with flavor and meat. The service was lovely, even with the language barrier! 🇮🇹👵🍝😋 #Arancini #Ragu #Food #Italy #Ladies #Surprise",5,2025-09-12T11:07:06.936611713Z,11 months ago
ChIJL8a3yQHbfkcROJGaNUfrmZ4,The lady was really friendly and the panzerotti were delicious.,5,2026-07-26T18:43:36.685577681Z,a month ago
ChIJL8a3yQHbfkcROJGaNUfrmZ4,"Very nice Owner and we loved the Focaccias! Especially the one with ham and Mozzarella! Would recommend! Hvala puno, grazie!",5,2025-10-04T14:19:21.089689148Z,10 months ago
ChIJL8gOgijafkcR27-g84bSM9U,"A welcoming, elegant, refined and quiet Chinese restaurant just outside the city centre. The staff is very friendly, the menu is full of choices, the food is good and the portions and prices are adequate. The glass floor of the room allows you to glimpse an aquarium with fish that extends under the entire surface",4,2025-03-09T00:53:16.439991Z,a year ago
ChIJL8gOgijafkcR27-g84bSM9U,"If we go back to Padua in the future we will definitely visit this amazing restaurant again! Is a classic Chinese restaurant with amazing decor, especially the big aquarium under the floor! The menu was very very very tasty, whatever we ate was excellent!! The staff was very kind.",5,2022-08-30T22:35:00.835638Z,3 years ago
ChIJL8gOgijafkcR27-g84bSM9U,"Best food and price comparison, old fashioned Cinese ambient. Glass floor with lovely fish below. Price very fare and nice kitchen! Quick service. Non ""all' you can eat"", but i was so full couldn't finish my second dish...",5,2019-02-07T09:10:44.828314147Z,7 years ago
ChIJL8gOgijafkcR27-g84bSM9U,"The one and only best Chinese restaurant in Padova, Italy. The most friendly waiters who guides you to choose a good menu'. Superb food. You should try their fish plate with mixed vegetables.  I highly recommend the restaurant to anyone.",5,2019-10-06T18:03:18.207348Z,6 years ago
ChIJL8gOgijafkcR27-g84bSM9U,Better than any Chinese place I have tried in Italy and London,5,2022-12-01T18:49:48.892220Z,3 years ago
ChIJLQGJJHbbfkcRPKdKXJCJ6MU,"Kind staff, fast service. Great food and low prices. Highly recommended.",5,2025-12-17T16:56:48.051218373Z,8 months ago
ChIJLQGJJHbbfkcRPKdKXJCJ6MU,"I have tried a few chinese takeout in Padova but so far, Yami is my favorite in terms of taste and price. I have tried their cantonese rice, rice with shrimps🍤, and kung pao chicken🍗 their rice is the best I've tried in Padova. Both rice were good but I prefer cantonese rice than rice with shrimps.

For the cantonese rice, they gave generous amount of peas and prosciutto and the portion size was big (really worth it; I recommend it!😍). For the kung pao chicken, it tasted just okay. I had higher expectation for the kung pao chicken since the rice was good, I hope they will improve.

They allow ordering first via whatsapp so you only need to pay and take away (no waiting). But even if you wait for the food, they have a nice waiting room and they work fast. Overall, it's really worth to try!",5,2023-07-26T13:06:39.104121Z,3 years ago
ChIJLQGJJHbbfkcRPKdKXJCJ6MU,"The lady is not rude but has a very no-nonsense monosyllabic reply style. But why should that matter?
Is it extremely affordable? Yes.
Is the food excellent given the price? Yes.
Are the portions generous? Yes.
Is it worth coming here over and over again if you need takeout lunch/dinner? Yes.

10/10

PS: Be warned that there might be no seat for you to eat inside the restaurant.",5,2025-02-13T14:40:12.095077Z,a year ago
ChIJLQGJJHbbfkcRPKdKXJCJ6MU,"I went in on Wednesday night to get some take away. The woman working was in the back so I said hello to let her know I was there. She said hello back and came out quickly after she was finished what she was doing which was perfect because it allowed me to look at the menu. I order and had a beer while waiting. She had said 15 minutes but it took more like 10. This is one of my favorite places to go for quick and delicious comfort foods with spice and flavor. I'm sad I'm moving because it's that good. For 12€ i got fried chicken, vegetable udon and a large beer.",5,2025-01-15T21:35:57.537911Z,a year ago
ChIJLQGJJHbbfkcRPKdKXJCJ6MU,"She doesn't like to accept order in person, but if you order from delivery service then she is happy to accept even if restaurant is about to close. Today she refused to take my order although there were still 90 mins left till closing. Right after us two people went in and she took their order and gave them food. This is absolutely ridiculous!
Thrice she didn't take order when we were there at different times.
OWNER SHOULD GIVE TRAINING TO THEIR STAFF not to be racist!",1,2025-01-11T20:38:19.059394Z,a year ago
ChIJLU9tt2XafkcRpwkmzK-xsKI,"The worst Chinese restaurant i have ever experienced. The prices are not clear and balanced. When i asked for a dish out of the menu the cashier seemed like he was making up a number. When he saw that i found them high, he laughed at me.

I asked for chicken noodles, which were more expensive by 1.60€ then vegetable one!? In the end i got a very small portion of PASTA spaghetti, without any taste and sauce. I asked for more sauce and they said that they can't give. The amount of the chicken was really low and probably it was the pieces of kebab.",1,2024-11-01T18:08:03.272040Z,a year ago
ChIJLU9tt2XafkcRpwkmzK-xsKI,Fantastic food at a great price,5,2020-12-08T19:26:07.976747Z,5 years ago
ChIJLU9tt2XafkcRpwkmzK-xsKI,Feels like home,5,2024-06-30T15:54:56.121108Z,2 years ago
ChIJLU9tt2XafkcRpwkmzK-xsKI,"My friend and I ordered takeout. We got a €6.50 menu that offers a variety of dishes, including a first course, a second course, and an appetizer.
For two of us, the wait was about 15 minutes.
The food was excellent, and the hostess seemed very friendly and helpful.
I absolutely recommend this place. The food and price are top-notch, and it's definitely not to be missed.",5,2026-03-02T16:24:06.840313586Z,5 months ago
ChIJLU9tt2XafkcRpwkmzK-xsKI,"Sorry, but no. Soy spaghetti with absolutely nothing in it, literally zero vegetables, zero eggs, zero anything, and no flavor.",2,2026-02-20T14:09:38.380519826Z,6 months ago
ChIJLUDgA1DafkcR-dtY0yPNtyA,"I came here specifically to try the seafood tagliolini, and it was a huge disappointment. The seafood did not taste or smell fresh at all. The odor was so unpleasant that I brought it to the attention of the staff, but they insisted it was the normal smell of mixed seafood.

As someone who has eaten seafood pasta many times in Italy, I can confidently say this was the worst one I've ever had. Fresh seafood should never have such an off-putting smell. The quality of the dish was far below expectations, and the staff's response only made the experience more frustrating.

I would not recommend this dish.",1,2026-06-06T12:08:44.305570988Z,2 months ago
ChIJLUDgA1DafkcR-dtY0yPNtyA,Piovra  griliata and filletto di manzo so yummy 😋🤤,5,2026-06-24T17:45:44.152396816Z,2 months ago
ChIJLUDgA1DafkcR-dtY0yPNtyA,Delicious local dishes and wonderfully friendly staff - highly recommend!,5,2026-04-11T13:24:38.024018321Z,4 months ago
ChIJLUDgA1DafkcR-dtY0yPNtyA,"Cozy restaurant in the center of Padova. We tried traditional pasta with duck ragu, which was fantastic. Also they have various interesting types of pizzas( some of them are creates by their imagination).
Desserts also were delicious.
Additionally, staff was extremely professional and kind👍",5,2023-12-16T11:53:14.308505Z,2 years ago
ChIJLUDgA1DafkcR-dtY0yPNtyA,"I sat outside, and the whole place had a bit off vibe since the beginning - starting with the not so nice tables and continuing with a little weird approach by the waitresses (but maybe that was just my feeling). The pizza was good, but the prices aren't the lowest, so maybe the whole level of the restaurant should be upped - this way, it had restaurant prices, but fast food vibe. Not bad, but I'd choose something different the next time.",3,2023-10-12T19:38:28.936318Z,2 years ago
ChIJLUVBNM7afkcR3Mti9l-nRbA,"I Love the atmosphere and service there. The wine staff recommended was super nice. Although the pasta and tuna I ordered was little bit salty for me, my colleague loves the dishes he had.",5,2023-11-28T14:54:11.740418Z,2 years ago
ChIJLUVBNM7afkcR3Mti9l-nRbA,"very friendly staff and absolutely top notch food quality, would definitely return a second time! totally recommend",5,2025-10-24T19:48:49.294184436Z,10 months ago
ChIJLUVBNM7afkcR3Mti9l-nRbA,"This place is just amazing! The staff was very kind and efficient, the food was very fast and just delicious, my husband said it was the best carbonara he had, I had spaghetti with shrimps and the sea food was so fresh. Highly recommended!!",5,2025-02-26T19:47:47.573924Z,a year ago
ChIJLUVBNM7afkcR3Mti9l-nRbA,"Service was excellent beside that they don't know English very well. All staff were polite.
They bring me at the beginning a bread (??) later I ordered a pizza and that bread is like a service fee 2.5eur, of course I didn't even try it. Later I read that cuver is 5.9eur if music plays. Any way, I ordered pizza Padovana or something, cheese and caramel onions were great but bacon was very very bad.",5,2022-12-30T21:24:30.874871Z,3 years ago
ChIJLUVBNM7afkcR3Mti9l-nRbA,"Delicious food and good service at reasonable prices.
Maybe you will have a problem communicating in English.",5,2025-04-09T20:20:47.224454Z,a year ago
ChIJLUvvw0DbfkcRhu5MlZclpSA,very good!,5,2026-06-05T23:25:12.251999993Z,2 months ago
ChIJLUvvw0DbfkcRhu5MlZclpSA,The best sushi of my life,5,2026-08-10T18:45:05.221568383Z,2 weeks ago
ChIJLUvvw0DbfkcRhu5MlZclpSA,"Great variety and excellent, fresh sushi. Opening offer at a fantastic price! Great for a super quick lunch downtown.",5,2026-05-23T10:16:41.592621792Z,3 months ago
ChIJLUvvw0DbfkcRhu5MlZclpSA,"Delicious food, friendly and helpful staff, the place makes you feel at home, a wide variety of food and flavors of all kinds, an absurdly fantastic experience that should be repeated, very good prices as is the food🤩",5,2026-05-27T16:44:39.563863847Z,3 months ago
ChIJLUvvw0DbfkcRhu5MlZclpSA,very good!! good sushi and kind and super fast guys,5,2026-07-13T11:36:50.860172251Z,a month ago
ChIJLVttLADbfkcReZAAHFBPM5o,"Absolutely worth it for the all-you-can eat price. Many selections of meat, even in lunchtime where the price is lower than dinner.
The waitress was also great, changing the grilling paper twice",5,2026-01-14T08:30:58.892594031Z,7 months ago
ChIJLVttLADbfkcReZAAHFBPM5o,Great place to go to if you need a break from Italian food. The staff were very attentive and delivered fast service. The food was great. The sushi rolls were made fresh and their Kim chi was tasty. Highly recommend!,5,2025-09-18T22:41:25.743835574Z,11 months ago
ChIJLVttLADbfkcReZAAHFBPM5o,This was the first time my husband trying Asian BBQ and he likes it! The service was really good. They explain everything to him and they also changed the grilled paper often. The price is also affordable!,5,2026-02-06T21:31:58.195981815Z,6 months ago
ChIJLVttLADbfkcReZAAHFBPM5o,Great all you can eat menu with jaoanese grill dishes that You can make on Your own.,5,2026-03-27T21:54:38.084271565Z,5 months ago
ChIJLVttLADbfkcReZAAHFBPM5o,"food is amazing, we took all you can eat menu and felt so bad because we ate so much, the food is delicios and it feels like heaven",5,2025-05-09T13:19:05.753817Z,a year ago
ChIJLWsDssbRfkcRs2JctcGf-KE,Good food and their service.,4,2024-03-16T20:44:42.417880Z,2 years ago
ChIJLWsDssbRfkcRs2JctcGf-KE,Great food quality for an All-You-Can-You-Eat. Nice place with good service.,4,2025-01-23T20:18:15.941374Z,a year ago
ChIJLWsDssbRfkcRs2JctcGf-KE,Avocado Sushi is absolut must have!!!,5,2023-12-29T12:56:45.015088Z,2 years ago
ChIJLWsDssbRfkcRs2JctcGf-KE,Super!,5,2024-08-07T10:36:22.742586Z,2 years ago
ChIJLWsDssbRfkcRs2JctcGf-KE,Disgustatoso,1,2025-05-25T07:39:39.403091Z,a year ago
ChIJLa3j_rDbfkcRApbTngSgAJM,"After walking past this place a few times, I finally decided to stop and try it mainly because I noticed they offer gluten-free options.

I was pleasantly surprised. They have gluten-free soy sauce, and the menu clearly marks dishes that can be adapted. For someone with celiac disease, cross-contamination might still be a concern, but I’m quite sensitive to reactive to gluten and I didn’t have any reaction after eating here, which was a great sign.

The service was friendly and very fast, and the dishes arrived beautifully presented.

For me, the highlight was being able to eat yakisoba again, something that’s often hard to find in a gluten-free version.

A great spot if you’re looking for Japanese food with gluten-free options.",5,2026-03-10T11:31:05.503316629Z,5 months ago
ChIJLa3j_rDbfkcRApbTngSgAJM,"Kind staff, fast service. Good food. Only 1 portion of salmon sashimi per person though.",5,2026-05-04T14:37:21.919446531Z,3 months ago
ChIJLa3j_rDbfkcRApbTngSgAJM,"A fun experience and LOTS IF choices to choose from. The food is nice, pretty fresh and tasty. Fair prices highly for what you get. The service is great you order through your phone and the food shows up very quickly.",4,2026-05-19T11:25:13.868441844Z,3 months ago
ChIJLa3j_rDbfkcRApbTngSgAJM,"The atmosphere is fascinating. Although some things in the menu are not very same as the pictures, we enjoyed our time and meal pretty well with my girlfriend. Orders came fastly compared to other sushi restaurants in the town. Generally I can recommend but there are better sushi restaurants in Padova.",4,2023-10-09T13:10:59.744634Z,2 years ago
ChIJLa3j_rDbfkcRApbTngSgAJM,"I loveeee this place so much! Everything was extremely delicious , most important thing- service was perfect! We even did not wait at all for anything. As you see from pics how nice our plates was. I highly recommend you would not regret:)",5,2023-07-07T16:51:41.455703Z,3 years ago
ChIJLwRXbEXafkcRz7Gr-6iaKDE,"Everything extremely good! The bentos and maki are top quality! Even the miso soup was good.
Also the coffee isn’t burnt, so yuppie 🌷",5,2026-07-09T11:02:17.006121479Z,a month ago
ChIJLwRXbEXafkcRz7Gr-6iaKDE,"Best sushi in Padova as far as I'm concerned, with lovely service. Will definitely be going again.",5,2026-03-13T11:47:54.441880287Z,5 months ago
ChIJLwRXbEXafkcRz7Gr-6iaKDE,A very cozy yet elegant atmosphere that makes you feel at ease and special at the same time! The staff was very friendly and the fish was very fresh. Totally recommend it!,4,2023-12-18T20:03:47.151122Z,2 years ago
ChIJLwRXbEXafkcRz7Gr-6iaKDE,"I can honestly say one of the worst dining experiences of my life. When I walked in the staff seemed put off, as if they were annoyed I was there even though I was the only one there. I was placed at a table and given no indication as to how to order. After scanning the QR code from another table I was presented with a menu with no order or intelligence. Halfway through navigating the hell of their online menu the waiter came up and asked if I was ready. I asked for the East and West sushi. He had no idea what I was talking about. I asked I Italian. Blank stares. He had an earphone in, so maybe that was interfering with communication. I gave him my phone and for some reason he condcluded I wanted the scallop sashimi. At this point my only desire was  to leave so I agreed, despite it being nowhere near what I wanted. I also ordered the Sake Cassa, which was only a shot on the menu and only four euro. What I was brought was a full cup of sake that i knew would cost way more than four euro. Then the dish came out and it's just an uninspired round of raw scallop with some avacado and way too much horseradish Wasabi. I mean, seriously, it was a mound taller than the actual dish. Like the chef had squeezed three packets onto the plate. I don't know how they would expect anyone to eat that much Wasabi without getting a ruptured anus. I scarfed down the uninspired round, managed to keep my manus intact, thankfully the sake was actually good, and then rushed to the counter so I could get out of there. Of course the bill ended up being much more than I had planned - I went in only wanting some sushi and a shot of sake and ended up with a full dish and a cup of sake - but I was happy to pay the premium just to get out of there. I think myself and the staff have the same mutual feeling, in that we both hope to never see each other ever again. Still tough, it was a beautiful place.",1,2025-03-23T19:41:13.799781Z,a year ago
ChIJLwRXbEXafkcRz7Gr-6iaKDE,Very nice restaurant with perfect food!,4,2023-08-23T13:10:05.573228Z,3 years ago
ChIJLwXDDHTQfkcRk7qkmLmfPBI,"Im not an amateur of beer, but all my friends are, so I chose this place for our evening. Everyone was impressed, and everyone said “complements to the chef”. Amazing food and very good beer!",5,2022-12-28T20:27:39.849385Z,3 years ago
ChIJLwXDDHTQfkcRk7qkmLmfPBI,The best: chill and relax environment. Outside or inside it is cool anyway to stay there. A bit overpriced with beer and food. Attention kind and fast. Parking in front of the restaurant. Aperitivo with nachos instead of patatine.,4,2024-04-23T15:50:08.674770Z,2 years ago
ChIJLwXDDHTQfkcRk7qkmLmfPBI,A very unique Place with a dubliner atmosphere and deliciuos food. One of the last irish pub in Padua!,5,2025-12-25T08:34:40.901300483Z,8 months ago
ChIJLwXDDHTQfkcRk7qkmLmfPBI,"Really delicious hamburger, but pricey, Two hamburgers and two beers 47€.",4,2024-02-05T15:19:47.291316Z,2 years ago
ChIJLwXDDHTQfkcRk7qkmLmfPBI,"We arrived a family of 6. The service was great, the owners do not speak English but went out of their way to help us, the cook came out of the kitchen to translate and explain to us what the dishes were.  The food itself was excellent and the atmosphere in the place was very pleasant.  Highly recommended",5,2022-07-16T16:36:45.921188Z,4 years ago
ChIJLym2q2vbfkcRxHnTM1F64oY,"An amazing view over Prato della Valle while taking our appetizer.
Also, very nice staff and service.",5,2024-08-26T20:19:22.857941Z,a year ago
ChIJLzotkLPQfkcRO3jXWrFv9mM,"This restaurant was randomly chosen due to its location near our hotel.  It was highly rated, and it did not disappoint.  The food was great, homemade, and the service was impeccable.  A good night out with the family.  Go check it out if you are in the area.",5,2023-08-26T14:15:36.969265Z,3 years ago
ChIJLzotkLPQfkcRO3jXWrFv9mM,Another Italian jewel.  The owner greeted us and helped with dining options. The pig and potato’s were amazing.  Specialty pasta and desserts are handmade.,5,2025-07-12T12:22:54.025442980Z,a year ago
ChIJLzotkLPQfkcRO3jXWrFv9mM,One of the best cacio e pepe we ever had. The portion was big and we were full but we were almost ready to order one more!,5,2026-03-29T18:16:34.101923600Z,4 months ago
ChIJLzotkLPQfkcRO3jXWrFv9mM,We stopped here on the way to get a charger and picked it up based on the reviews. The food is really delicious and the service is nice. Although we asked for spaghetti and an afternoon cappuccino :),5,2025-06-28T12:14:08.609929739Z,a year ago
ChIJLzotkLPQfkcRO3jXWrFv9mM,"We chose this restaurant only because of its proximity to the hotel, but in the end it turned out to be a great choice. A real homely and friendly atmosphere. We ate their homemade pasta and gnocchi, which were perfect. Recommendation for tagliatelle in white sauce (ragu bianco). The prices are ok.",5,2025-01-05T07:48:30.063098Z,a year ago
ChIJM7ygiFHafkcRkPouNXdDF64,"Great food with reasonable prices and very big portions. Good coffee. You order via tablet on table, so very easy. Open early, so a great starting point for tourists.",5,2026-07-16T09:16:17.156521794Z,a month ago
ChIJM7ygiFHafkcRkPouNXdDF64,The best focaccia sandwich i’ve ever eaten! Definitely recommend to everyone in padova . The roman style pizza is also really delicious,5,2026-05-14T13:13:09.226898824Z,3 months ago
ChIJM7ygiFHafkcRkPouNXdDF64,"We were very happy to find it open in the eay afternoon.
The whole family was really kind
And the pizza 😋 it was pure italian ❤️",5,2026-07-12T14:14:29.735965161Z,a month ago
ChIJM7ygiFHafkcRkPouNXdDF64,"The food is 5-star, but the restroom is 😔. It’s broken and looks like it hasn’t been fixed in years. It’s really disappointing to see a great bakery in Padova have such a neglected and non-functional toilet.",3,2026-04-18T15:56:17.701511537Z,4 months ago
ChIJM7ygiFHafkcRkPouNXdDF64,"What a delightful discovery on a rainy day in Padova :-) this bakery is great, not only because it was open during siesta. My sons ordered pizzas, lasagna and focaccia - and everything tasted sooooo good. The waiter: very helpful and friendly. Finish with espresso macchiato and chocolate cake: top taste, too.
Make sure to drop in here when in Padova historical center. Ciao!",5,2026-05-10T15:04:38.275915382Z,3 months ago
ChIJM8B-nVTafkcRMvD_sZzwAic,Great fast food service with good choices next to the weekly market and the church,4,2026-05-02T13:58:59.053204800Z,3 months ago
ChIJM8B-nVTafkcRMvD_sZzwAic,"The slowest kebab I have ever bought.
I can buy a better kebab in Paris with the same price. 7.5 for only few pieces of meat.
The old father looks everyone like a enemy.
The son works slowly and  forgets the order sometimes.
The wife goes to take a rest sometimes and come out when there are full people in the restaurant who are waiting for in the line around 25min.",1,2022-10-09T21:12:11.336105Z,3 years ago
ChIJM8B-nVTafkcRMvD_sZzwAic,Delicious and well priced. Super sweet people at the restaurant. Kind and welcoming.,5,2025-06-08T11:30:08.696178Z,a year ago
ChIJM8B-nVTafkcRMvD_sZzwAic,"The fries are crispy, salty and cooked in fresh oil, there is a menu with numbers so foreigners can eqsily order, the service is alright, but if you are eating outside, it's loud because of cars and a street train, also there is a lot of pidgeons, the inside is pretty",5,2024-09-01T14:13:45.210332Z,a year ago
ChIJM8B-nVTafkcRMvD_sZzwAic,"I usually don’t eat outside. But since I am from Turkey and been looking for a nice, clean doner kebap place arouns Padova I went Turkish Risto Kebap after a friend’s suggestion. The staff was so nice compared to other kebap places around Padova. They happily answered my questions about the menu, the doner kebap and the ingredients. It was my second time eating kebap in Italy and I can say that the meat quality is super high and the mix of all the ingredients in your mouth is a reminder to the good old days in Turkey. Depending on my past experiences in Turkey I can say that their meat quality is good. ☺️",5,2021-09-07T05:42:33.904595Z,4 years ago
ChIJMTPrr3jbfkcRdXuAZ2qdAx8,"Great selection of fresh vegetables, meats and fish. Delicious authentic Sichuan MaLa Hotpot!

This was our fourth time in as many months, and the reliability and consistency is laudable! Not to mention our very friendly and attentive hosts. Highly recommended.",5,2024-11-27T16:24:58.367054Z,a year ago
ChIJMTPrr3jbfkcRdXuAZ2qdAx8,This is best restaurant in Padova to taste traditional Chinese food Hotpot with the best environment. I must mention their dessert items. Finger licking food.Best food with reasonable price. Additionally their service is so special with professional stuff.,5,2024-01-11T12:50:09.992810Z,2 years ago
ChIJMTPrr3jbfkcRdXuAZ2qdAx8,Amazing food! My first hot pot. Went with a Chinese friend and enjoyed a very authentic experience in the middle of Italy!,5,2024-01-14T13:11:40.002069Z,2 years ago
ChIJMTPrr3jbfkcRdXuAZ2qdAx8,"Came here last minute about a week ago with my boyfriend and a friend, so they were very kind to squeeze us in.

We had a bit of hard time finding street parking. There’s very limited free parking on the street but there’s a paid parking garage behind the building!

We speak very little Italian and got lucky that one of their waitresses spoke very good English. She was able to help us order (2 different ways, through her or the website). She also recommended some great things like the plum juice! It’s to die for, super refreshing and not too sweet!

We did the two broths options and honestly..the bone broth didn’t have much flavor. It wasn’t bad, but just not much.

They have a great selection of meats and veggies. They also have seafood options as well!

Definitely will be coming back to try other broths!",4,2023-10-16T12:03:53.045001Z,2 years ago
ChIJMTPrr3jbfkcRdXuAZ2qdAx8,"Need a place to eat until you're disgusted with yourself because you ate SO MUCH, because it's that good? Then this is the spot! Been here twice, so far, but will absolutely be going back as often as possible. Highly recommend!
d=(^o^)=b",5,2026-01-30T08:49:39.997491327Z,6 months ago
ChIJMeOcdHzZfkcRTvVPkbKVRiY,"Everything was amazing!
We loved the food, the place and service.
WHAT A PANNA COTTA!
💛",5,2026-07-31T18:16:00.505547212Z,3 weeks ago
ChIJMeOcdHzZfkcRTvVPkbKVRiY,"Good experience overall. The staff is kind and professional, owner is keen to welcome customers and advise them on their choice. Some partially reinvented recipes were not appreciated, while the more traditional recipes (aji de gallina, ceviche, papas huancaina) met expectations. Quality/price ratio is a bit expensive, considering both that certain raw materials are expensive but also that some recipes are based on ""simple"" ingredients.
Restaurant is well-kept, not so easy find a parking spot.",3,2023-10-24T18:30:39.427517Z,2 years ago
ChIJMeOcdHzZfkcRTvVPkbKVRiY,Fantastic food! Every sauce was a delightful blend of bright and lively flavors. The dishes were plated in a manner you would see in a gourmet restaurant. The owner is so friendly and walks from table to table talking with guests,5,2022-08-27T12:15:06.590614Z,4 years ago
ChIJMeOcdHzZfkcRTvVPkbKVRiY,"Very nice Peruvian restaurant. The place is really typical and the staff is professional and friendly.
The food is great with a lot of vegan and vegetarian options.
Recommended",5,2023-11-05T21:04:23.616628Z,2 years ago
ChIJMeOcdHzZfkcRTvVPkbKVRiY,"Lucky enough to have found this gem! Even better is that it is just around the corner from home. Staff are extremely helpful and friendly, they definitely add to the experience.  Food is out of this world and the colours make not only a feast for the tummy but also your eyes! Fantastic I love it",5,2023-06-01T10:27:14.729255Z,3 years ago
ChIJN-W3hVDafkcR3ihpqf7gW_U,"I visited this place two times at “all you can eat” timeslot. In the first visit i enjoyed a lot with the quality of food and service that’s why i visited this place again today without any reservation and they accepted us so thank you for that. However it was totally a disappointment at this time. Portions were so small (even the portions of sushi and sauces) , service was too late. Quality of all the sushis we tried was overall not satisfying. Kindly adding the photos of the portions of some sushis and sauces. One sushi that my friend ordered also didnt come. PS: they didn’t give us any fortune cookies evn they gave in the first visit :(",2,2025-12-29T13:26:40.011238663Z,8 months ago
ChIJN-W3hVDafkcR3ihpqf7gW_U,"This “all you can eat” Sushi restaurant is located in the center of Padova. It’s modern and intimate, I recommend booking in advance 🍱✨

Vegetarian and vegan dishes are marked by the same green leaf, it’s quite sad that there aren’t many options to be honest 🌿
Ingredients are written down.

I ordered two dishes which were supposed to be plant-based but one turned out to contain Philadelphia while the other had chicken in it. Completely unprofessional and disorganised: they were lucky I don’t have any allergies, imagine if someone who has them was in my situation 😨

Definitely not coming back since there are much better places in town.",1,2023-06-05T10:33:47.672553Z,3 years ago
ChIJN-W3hVDafkcR3ihpqf7gW_U,"This is my go to spot for sushi in Padova. The quality, Variety, and service are all good.",5,2026-03-11T10:26:35.437727716Z,5 months ago
ChIJN-W3hVDafkcR3ihpqf7gW_U,"The first impression wasn’t the best as the restaurant is located underground. There’s poor lightning and when you go out of the place, you can be sure you smell like fried fish.

Despite this, Sushi Kai offers one of the best sushi’s in town. They have a great selection, wide enough to give the customers the power to choose but not too big as to confuse them. The fish has good quality as well as the meat. Sushi is tasty and visually appealing. They also offer a wide selection of Vegetarian dishes.

The price for the “All you can eat” formula is great value and you won’t be disappointed.

The waiting staff works well even if sometimes they struggle to be fully efficient, but that only happens in rush hours.

As it is a very popular restaurant, I’d say reservation is compulsory. It will be hard to find an available table without it.

Really suggested if you find yourself in Padua and crave some good sushi.",4,2017-10-28T14:59:09.349Z,8 years ago
ChIJN-W3hVDafkcR3ihpqf7gW_U,I always come back to this sushi place. I am a vegetarian and there are several new options.... the new tofu dish is AMAZING! Really recommend!!,5,2025-07-12T12:29:52.548318012Z,a year ago
ChIJN3_uDfTXfkcRteQoVs2ZuLU,"Good food with reasonable price. With this price in Switzerland we can forget about it!

Worth to recommend!",5,2026-06-25T11:08:51.652700533Z,2 months ago
ChIJN3_uDfTXfkcRteQoVs2ZuLU,"Classy and simple, very fast and kind service, decent food, would go again",5,2026-03-26T14:58:48.144707359Z,5 months ago
ChIJN3_uDfTXfkcRteQoVs2ZuLU,"Chill environment, good music, great service and great food",5,2026-06-14T19:38:39.972452120Z,2 months ago
ChIJN3_uDfTXfkcRteQoVs2ZuLU,Best sushi experience I have ever had.,5,2026-04-21T20:13:45.389636545Z,4 months ago
ChIJN3_uDfTXfkcRteQoVs2ZuLU,Good service and food every thing is perfect,5,2026-04-21T20:13:00.948968460Z,4 months ago
ChIJN6X7IFDafkcR1gTqvH83C_0,"We tried two different pastas — both were delicious. The sauces were flavorful and well balanced, and the pasta had a nice, fresh texture. Service was pleasant and the atmosphere relaxed, making it a nice spot for a casual meal. The presentation was attractive and the ingredients tasted fresh, showing care in preparation. The wine list had a few good local options that complemented the dishes well.

The only downside was the portion size: this time the servings felt noticeably smaller than our previous visit, so bring an appetite or plan to order a side. Overall still a tasty place we’d recommend, just be prepared for slightly lighter portions.",4,2026-06-15T11:08:20.441893432Z,2 months ago
ChIJN6X7IFDafkcR1gTqvH83C_0,"The food was delicious! The best pasta I’ve ever had. The service was fast and the prices were reasonable. The portions were quite large, typically Italian. I ordered the carbonara, and it was amazing! I highly recommend this restaurant!",5,2026-05-02T07:28:05.580319512Z,3 months ago
ChIJN6X7IFDafkcR1gTqvH83C_0,Great price-quality ratio. Carbonara and tiramisu were both very tasteful and filling. Food came out quickly and the staff was friendly!,5,2026-05-10T12:38:05.197913321Z,3 months ago
ChIJN6X7IFDafkcR1gTqvH83C_0,"Amazing local pasta place, great prices and portions. Foods and drinks came out in less than 5 minutes. The tiramisu was also lovely.
The only bad thing was the lack of heating, the place was quite cold.",5,2026-01-31T21:14:42.202603969Z,6 months ago
ChIJN6X7IFDafkcR1gTqvH83C_0,"took my family for the loveliest dinner, the food was delicious but above all we were so fortunate to meet and be cared for by the kindest soul in padova, a waiter who didn’t make us wait, a polyglot traveller who charmed us all in our own language - polish out of them all! if the pasta isn’t enough of a reason to visit, he for sure is!!",5,2026-06-11T22:46:52.238998490Z,2 months ago
ChIJNQ1odMzbfkcRj0c1L2a8wnM,"I paid 3€ in total for 2 meat buns and they were tasty and very filling! Great value for money. They could have been more fresh but it may be because I bought them near to closing time (around 2:30pm), I imagine that they’re even better earlier in the day",4,2023-12-26T14:11:36.693918Z,2 years ago
ChIJNQ1odMzbfkcRj0c1L2a8wnM,"A quick takeaway place with Chinese breakfast. I got the xiaolongbao, which is not the soup dumpling but small steamed meat bun. A really nice breakfast! They also have zongzi and youtiao.",5,2024-03-23T10:45:28.261705Z,2 years ago
ChIJNQ1odMzbfkcRj0c1L2a8wnM,"Smiling and kind people, the best breakfast I've ever had with my girlfriend, and the prices are unbeatable, despite how affordable they are. I can't help but recommend it to anyone looking for a breakfast that's different from the classic croissant and cappuccino; you won't regret it. Lunch was also delicious, and the price is equally good. I'll definitely be bringing more people with me.",5,2026-04-29T11:55:13.879567535Z,3 months ago
ChIJNQ1odMzbfkcRj0c1L2a8wnM,Chinese breakfast is delicious 😋,5,2026-05-23T10:14:23.622139517Z,3 months ago
ChIJNQ1odMzbfkcRj0c1L2a8wnM,"The roujiamo (Chinese hamburger) is cheap and delicious, and it's the only one in PDK that comes with green peppers! Unbeatable!!!",5,2024-04-13T10:14:32.250674Z,2 years ago
ChIJNXJLsEXafkcRXEf9hsTpw5w,The food was excellent for being pasta with seafood. The waiter was nice and his English was good. The restaurant is very small so it can't handle large groups of people.,5,2019-03-31T20:54:50.059374Z,7 years ago
ChIJNXJLsEXafkcRXEf9hsTpw5w,"Super nice place! Food was great, loved the atmosphere. Recommend you so strongly to visit.",5,2023-08-04T06:33:11.917348Z,3 years ago
ChIJNXJLsEXafkcRXEf9hsTpw5w,Great place for quality seafood. Highly recommend the cuttlefish and baccala!,5,2021-10-23T22:02:51.370557Z,4 years ago
ChIJNXJLsEXafkcRXEf9hsTpw5w,Seafood restaurant with great English speaking staff. Good selection of white wines and delicious meals.,5,2016-12-13T19:58:54.967Z,9 years ago
ChIJNXJLsEXafkcRXEf9hsTpw5w,Very good raw material and very well cooked and presented in a small fish restaurant not far from downtown. The atmosphere mostly depends on the occupancy level of the tables since tables are rather close one to another. Prices a bit above the average but well deserved if you consider the level of the food. Parking is relatively easy in the nearby Corso Milano or 10 minutes walk in piazza Insurrezione.,4,2023-11-05T19:56:31.607786Z,2 years ago
ChIJNeZ9PXfbfkcRnei9vD--8yg,"I can confidently say this is the Italy’s best kebab. The flavors were exceptional, and the quality was unmatched. To my surprise, the falafel was equally mind-blowing—perfectly crispy and delicious.

Beyond the food, the service was fantastic. The lady at the counter was incredibly sweet and cooperative, making the experience even better. I highly recommend everyone give this place a try; you won’t be disappointed.",5,2025-12-12T01:26:59.501743094Z,8 months ago
ChIJNeZ9PXfbfkcRnei9vD--8yg,"I got the Ciaokebab 2.0 without the tomatoes and onions, which I can probably blame for making it a little dry, but the flavor was still very good and different from the typical kebab.

It’s a bit of a shame that the menu options aren’t more flexible to accommodate different preferences and dietary restrictions (e.g. vegans). For example, with the sandwiches they will let you exclude a sauce but won’t replace it with a different one. I’m personally not sure if it was worth the price but it’s worth trying at least once to decide for yourself!",4,2024-02-23T00:48:19.342117Z,2 years ago
ChIJNeZ9PXfbfkcRnei9vD--8yg,"The ownership has changed. This is not the Ciaokebab chain from Bologna anymore. They kept the same name, location and menu but the quality of ingredients are subpar. The pita was hard and dry and the meat inedible. This is extremely misleading to the customer and I’m not sure how legal that is.",1,2026-04-06T21:52:04.979419042Z,4 months ago
ChIJNeZ9PXfbfkcRnei9vD--8yg,"Glovo service. Cold, little kebab, lots of salad and soggy French fries, overpriced for the quality.
Not recommended.",2,2024-12-02T11:17:11.537877Z,a year ago
ChIJNeZ9PXfbfkcRnei9vD--8yg,Amazing food. You should go here. I ate here several times a week for a whole month.,5,2026-06-26T19:04:04.251706436Z,2 months ago
ChIJO-bEJQDbfkcRlsuTerGoVDw,"The restaurant is very good! One of the best in Padua, with beautiful and stylish interior, good atmosphere, very good service and tasty and original dishes.
I can add only one small comment, that ceviche that I ordered is more tar tar. ceviche is another thing. But it’s small thing, all the rest is really perfect, we have been surprised by the good quality for a honest price.",5,2026-04-12T08:39:49.633281714Z,4 months ago
ChIJO-bEJQDbfkcRlsuTerGoVDw,The meat was raw and the burger was good but not worth the price,2,2026-07-31T19:46:01.844833591Z,3 weeks ago
ChIJO-bEJQDbfkcRlsuTerGoVDw,"More items on the menu than in most of restaurants in Padova.
Got my order ready even before kitchen was open. One of most delicious pasta I ate in Italy with different meat in one dish. Ordered meat, but pasta alone was 5 star",5,2025-12-07T18:36:44.527570143Z,8 months ago
ChIJO-bEJQDbfkcRlsuTerGoVDw,"Very nice and expensive looking restaurant. We went there for breakfast. We were surprised how cheap it was when we got the tab, we assumed it would be 4-5x more expensive. The ambiance was amazing but the food was mediocre at best. The brioches were better looking than tasting.",4,2025-11-22T18:02:03.299510602Z,9 months ago
ChIJO-bEJQDbfkcRlsuTerGoVDw,"Super service, delicious food all on a boring Monday evening working in Padua.
I’ll be back for sure.",5,2025-01-20T21:23:29.116888Z,a year ago
ChIJO0Xv4I_VfkcR21iT0k_Y1mI,"Must visit restaurant, had an amazing experience.

We had opted for 4 courses menu, specifically handpicked wines, which were served on the basis of the food being served at just 35 euros per person including wine. More economical options starting from 15-25 euros available too.

All the meals served were mouth-watering, excellent wine pairing.  Owner, Chef and service staff, all are extremely friendly and serves you the best...!

Small events or family functions can be planned easily at this restaurant.

Service           🌟 🌟 🌟 🌟 🌟
Food                🌟 🌟 🌟 🌟 🌟
Menu               🌟 🌟 🌟 🌟 🌟
Economical   🌟 🌟 🌟
Family/Kids    🌟 🌟 🌟 🌟 🌟
Cleaning         🌟 🌟 🌟 🌟 🌟
Restroom        🌟 🌟 🌟 🌟 🌟

PS - The barbecue option is available, too.",5,2023-05-05T21:18:56.676410Z,3 years ago
ChIJO0Xv4I_VfkcR21iT0k_Y1mI,"We’ve came here by coincidence and it was a great choice. Superb traditional dishes with large choice of wines. There’s also something to choose if you’re with kids, just ask staff, because there’s no children dishes in the menu. Great service speaking english! I would recommend Era Ora if you ever find yourself in Campo san Martino.",5,2024-08-12T19:35:06.725718Z,2 years ago
ChIJO0Xv4I_VfkcR21iT0k_Y1mI,"Very good restaurant, amazing atmosphere, with an impeccable service. All very fresh, tasty combinations, great wine selection. Recommended!",5,2022-10-29T17:41:56.569080Z,3 years ago
ChIJO0Xv4I_VfkcR21iT0k_Y1mI,"Really nice restaurant, lovely service, good seafood, for me tartar was a little bland but really fresh!",5,2022-10-28T12:21:53.957405Z,3 years ago
ChIJO0Xv4I_VfkcR21iT0k_Y1mI,"Very nice place, with excellent food and wine.
Good English service for the tourists and
great B&B next door for the wine lovers :-)",5,2023-08-08T19:58:10.472904Z,3 years ago
ChIJO9ccdUvbfkcRtQYgeaYH0m0,"American restaurant with burger, ribs , salads and fajitas choices. Burgers comes in 3 sizes: small, medium and big (it is only about the weight of the burger because the size of the bread is the same for any of them). The decoration inside is quite nice, and they have tables also outside. The attention from the staff could improve. I tried the Small Bacon burger, it tasted good and it was a complete meal so the portions are well served.",3,2021-10-10T01:17:41.814613Z,4 years ago
ChIJO9ccdUvbfkcRtQYgeaYH0m0,"Almost an American dream — but with Italian subtitles
I walked in just before closing time, hoping for a small nightcap of experience to end a beautiful day. The place looks like an American diner — Elvis on the wall, US license plates, neon light… the whole cultural export package.
I asked for a burger.
Silence.
I repeated burger.
More silence.
Then the waiter lit up: “Ah, BURGER!”
Breakthrough.
I was asked to move 20 meters to a more appropriate table (apparently the first one offended someone’s geometry). I ordered a Blue Cheese Burger + Corona. The Corona arrived quickly. The No-Cheese burger a bit later. Close enough, I suppose — dairy intolerance by divine intervention.
I asked for salt. Non comprendere.
I wrote NaCl on paper. Still non comprendere.
Chemistry fails again.
To their credit, they listened politely when I explained the situation, and apologized kindly. Staff is friendly — once communication leaves Earth orbit and returns.
Food: fine.
Service: unforgettable.
Experience: pricelessly chaotic.",3,2025-12-08T23:13:45.555414672Z,8 months ago
ChIJO9ccdUvbfkcRtQYgeaYH0m0,Burgers’re awesome. It’s the best I’ve ever eaten. Atmosphere was calm and inspiring. Thanks for the dinner and great atmosphere 😊,5,2025-04-17T20:34:08.463686Z,a year ago
ChIJO9ccdUvbfkcRtQYgeaYH0m0,"Besides the nice decoration and interior. This is my worst fried chicken experience. Quite over-priced, fries and chicken nuggets are very dry, the wings are a bit acceptable but not good , and the chicken popcorn is dried and burned.",2,2023-05-05T20:11:40.282004Z,3 years ago
ChIJO9ccdUvbfkcRtQYgeaYH0m0,Walked by here several times and thought we'd try it out. Wonderful food. Tastes sooooo good. And amazing service. So so kind. Will go back again soon.,5,2022-11-07T14:57:28.138740Z,3 years ago
ChIJO9xW4azbfkcRf1txV5-S1dQ,"I got the full plate of the day which included rice, lentils,  cashews, a piece of chicken, a fish croquette and some papadam for €6. The food was delicious and spicy, and the portion size was such great value for the price. I’ll definitely return!",5,2023-12-26T14:10:13.614538Z,2 years ago
ChIJO9xW4azbfkcRf1txV5-S1dQ,"Welcome to the arrogant chef's restaurant. We went for dosa and it was not available. Reason is we were late (I don't know how 20:00 hrs is considered late for dinner). The menu is just there for marketing, none of it will be available. Just few dishes given by the chef will be the option. Oh, also the menu doesn't have price, it's what they say. With no option, I had to have chicken kottu, but couldn't find any chicken in it. Forget chicken, there was no flavor at all. It was like a mix of normal paratha, spring onions, chillies, onions and some shredded carrots. The menu stated to have green peas, but there wasn't any. The conversation with the chef (there was no other person like a waiter to talk to) was very unpleasant as well. It felt like he didn't want us to be there. No wonder the place was empty. There are many good Indian restaurants in Padua, please prefer them.

For instance, restaurant Shiva is also near Prato Della Valle, very good customer service, quality food, good taste and more options, not just what the chef says.",1,2025-09-05T14:45:02.615545839Z,11 months ago
ChIJO9xW4azbfkcRf1txV5-S1dQ,"Your service and food quality are the bad, make the customer the first priority in your business. Congratulations to you and hope you can improve your business and move forward. Thank you!",1,2025-08-14T20:28:20.439382656Z,a year ago
ChIJO9xW4azbfkcRf1txV5-S1dQ,I wanted to inform you that restaurant is serving old foods... I went today with my Friends and order 2 fried rices and 2 mixed kottu... We got very bad smell like they have made by few days ago.... Highly we won't recommend this restaurant.... 🤮🤮🤮🤮🤮🤮🤮🤮,1,2025-08-14T20:26:42.181165009Z,a year ago
ChIJO9xW4azbfkcRf1txV5-S1dQ,They served us the food which went bad and stank. Very bad,1,2025-09-06T19:04:01.904823753Z,11 months ago
ChIJORN_mdnbfkcRq7g9fQtODbE,"Traditional Indian Restaurant, food was OK, Premises was clean and service was good. The only downside is there were a group of Indians around 6 of them making a lot of noise and talking very loud ... not good to see ... I wish the restaurant was strict with their rules. Good Restaurant overall in Padova and 700 m from the Train Station. I made the reservation on The fork app with a 30% discount on food ...",4,2026-03-14T20:53:23.412209152Z,5 months ago
ChIJORN_mdnbfkcRq7g9fQtODbE,"The food was very good, but, after ordering a non-spicy dish, I had also explicitly asked to make sure to not make it spicy, and yet it arrived very spicy (I can't really eat spicy at all).
Other than that, the flavor was very good, and the portions were adequate.
When I told them, they said that I could have tell them and get a new one, and I appreciated that.",4,2025-07-27T08:37:17.252605353Z,a year ago
ChIJORN_mdnbfkcRq7g9fQtODbE,"The taste was okay not too great, but no raita served with biryani as mentioned in the menu , also no accompaniments like achaar or onion, very disappointing !",2,2026-06-26T18:15:47.333583512Z,2 months ago
ChIJORN_mdnbfkcRq7g9fQtODbE,"We really liked the food!! And with The Fork we paid very very little. But also the ""normal"" prices are very fair.",5,2025-07-27T20:44:15.309829027Z,a year ago
ChIJORN_mdnbfkcRq7g9fQtODbE,Smooth indian dishes that taste wonderful.  You can be sure to not be disappointed. You are well taken care of during your meal!,5,2024-09-10T05:54:09.097395Z,a year ago
ChIJOTEvYJLQfkcR4xevcuFc2AA,Food and service was excellent. Prices are reasonable because the quality of fresh seafood can be tasted with every bite. If you are seafood lover I would definitely recommend you to visit this place!! We will definitely go back! Yummy 😋🥰,5,2024-05-11T12:45:22.342914Z,2 years ago
ChIJOTEvYJLQfkcR4xevcuFc2AA,The food was very good and the service was great.,5,2023-05-10T23:53:12.361273Z,3 years ago
ChIJOTEvYJLQfkcR4xevcuFc2AA,"A little bit far out, but the incredible food is more than worth the visit! Somewhat upscale in terms of style and prices, yes, but much more so in service. Super knowledgeable and friendly waiters and very well selected ingredients make the time fly by without you knowing it.",5,2018-02-04T15:09:09.201Z,8 years ago
ChIJOTEvYJLQfkcR4xevcuFc2AA,Food not only taste good but also like a painting. So beautiful and elegant. Service also close to perfection. This could be fine food experience to become part of your  memory in life,5,2023-04-06T20:57:38.390279Z,3 years ago
ChIJOTEvYJLQfkcR4xevcuFc2AA,"Perfect! Just amazing, it’s worthy in anyway, fresh and perfectly cooked seafood. high quality service. Friendly to kids as well.",5,2023-02-28T08:56:15.423841Z,3 years ago
ChIJOXGASE7afkcR1NgjX22AjP4,"This casual bacaro just off Piazza Duomo is a versatile wine bar/osteria serving cicchetti alongside a more substantial menu – perfect whether you’re after a snack and glass of wine or a full meal. I love the cool, casual interior with soft lighting, warm wood, and exposed stone  – as well as the fact that it’s full of locals and travellers in the know. The short menu focuses on traditional Paduan cuisine and specialties from across the Veneto, including Venetian baccalà mantecato and baccalà poached in milk Vicenza-style. The wine list is impressive and the staff friendly and knowledgeable. There’s good local salumi (Sopressa Vicentina and Prosciutto Veneto Berico-Euganeo DOP) and formaggi (36-month-old Asiago, Caprino di Marano goat cheese from Valpolicella, and hay-smoked Monte Veronese), and distinctive Paduan dishes like Gallina in Saòr that you’re unlikely to find elsewhere. Great house-made desserts too.",5,2026-07-22T05:58:39.641872642Z,a month ago
ChIJOXGASE7afkcR1NgjX22AjP4,"A very beautiful restaurant with very polite staff.

I would recommend to book a table as the restaurant is quite popular in yhe area and you might find ot difficult to sit at a table without a reservation.

I put 4 stars because we had to wait  fot quite long for the dishes. It is excusable due to the people in the restaurant but i have to be objective.

The tiramisu was delicious.",4,2025-10-07T06:48:43.944704125Z,10 months ago
ChIJOXGASE7afkcR1NgjX22AjP4,"I had a delicious 3 course meal of squid, pasta with anchovies and onion sauce and sea bass. Overall I paid around 50€ including wine. The price was appropriate for the quality. The restaurant is a bit easy to miss if you are not actively searching for it. If you're looking to treat yourself with a well made meal I can highly recommend this place :).",5,2025-05-26T15:15:03.478123Z,a year ago
ChIJOXGASE7afkcR1NgjX22AjP4,What a fantastic spot! From the welcoming decor to the well-oiled machine of the staff and the lovely regional dishes with the chef coming out to personally deliver them. They let you split dishes and checks - so thoughtful and fun. Andres rocks!,5,2026-06-18T21:30:17.786536107Z,2 months ago
ChIJOXGASE7afkcR1NgjX22AjP4,"Delicious pasta, friendly staff :)
We were lucky enough to find table to have lunch. We tried fettuccine fungi and bigoli ragu. Highly recommended place for pasta and tiramisu. Make reservations to secure your table.",5,2025-09-27T12:58:07.954683336Z,11 months ago
ChIJOa3AdgDbfkcRCmQx7hvkbs4,"Super kind, welcoming, local bakery. Everything is homemade and tastes really fresh and high quality. The cornetto is flaky, soft, fresh, and even the crema (custard) one is not way too sweet. The coffee is excellent as well (they also have oat milk).

For lunch time they have a variety of homemade pasta salads, grilled veggies, fregola (I think) salad, quiches, square pizza slices,  etc. varying throughout the days. I had pesto pasta with a side of greens and eggplant. (See photo). Every part tasted delicious and super fresh, with very good olive oil.

The staff is also very kind, welcoming, serves you at your table, recognized me returning and were patient and helpful with me trying to speak my non-existent Italian.",5,2026-06-20T08:32:49.876272992Z,2 months ago
ChIJOa3AdgDbfkcRCmQx7hvkbs4,"A little hidden gem. I lived around the corner from them for almost a year before discovering them- an absolute shame because I could have been eating all their treats much sooner. I do think Bacio has the best jam filled croissants in all of Padua. The cafe is always stocked with something new, high quality wines and oils to take home, BEAUTIFUL pasta plates with vegetables, and super sweet staff. Better than any food I’ve tried in the city center proper.",5,2026-02-20T09:46:25.721040023Z,6 months ago
ChIJOa3AdgDbfkcRCmQx7hvkbs4,"In short, the best place for a high-quality, good-price quick lunch, breakfast or afternoon coffee.

Very few places on Earth can proudly bear a name that describes with extreme accuracy their effect on their visitors. This is one of them, and perhaps the finest examples I've ever found. Let me explain.

They offer a good variety of exquisite dishes for lunch (mostly primi piatti, with some secondi), with a constantly rotating selection of options (really, the offerings change every day) and great new additions regularly. Their sweets, either small or big, are amazing and ideal for the morning or afternoon. I highly recommend their Pazientina and the Caffé Mousse dolcetto (yes, that little chocolate mug). They can always be washed down with their good coffee. The staff is quick, efficient, gentle and always in good mood. The prices are low given the quality of the food and average before taking that into account.

Every visit will fill your stomach, excite every single sensitive cell in your tongue and nose and feel in your soul like the kiss of a fine lady, i.e. like a Bacio di Dama.",5,2025-03-30T19:50:42.835882Z,a year ago
ChIJOa3AdgDbfkcRCmQx7hvkbs4,"Great service, great product, reasonable prices.",5,2026-01-13T08:21:59.734083511Z,7 months ago
ChIJOa3AdgDbfkcRCmQx7hvkbs4,"Excellent selection of pastries, cozy atmosphere and friendly staff. What's not to like?",5,2025-03-04T07:07:20.242291Z,a year ago
ChIJOcS6nS3bfkcRf1dJ4Nf8CVo,Very delicious sushi and the waffles are very special. Never had something like this before! Service is very kind and has an eye for details . Loved it!,5,2026-06-22T15:02:59.539199596Z,2 months ago
ChIJOcS6nS3bfkcRf1dJ4Nf8CVo,"Best sushi I glad in Italy, there’s no competition in Padua.",5,2026-03-14T18:41:14.963298472Z,5 months ago
ChIJOcS6nS3bfkcRf1dJ4Nf8CVo,"“Amazing sushi, super fresh and delicious. Definitely recommend.”",5,2026-04-04T18:39:58.927441454Z,4 months ago
ChIJOcS6nS3bfkcRf1dJ4Nf8CVo,"Every time I come to visit Padua, I have to stop by, because it’s one of the best sushi I’ve ever had, and the owners are just lovely with their daughters.",5,2025-08-27T16:12:28.690111380Z,12 months ago
ChIJOcS6nS3bfkcRf1dJ4Nf8CVo,"If you come here once, you will definitely come again. Very creative and wonderful sauces and ingredients. They are always so welcoming and kind",5,2025-10-10T18:30:05.105844111Z,10 months ago
ChIJOd0t9ybbfkcRbUlRc9TxMXE,"incredible stuff they are making in this place. the amount of meat is so generous, and the beef is cooked to absolute perfection in the mo burger. the pastry is flakey and crunchy, and joy to eat. the chicken mo is also amazing, such juicy flakey meat in both !!! chicken one also comes with an egg. the bao is so juicy and flavorful, and the shaobing is also flavored so well. the bread for that is so good, the meat juice soaks into the inside perfectly. the people who run the place are so sweet, always greet you with a smile :). price is also amazing, thank you so much.",5,2025-11-21T22:59:04.920362411Z,9 months ago
ChIJOd0t9ybbfkcRbUlRc9TxMXE,"中国人支持中国人！非常好吃！Chinese here visiting Padova for a daily trip - and this small Chinese dim sum restaurant wowed my eyes! I ordered mini beef shaobing, it tasted soooooo goood oh my gosh! Juicy fillings and the authentic Chinese flavor oh wow! The only thing was maybe I was not asked if I wanted to have a spicy or non spicy one…but still, 5 euros for 3 👍 and the mom and the son were very friendly! Please come and support! you will be over the moon for a nice bite of Chinese flavor ☺️",5,2025-11-15T18:08:21.723657559Z,9 months ago
ChIJOd0t9ybbfkcRbUlRc9TxMXE,"This place is a real find. The staff are really nice, and the food is really good. I ordered the mo with beef, which was clearly made fresh and absolutely stuffed with meat.
A quick tip: my friends tried some of their other dishes and asked for the Piccante version, it's genuinely hot!
Totally recommend to try this place.",5,2025-10-27T10:58:19.302590202Z,10 months ago
ChIJOd0t9ybbfkcRbUlRc9TxMXE,Yum yum yum 😊 we found it randomly on google maps and we are glad we went there. The food was very tasty and freshly prepared. So sad we are in Padova only for few hours,5,2026-03-23T11:36:21.820962827Z,5 months ago
ChIJOd0t9ybbfkcRbUlRc9TxMXE,"Kind staff, great Chinese food and good portion. Highly recommended",5,2026-05-29T07:42:44.614874981Z,2 months ago
ChIJOepjVV3afkcRAQ5K3kfTe5s,"Excellent customer service, great food. Great fresh juice.thank you so much.",5,2026-07-08T10:46:53.443731335Z,a month ago
ChIJOepjVV3afkcRAQ5K3kfTe5s,Ordered a carrot and green juice. Made it fresh on the spot. Delicious!!,5,2026-07-25T13:02:07.951319792Z,a month ago
ChIJOepjVV3afkcRAQ5K3kfTe5s,The most tastless thing I think I've ever had! Overpriced and lacking anything that resembled food. To be avoided! I should have bought a sandwich from the food dispenser at the station..I'm sure my taste buds would have been more satisfied.,1,2024-03-05T12:31:27.310531Z,2 years ago
ChIJOepjVV3afkcRAQ5K3kfTe5s,"It was probably the saddest worst vegan brioche I've had in my 4 years in Italy. Bland, stale and doughy. Do better!",1,2023-11-27T08:40:11.060769Z,2 years ago
ChIJOepjVV3afkcRAQ5K3kfTe5s,"The staff is kind and helpful, but the sandwiches are completely tasteless. Three stars just for the service.",3,2024-09-01T11:36:48.754501Z,a year ago
ChIJP-ZEOlTafkcRFi8zBVerMvg,"We had an amazing experience! We tried three different burgers and every single one was perfect. The portions were great, the flavor was incredible, and the meat was cooked perfectly. Everything was absolutely top quality! The staff was also very friendly and welcoming. Definitely a place we would happily visit again!",5,2026-05-15T06:44:00.122776460Z,3 months ago
ChIJP-ZEOlTafkcRFi8zBVerMvg,"A place we stumbled upon while exploring the city! After checking the reviews on Google, we decided to give it a try and... we didn't regret it at all!!! The food is 100% worth the price, with fresh, high-quality ingredients! The place is neat, clean, and decorated in a very original style, with friendly staff. We'll definitely be back when we're in the area!",5,2025-09-21T21:17:41.750226770Z,11 months ago
ChIJP-ZEOlTafkcRFi8zBVerMvg,"Nice little restaurant with 80s flare and very good food.
Fries and burger were amazing and the best cheese cake I’ve ever had!",5,2026-05-19T11:09:24.810432801Z,3 months ago
ChIJP-ZEOlTafkcRFi8zBVerMvg,Overall awesome vibe and food and a very fast service. I loved their great variety of burgers. Pretty good price-quality ratio,5,2026-03-20T06:41:14.705921688Z,5 months ago
ChIJP-ZEOlTafkcRFi8zBVerMvg,"Honestly the best burgers I’ve ever had! I’ve been living in Padova for the past 5 years and I took every single person I know to this place. Please never take Country, Caramel and Soul Crispy burgers out of the menu. We basically eat them every week 😂 Thank you to everyone who works there cause you’re doing an incredible job.",5,2024-12-09T19:57:54.960702Z,a year ago
ChIJP1Ea5NDbfkcRnzBx1e59Bak,"It was a fine experience,since we love sushi. The environment was beautiful, and the staff were fast and welcoming. The food was good, but quite average—while we enjoyed it, I think I would prefer to try other sushi places next time not here. Overall, it was a fine experience.",4,2026-01-04T12:40:58.916592921Z,7 months ago
ChIJP1Ea5NDbfkcRnzBx1e59Bak,"Kind staff, great sushi and more. Beautiful interiors. Recommended",4,2025-08-27T07:53:05.976893892Z,12 months ago
ChIJP1Ea5NDbfkcRnzBx1e59Bak,"Nice and quiet with a large selection of sushi and others, the nigiri were quite good and I especially liked the dumplings 👌🏻 I would go again! The price was also absolutely reasonable",5,2025-10-10T19:54:35.112892700Z,10 months ago
ChIJP1Ea5NDbfkcRnzBx1e59Bak,"Very good place to eat sushi in Padova 🍣 everything was tasty, good choice of food, fast service and nice atmosphere. To come back !",5,2024-02-23T12:11:01.088497Z,2 years ago
ChIJP1Ea5NDbfkcRnzBx1e59Bak,"Clean, excellent food and service, unbelievable food choices! Loved all you can eat for €14.99 and the whole ambiance! Must go to tourist or not!",5,2024-07-27T13:43:06.559041Z,2 years ago
ChIJP3oZpUjafkcRu0gxTJMAYxs,"Great Iranian restaurant with delicious, high-quality food and generous portions. The taste truly reminded me of Iran and felt very authentic. Mr. Fariborz is extremely kind and welcoming, which makes the whole experience even better. Highly recommended",5,2026-01-11T22:22:32.163640525Z,7 months ago
ChIJP3oZpUjafkcRu0gxTJMAYxs,"We were unfortunately very disappointed with our experience. During our trip in Northern Italy, after several days of travel and eating out, we were looking forward to trying this restaurant because we usually enjoy Persian and Middle Eastern cuisine and are often impressed by the friendliness and hospitality.

However, this time it was different. When we arrived, we were told that there were no free tables available, which we fully understand. What made us uncomfortable was the way we were spoken to. We had been waiting outside with our two children, and instead of a polite explanation, we felt unwelcome.

One comment in particular was very disrespectful. We were told that “this is not McDonald’s,” even though we never asked for anything inappropriate. We have nothing against McDonald’s, but such a remark towards a family with two small children felt unnecessary and unkind.

Because our children were hungry, we ordered the food to take away. We cannot rate the ambience or the restaurant itself, but the interaction was not kid‑friendly and the way we were treated made it impossible for us to enjoy the experience

We hope this was just an unfortunate moment, but we left feeling very disappointed by the lack of courtesy and respect.",1,2026-06-02T08:41:28.086985853Z,2 months ago
ChIJP3oZpUjafkcRu0gxTJMAYxs,"A great Persian restaurant!
The food is 100% authentic and the quality is top notch! It’s EXACTLY what you get at the best restaurants in Iran.
The Dough and the Mast Musir are amazing.
The restaurant is a cozy place with comfortable couches and the design represents old Iranian restaurants, filled with elements of Iran history.
The owners are nice and friendly Iranian people and they actually gave us a lot of pointers on how to make Iranian dishes with what we can find in Italy, and where to get our ingredients.
All in all it was a great day, and I will definitely go back a lot!",5,2022-11-14T11:56:30.127045Z,3 years ago
ChIJP3oZpUjafkcRu0gxTJMAYxs,"Nice staff. Great ambient. Food was ok. Kabob was a bit dried and overcooked. But for such small town, finding a Persian restaurant is rare. So overall is was a great experience.",4,2025-08-27T20:00:56.231565841Z,12 months ago
ChIJP3oZpUjafkcRu0gxTJMAYxs,Delicious food and friendly staff in a very quiet and pretty location. Prices are a bit high but portion sizes are quite filling.,5,2025-07-01T05:40:16.233006152Z,a year ago
ChIJP40p4BnbfkcRj_9J0x95zRo,"one of my top fav ramen spot in Padova, def highly recommended! ordered the soupless ramen “mazisoba with nikumiso” such refreshing taste and so delicious! we also get to try the “Bao” with the on going Bao nights event, personally really love the Tofu one!!

The kind staff named Alexandra was so friendly and helpful ; she explained to us carefully about the menu and took care of us really well throughout the night! Can’t wait to come back again to try out the other dishes on the menu ❤️",5,2026-04-21T11:58:12.979560131Z,4 months ago
ChIJP40p4BnbfkcRj_9J0x95zRo,the ramen itself was quite tasty but in the end I found a big piece of plastic in it. I was pleased with the solution of the problem as I got a full refund. Also my friend ordered the vegan ramen but she got a meat one. It was also replaced so I would say the staff acted really nicely.,3,2026-04-24T21:28:27.144575282Z,4 months ago
ChIJP40p4BnbfkcRj_9J0x95zRo,"Delicious ramen! Many options, including vegan, for an affordable price. There was a great atmosphere and you can  add your own notes to the wall! Highly reccomend",5,2026-03-17T13:12:00.591281646Z,5 months ago
ChIJP40p4BnbfkcRj_9J0x95zRo,"Personally, the best ramen in town! I have tried the diverse options they have in the menu, and all the options are extremely tasty and original as they do in Japan!

They also have a nice drink menu offering kombucha and their own beer brand.",5,2025-10-24T17:05:40.217624558Z,10 months ago
ChIJP40p4BnbfkcRj_9J0x95zRo,"Everything about this place was perfect… except the ramen 😞 we were welcomed with small miso soup (10/10!) and ordered onigiri with tuna and mayo (10/10 as well!) but when it came to ramen… well we were kind of disappointed. It didn’t have any taste at all, very bland :( Lacked any savoury flavour.  I believe that with a little modifications it could still get better as the place itself has great potential!",3,2025-09-25T08:25:03.811904138Z,11 months ago
ChIJP622RBrRfkcRQEydnppqAno,"They serve always delicious food. Pizzes are a bargain at this place!

Servers are super friendly. Unfortunately there is no English menu. Nothing what Google translate can't fix.",5,2025-12-19T10:39:52.490873602Z,8 months ago
ChIJP622RBrRfkcRQEydnppqAno,"Excellent service and friendly people. We all enjoyed in this restaurant hospitality experience. We will definitely come back when we come again. Special thanks to Samoa and Donna who helped and served us properly and professionally.
Good luck guys….",5,2026-04-13T21:07:46.706579584Z,4 months ago
ChIJP622RBrRfkcRQEydnppqAno,Fantastic food in a pleasant and relaxing atmosphere. The delicious dinner we had was a wonderful end of an exciting trip! Thank you!,5,2025-10-22T18:27:26.349392402Z,10 months ago
ChIJP622RBrRfkcRQEydnppqAno,Amazing food and service,5,2026-05-27T17:43:31.566479843Z,3 months ago
ChIJP622RBrRfkcRQEydnppqAno,"The workers were so nice and kind, the food was delicious, would love to come back again some day!",5,2025-05-24T16:12:54.439707Z,a year ago
ChIJP8f_LgDbfkcR_Xm0i6-6ayI,"The 3 last time I went the bread of the pizza was burnt... the first time I told the manager ( the guy with glasses standing behind the cashier), he just said ""ok"". Not sorry! Just ok. Last night I went I asked the waiter, ""I like the pizza here but last year it was very good we used to come, 3 times the bread was burnt and it makes it bitter."" He said we have electric oven and it happens but i write bianca here. But again....

That's why they keep sending messages for discounts. Even on Saturday nights you can go and find a place without reservations... I will never go again!",2,2026-07-04T08:12:32.560454890Z,a month ago
ChIJP8f_LgDbfkcR_Xm0i6-6ayI,"Food was exceptiona, not only the flagship pizzas but everything else as well. Beautiful setting with inside and outside seating options. Staff were great, even when we arrived in the last hour of service. More pricey than other pizza places in Padova but there again, you are visiting an institution. Treat yourself.",5,2026-07-03T08:35:54.991981321Z,a month ago
ChIJP8f_LgDbfkcR_Xm0i6-6ayI,"Finally found the authentic Italian pizza I’ve been craving(& the friarelli e salsiccia : the real good one, you don't find it easy! )
This spot in the city center is amazing. Alessio and Gigi are so welcoming and professional—it clearly takes that level of expertise to craft a pizza this good. The ingredients and the dough are incredible. It’s definitely a must-visit in Padova",5,2026-03-21T19:55:51.343266008Z,5 months ago
ChIJP8f_LgDbfkcR_Xm0i6-6ayI,"It's delicious. I recommend this place. The food is delicious. The atmosphere isn't great, and neither are the waiters. Maybe we just got unlucky with them; I don't know. But the food is delicious!!",3,2026-04-04T21:06:41.595647068Z,4 months ago
ChIJP8f_LgDbfkcR_Xm0i6-6ayI,Fast and really tasty pizza served. Authentic Italian ultra-thin base pizza with fresh vegetable toppings. Highly recommended. Vastly superior compared to the multinational franchises.,5,2026-04-06T22:07:45.869335809Z,4 months ago
ChIJPTRpx3jbfkcRx5Gv5a-P484,"Everything was grate!
The service was very good, the food was amazing.
The antipasti was excellent!
The cooked vegetables was super tasty and the steak was amazing!",5,2020-01-18T09:57:28.612436Z,6 years ago
ChIJPTRpx3jbfkcRx5Gv5a-P484,Very good food and service. Nice interior.,5,2023-07-13T21:05:15.747718Z,3 years ago
ChIJPTRpx3jbfkcRx5Gv5a-P484,"I found this restaurant randomly on the way through town and was amazed by it. It looked like a good sign when some customers greeted the chef with 'Ciao Maestro' when I walked in and it really was. The food was fantastic and the service extraordinary. I enjoyed the food so much that I ordered so much I couldn't even finish it, and I even brought more for dinner back home.

Some places try so hard to make themselves appear better than they are and you end up paying a lot of money for a good looking but mediocre plate. Here it is the opposite. Everything is genuine, they are not trying to be cool but serve good food instead and the result is a really great restaurant. I will definitely eat there again when I am in Padua.",5,2022-06-28T13:18:04.944488Z,4 years ago
ChIJPTRpx3jbfkcRx5Gv5a-P484,The best place in padova. The food is absolutely amazing.  The staff are very friendly and can't help enough. It is definitely a must to come and have dinner here,5,2019-09-21T15:25:56.846776Z,6 years ago
ChIJPTRpx3jbfkcRx5Gv5a-P484,"Best restaurant in Padova to have a great dinner with the best meats there is !
Service was really good, very recommended.",5,2022-07-14T03:47:05.823147Z,4 years ago
ChIJPTUJOQHbfkcRzT2nZaLygVg,"Generous quantity and good pizza quality 😍 I definitely recommend it ❤️
The cheese calzone is soo big and such a generous quantity of cheese! 😍",5,2024-11-15T22:08:11.941542Z,a year ago
ChIJPTUJOQHbfkcRzT2nZaLygVg,"Good dough, good pizza, quite pizza pala feel. Recommended",5,2024-12-17T09:36:34.548989Z,a year ago
ChIJPTUJOQHbfkcRzT2nZaLygVg,Normal pizza with a good price.,4,2022-08-22T09:45:34.867116Z,4 years ago
ChIJPTUJOQHbfkcRzT2nZaLygVg,Worst staff always in angry mode,1,2025-10-07T18:28:53.137078680Z,10 months ago
ChIJPTUJOQHbfkcRzT2nZaLygVg,"We're on holiday in Padua and discovered this pizza place right across the street – a real find!

Super friendly team, incredibly helpful despite a slight language barrier. And the pizza? Absolutely delicious, plus excellent value for money. They're so fast and great with kids.

We've been there three days in a row now – and we'll definitely be back! 😄",5,2026-05-02T19:51:57.292372915Z,3 months ago
ChIJPX0oUjjafkcR8C46z0sMzps,"I used to buy falafel panino here as it's quite good. But today I took it takeaway as usual and headed to another district of the city to have lunch. Turned out they put kebab instead of falafel, waste of money, hungry and disappointed",1,2023-03-13T13:03:18.724155Z,3 years ago
ChIJPX0oUjjafkcR8C46z0sMzps,"The pizza was without flavour, it tastes nothing at all..
The price was 7.5 for a pizza and mushroom..
Also the kabab was the same (tasteless)!
I didn't like it at all",1,2022-12-24T10:40:26.596958Z,3 years ago
ChIJPX0oUjjafkcR8C46z0sMzps,"great place! very friendly staff, good priced food and tastes great. a go-to place when I don't want to make dinner",5,2022-03-28T10:16:13.095780Z,4 years ago
ChIJPX0oUjjafkcR8C46z0sMzps,The pizza is GOOD and it's cheap. The owners are super nice too,5,2021-11-17T18:27:19.974950Z,4 years ago
ChIJPX0oUjjafkcR8C46z0sMzps,"Good kebabs and pizzas, deliveries are not the fastest in town. Price is okay.",4,2018-04-11T23:10:53.731Z,8 years ago
ChIJPXvWJ8nbfkcR00HBbbd7MNI,"I’m so happy I finally found a place serving Chicken dumplings aka ravioli . To my surprise, I loved Shrimp(Gamberi) ones even better. Definitely recommended, so Yumm.",4,2025-01-29T01:43:02.507675Z,a year ago
ChIJPXvWJ8nbfkcR00HBbbd7MNI,"This is one of my favorite food places in Portello! The dumplings are delicious and a good price (€5-5.5 for 6 pieces, €6-6.5 for 8). The edamame and red bean bun are also good! It’s a small place with only a couple seats but you can eat there if you’d like. And you can pay with card.",5,2024-04-17T20:28:06.408199Z,2 years ago
ChIJPXvWJ8nbfkcR00HBbbd7MNI,"Losing count on how often I buy the ravioli de gamberi from here: bcos they are that TASTY! The taste of ‘chestnuts’ is just perfect, the owners are very nice but better if you take away compared to dine in",5,2023-12-22T19:21:19.275418Z,2 years ago
ChIJPXvWJ8nbfkcR00HBbbd7MNI,"The perfect quick bite. Tasty, cheap, fast. It’s literally everything you could ever want. Go here. Now.",5,2026-03-06T13:46:44.274643039Z,5 months ago
ChIJPXvWJ8nbfkcR00HBbbd7MNI,The dumplings were delicious and the price is great!! I highly recommend it! (In the picture I poured the soy sauce on top. It comes in a small container incase you want to dip it.),5,2019-12-04T13:37:40.670358Z,6 years ago
ChIJPaWgg5rZfkcR3NzGB06PCtg,Fantastic choice for people with intolerance,5,2017-11-10T23:33:00.792Z,8 years ago
ChIJPaWgg5rZfkcR3NzGB06PCtg,Top,5,2019-12-25T10:25:18.710379Z,6 years ago
ChIJPaWgg5rZfkcR3NzGB06PCtg,Super,5,2019-12-19T23:30:28.090498Z,6 years ago
ChIJPaWgg5rZfkcR3NzGB06PCtg,Top,5,2018-03-05T09:38:55.886Z,8 years ago
ChIJPaWgg5rZfkcR3NzGB06PCtg,"Fantastic experience! The gluten-free products are top-notch, among the best I've ever tried in Italy. Everything is fresh and carefully prepared. The staff is incredibly friendly, and the coffee is truly excellent, which is not a given. If you're in the area, it's a must-visit. A well-deserved five stars!",5,2026-05-07T07:51:50.739582654Z,3 months ago
ChIJPamMuaTQfkcRkvfp3adyR5s,Very pleasant stuff and great pizza with reasonable prices. Awesome!,5,2026-03-25T16:11:16.945528308Z,5 months ago
ChIJPamMuaTQfkcRkvfp3adyR5s,"Full of locals. Excellent pastas, good selection of local wines. Reasonable prices. Way to go, a nice place close to Autostrada and major hotels.",5,2025-10-22T09:35:32.882456255Z,10 months ago
ChIJPamMuaTQfkcRkvfp3adyR5s,"The restaurant has nearby parking facilities which is important. The actual restaurant seems quite small from outside but once inside it opens up like a handbag!
I had seppie nere with polenta and a mixed salad. It was excellent. A good sized portion, tender seppie in a very flavoursome inky sauce, fresh crunchy salad, and white sparking local wine.
My friends had  mixed fried fish, which was really tasty,I booking to go again to try for myself.
The staff were very friendly and efficient.",5,2020-08-06T13:44:10.692004Z,6 years ago
ChIJPamMuaTQfkcRkvfp3adyR5s,"Great pizza, pasta and wine - very nice staff! We enjoyed dinner there a lot.",5,2024-10-27T18:20:16.777118Z,a year ago
ChIJPamMuaTQfkcRkvfp3adyR5s,"Fantastic pizzas 🍕, large menu to choose from. Only downside: The draft beer is Danish 😋",5,2024-10-27T18:23:37.400944Z,a year ago
ChIJQR9o0zTafkcRA76TSnrQuiw,"Let me paint you the picture. It was dark (9 pm), cold, and rainy. I just finished my workout at the gym, so above all else, I could’ve probably eaten a whole cow and half a horse by that point. I checked where to eat, and fast24 was a beacon of light among all the other restaurants ready to shut down for the night.
I walked through the door and the vibes were immaculate. You’re greeted with a smile right when you enter. During this visit I was seated by one of the employees, I think her name was Jeremy. She complemented me on my style and took my order.
From the atmosphere of the restaurant combined with my growing hunger I had very high expectations. I ordered the medium sized west coast burger combo with fries and a drink.
I have nothing but praise for the service, for I scrolled through three maybe four Instagram reels max in my fyp and suddenly my food appeared right in front of me.
Let me tell you, this meal healed my soul and all my past traumas. Every part of the burger seemed to come together perfectly. The burger patty was juicy and flavorful. The toppings balanced the meatiness, introducing another dimension of taste. Most importantly, I was informed by Jeremy that the buns were made fresh in the kitchen. I’ve never had buns THAT good. The burger was accompanied by the fries. Absolutely nothing bad to say about them. Crispy on the outside and fluffy on the inside. All this was paired with a pint of beer.
I completely devoured that meal. I remembered walking home that night with a smile on my face because of it.
Overall I would recommend this place to anybody looking for a good quality burger. I thank Jeremy and the rest of the staff for their friendliness and service, making this experience unforgettable. I will be back soon, maybe even tomorrow",5,2026-01-25T00:21:19.896834808Z,7 months ago
ChIJQR9o0zTafkcRA76TSnrQuiw,"Greatful place and wonderful burgers.
Good choice of beers.

One of the few places open till late night.",5,2024-07-28T22:37:12.516248Z,2 years ago
ChIJQR9o0zTafkcRA76TSnrQuiw,"The best burgers and fries!! Everything tastes amazing there, prices are not low but the quality is really high !!!",5,2025-03-11T08:52:16.110378Z,a year ago
ChIJQR9o0zTafkcRA76TSnrQuiw,"The burgers are amazing, make sure you have a green pass if you plan to eat in.",5,2021-09-09T22:18:16.400912Z,4 years ago
ChIJQR9o0zTafkcRA76TSnrQuiw,"If you are looking for a place to eat good pizza, search no more. This is the right place to be",4,2021-06-23T18:22:18.071281Z,5 years ago
ChIJQbuFTwDbfkcR2eYerdn2oaE,"The best Tunisian food I’ve had in Padova so far! Highly recommended. The staff was very kind when we asked to change our order last minute, and the food was absolutely delicious.",5,2025-09-19T17:53:24.290399597Z,11 months ago
ChIJQbuFTwDbfkcR2eYerdn2oaE,Top level,5,2026-05-06T12:08:50.961422317Z,3 months ago
ChIJQbuFTwDbfkcR2eYerdn2oaE,Best fast food in Padova.,5,2025-10-11T23:22:48.822851332Z,10 months ago
ChIJQbuFTwDbfkcR2eYerdn2oaE,"Delightful food!!
Such a sweet couple and Baba running this cozy little takeaway definitely worth the walk and the wait
Incredible, balanced flavours. If you’re craving comfort home food, this place will SAVE you

I had the escalope baguette 10,000,000/10 the bread 🔥 and that turkey 😍 The tajine was phenomenal too. I ate it on a bench in the dark and it was not exactly the easiest thing to attack 😂 ended up taking it home and absolutely devoured it… no photo survived lol.

Generous portions, lovely people, delicious food. One of my favourite spots in Padua and I’ll definitely be back! 🤍",5,2026-08-24T07:06:32.744882277Z,in the last week
ChIJQbuFTwDbfkcR2eYerdn2oaE,unreal. the best kebab i’ve ever had. 11/10,5,2026-07-16T18:17:11.905057590Z,a month ago
ChIJR0-bw_7ZfkcR16MAgw7OacI,"Our favourite gelato in Padua! Simply delicious - all the flavours are exceptional. The pistachio is the best we’ve ever had, and the salted caramel is truly delicious too. Super friendly staff, generous portions, and great value. 😊",5,2022-10-31T11:23:38.774886Z,3 years ago
ChIJR0-bw_7ZfkcR16MAgw7OacI,"Great ice cream and Frozen yoghurt. Super friendly staff, she speaks italian, english and french ! If you are in Padova definitely have an ice cream there!",5,2025-08-14T15:13:50.064867363Z,a year ago
ChIJR0-bw_7ZfkcR16MAgw7OacI,Really good ice cream and very kind service!,5,2026-04-08T09:48:44.905535422Z,4 months ago
ChIJR0-bw_7ZfkcR16MAgw7OacI,"I recently tried ""La Granita Siciliana"" Pistachio at Glatto. While I appreciated the smooth and refreshing texture, I found the taste to be a bit too sweet for my liking. That said, the shop itself is fantastic! It was spotlessly clean, and the staff were incredibly friendly, speaking English fluently, which made the experience even better.

Overall, I had a positive experience, and I give Glatto 5 stars for their excellent service and inviting atmosphere. I’m definitely coming back to try their gelato!",5,2024-09-03T13:16:56.035843Z,a year ago
ChIJR0-bw_7ZfkcR16MAgw7OacI,Absolutely wonderful gelato. The pistachio is to die for!  Very friendly staff who spoke English and were very helpful.  Definitely recommend stopping here while in Padova!,5,2026-03-16T16:06:08.142824196Z,5 months ago
ChIJR2FuTU_bfkcR6xwXKpQnGmw,"We drank blackcherry, it was good. The waitress, Laura, she was super nice with us. We would like to come here again. Thank you for everything",5,2026-04-03T16:00:31.287362383Z,4 months ago
ChIJR2FuTU_bfkcR6xwXKpQnGmw,"super cozy and nicely furnished cafe, I loved the vibe, the music and my favorite hot chocolate",5,2025-11-24T17:22:59.043045254Z,9 months ago
ChIJR2FuTU_bfkcR6xwXKpQnGmw,"Beautiful interiors and location, BUT:
1) Booking system is a mess and even thought we arrived on time they overbooked the table to other people who never arrived;
2) Food quality is horrible;
3) Drink super watered.
4) Super slow service even though place was quite empty. 1h to give cold pasta.
Only positive was the cake.
Not recommended at all.",2,2023-09-29T23:13:22.610006Z,2 years ago
ChIJR2FuTU_bfkcR6xwXKpQnGmw,The barista with the mullet hair gave us wonderfull essences after we told him it was my birthday. We love him but he doesn’t now. U rock dude keep doing it.,5,2026-06-10T23:41:29.752330305Z,2 months ago
ChIJR2FuTU_bfkcR6xwXKpQnGmw,"My always go to spot, best music. This place is like a therapy.",5,2025-12-12T00:30:40.881147290Z,8 months ago
ChIJR7KOCF_afkcRZEPSzXZqe_E,"This sushi restaurant in Padova has become a reliable staple for the city. The atmosphere is consistently comfortable with a minimalist Japanese style that feels modern and pleasant. The open kitchen allows you to try to glimpse some interesting secrets of Japanese cuisine. The staff is highly qualified, friendly, and attentive. The menu is varied and frequently updated to satisfy the most discerning palates. The option of sushi with black and pink rice is particularly interesting. At the end of the meal, don't miss a small glass of Nikka Whisky - it will win you over!",4,2025-07-16T05:53:57.053122486Z,a year ago
ChIJR7KOCF_afkcRZEPSzXZqe_E,"Considering that this is a sushi place in Italy, it was still surprisingly good. We ordered a ton of nigiri, rolls, miso soup, gyoza and drinks and it all tasted fresh and was put together really well. My partner's father, who is Japanese, left really happy and full, so that was a great sign. At the end of our meal, one of the staff members treated us to free Japanese liquors, which was super nice and a great way to end our meal.",5,2025-08-17T15:20:36.753570329Z,a year ago
ChIJR7KOCF_afkcRZEPSzXZqe_E,"The service was great but it’s quite expensive and quantities are less. They have very few 3 vegetarian options only. I have eaten there twice and my experience is: they always try to suppress the avocado amount in veg sushi. Last time I ordered cucumber Avocado sushi, in most of them cucumber was missing or barely found!!

Drinks are also very limited, not many options available.
Overall experience with borderline quality!",3,2025-04-04T08:04:14.054515Z,a year ago
ChIJR7KOCF_afkcRZEPSzXZqe_E,"The price was … so so, but tasty and nice",5,2024-03-17T11:18:23.511428Z,2 years ago
ChIJR7KOCF_afkcRZEPSzXZqe_E,"Temaki that I got was awesome. Love it so much. Others are ummm... I can say that they're good, but I wouldn't say this is my favourite because the sushi rice was a bit bitter, not really bitter but the tone really appears on the tongue. They mentioned that this is because of rice vinegar and sake that they put. I honestly never put sake in my sushi rice when I make it at home so I don't have a good judgement here if this tasted normal or not.
When we paid, they gave us a liquor that they make in house. Yum!",4,2025-03-07T15:30:02.073739Z,a year ago
ChIJRWjKsWXafkcR4Up98JcMNAE,"It is small place that only offers take away. It has good quality with respect to what it costs.
And it is delicious.

Review: I think the owner has changed or some other major thing, now it is not any different to any other kebab shop, arguably worse than some. 😩",1,2024-01-09T21:01:44.440246Z,2 years ago
ChIJRWjKsWXafkcR4Up98JcMNAE,"Today I ordered double hamburger from this place and I waited so long to be served. Just few seconds after I ate the first bite I saw an ""insect"" in the bread, I just took it and showed it to one of the workers there and he just took it without apologizing and said he will prepare another one (as if it's so normal and nothing happened). I left the place and no one of them apologized for this... not even a small sorry !  Honestly I give a big flop for the service, so disappointed ...",1,2022-06-11T01:15:14.634059Z,4 years ago
ChIJRWjKsWXafkcR4Up98JcMNAE,They don't have manner how to serve customer food the behavior is also not good never suggest,1,2025-12-07T00:48:55.404082418Z,8 months ago
ChIJRWjKsWXafkcR4Up98JcMNAE,"I ordered some pizza today but that food was cool and not properly cooked as well…
Overall disappointing 😡",1,2024-02-04T21:55:53.068990Z,2 years ago
ChIJRWjKsWXafkcR4Up98JcMNAE,"The food taste good,smell well...best kebab in town....",5,2020-11-12T19:25:13.366070Z,5 years ago
ChIJR_qWrznafkcR9uT7CqMsD_g,"During my three month stay in Padova in 2023, i lived close to this joint. The restaurant serves good local cuisines at affordable prices. The owner was so nice.",5,2026-01-05T12:09:58.942715433Z,7 months ago
ChIJR_qWrznafkcR9uT7CqMsD_g,"Local non expensive food for ""workers"", very good lunch! Quick service.",4,2019-02-06T09:11:28.562216430Z,7 years ago
ChIJR_qWrznafkcR9uT7CqMsD_g,Cheap and quick. Ideal for lunch break during work... if you work nearby,4,2017-12-31T15:48:31.152Z,8 years ago
ChIJR_qWrznafkcR9uT7CqMsD_g,only 3 stars can offer for this restaurant,3,2022-04-03T00:41:23.439003Z,4 years ago
ChIJR_qWrznafkcR9uT7CqMsD_g,Orromp,4,2021-04-16T04:38:33.165373Z,5 years ago
ChIJRbZj_yvbfkcR7Lc_D40hBM4,"Great service and food. Each dish was spicy enough and yet tolerable.
Overall it was a really nice experience, can't wait to visit again and try a different dish.
Definitely recommend.",5,2026-02-08T11:49:26.085657031Z,6 months ago
ChIJRbZj_yvbfkcR7Lc_D40hBM4,My family and I were visiting Padova and decided to have lunch here. It was so delicious! And the staff was so so nice with us. I can't recommend it enough.,5,2024-11-30T17:27:00.869619Z,a year ago
ChIJRbZj_yvbfkcR7Lc_D40hBM4,"1st time -Very nice owner and delivery is free within 2 km in Padova.

2nd time _ Baigan bhartha and aloo paratha. Simply superb",5,2024-05-20T16:51:00.159482Z,2 years ago
ChIJRbZj_yvbfkcR7Lc_D40hBM4,"Great food. Tasty affordable.  I had naan , tandoori chicken and veg kurma with mango lassi",5,2025-07-05T13:42:33.363337659Z,a year ago
ChIJRbZj_yvbfkcR7Lc_D40hBM4,"Ordered takeout from here. The food was delicious, freshly made, and had a generous portion size.",4,2026-06-26T19:11:10.268207123Z,2 months ago
ChIJRwG9TKLZfkcRqCF9Hf_ANrk,"My favourite 3 star of all time 🥹 the whole experience was amazing. It was an honour to be able to experience the youngest 3 star Michelin chef and we were served with warm hospitality.

Food was incredible and unforgettable. My fiance and I celebrated our first engagement dinner here. We also purchased the recipe book and some merchandise glasses",5,2026-01-09T10:49:41.815164614Z,7 months ago
ChIJRwG9TKLZfkcRqCF9Hf_ANrk,"Le Calandre is amazing! We had an exceptional meal prepared by chef Max, and served by GianDomenico, Christian, and Jonathan. They are the best! Chef Max‘s creations are really a balance between food and art, and it was really on another level. The service was exceptional also - Giando and Christian took time to explain each dish in detail, and Jonathan always made sure the food was presented well. My favourite was the cappuccino murrina, which was so beautiful and delicious, and the really special pasta with all parts of the egg; even the egg shell. We also met chef Max, who is super nice and an extremely talented chef! We will really enjoy our gift as well - thank you to the team for an outstanding experience!!!!!",5,2026-03-19T00:16:44.538239192Z,5 months ago
ChIJRwG9TKLZfkcRqCF9Hf_ANrk,"Not the best.

This felt very much like a “style over substance” experience.

For example, they have you put earplugs in during the first few bites of one of their iconic pasta dishes. I thought that was kind of cool, until I realized that the ingredient causing the sensation of “popping” you both “feel” and hear was the thing causing the dish to taste a bit strange. That wasn’t for my palate.

The “fried pizza ball” was very underwhelming and taste-wise (not execution) felt like something I could cook myself.

But I thought I could set that aside for their famous Risotto. It was great, but not exceptional. They also gave you a glass of “scent” to use alongside the tasting of the Risotto which, again, was an interesting idea, but didn’t elevate it much.

Finally we moved onto a few other dishes that while they were good, didn’t meet the expectations of what a 3-star price tag should.

I think there are far better options in Italy than Le Calendre. It’s not bad… but it’s just not great, or even good.",2,2025-10-05T21:19:34.108992996Z,10 months ago
ChIJRwG9TKLZfkcRqCF9Hf_ANrk,"Obviously you can't complain about the food, nor the service, it's a three star Michelin and has been at that level for two decades. However I found that service was very relaxed and warm in the best understanding of those terms. We had the classic menu which apart being excellent, had some jokey items in  it including a surprising little hollow ball made of egg white with a popcorn inside it. There is also a fake mozzarella in the dessert items which is really a wonder on how they manage to produce it.
We talked to the Chef a couple of times, who seemed interested in our reaction to what we had just eaten.

It may be a surprising thing to say, but we had a very good time there.",5,2026-05-29T12:07:51.666903669Z,2 months ago
ChIJRwG9TKLZfkcRqCF9Hf_ANrk,"Italian classics reinvented and reinterpreted by Chef Alajmo, offering a memorable culinary journey elevated by creative dish presentations and attentive service in an elegant atmosphere. Thank you!",5,2026-02-24T15:07:24.101446696Z,6 months ago
ChIJSU4lP_fafkcRjZWfJf7CXj0,Definitely my favourite breakfast spot - cheap and but delicious!,5,2026-04-11T09:15:59.250849919Z,4 months ago
ChIJSU4lP_fafkcRjZWfJf7CXj0,I really love this cafe. The bakeries are so delicious except the pistachio cream which tastes like artificial pistachio and powdered sugar. Also the staff are quite nice.,5,2024-01-27T09:35:23.211460Z,2 years ago
ChIJSU4lP_fafkcRjZWfJf7CXj0,"I really love this place. One of the best pasticcerias in Padova, period. A wide selection of delicious brioches, excellent coffee and incredibly friendly staff!",5,2026-05-04T06:41:42.751061547Z,3 months ago
ChIJSU4lP_fafkcRjZWfJf7CXj0,"Cornetto are amazing with 1.6€/p, a little busy but just a bit of waiting till your turn to order. Nice café and they have out door tables as well.",5,2023-04-26T18:02:47.735098Z,3 years ago
ChIJSU4lP_fafkcRjZWfJf7CXj0,"The brioches here are just perfect. The variety and quality are excellent. I recommend this place from the bottom of my heart. The always positive, smiling staff makes the whole place feel just ideal.",5,2026-01-31T07:46:31.833270086Z,6 months ago
ChIJSarkcFbbfkcR61q7tpu0UYo,"Amazing quality, super delicious food, friendly people! Highest recommendations to try! 💜✨✨",5,2026-05-18T18:09:29.105702091Z,3 months ago
ChIJSarkcFbbfkcR61q7tpu0UYo,Lovely restaurant roughly 10 minutes walk from the train station. The owner was very friendly and helpful in recommending the best pizza. They were delicious and very inexpensive. Would highly recommend!,5,2026-04-21T16:13:13.196286285Z,4 months ago
ChIJSarkcFbbfkcR61q7tpu0UYo,The owner was super friendly. The pizza was super light and delicious 😋.  It's a 10/10...... I recommend,5,2026-06-23T09:51:22.385120616Z,2 months ago
ChIJSarkcFbbfkcR61q7tpu0UYo,Excellent Pizza! Friendly staff! Good prices! Highly recommend! Will definitely visit again!,5,2026-02-22T11:05:40.183917473Z,6 months ago
ChIJSarkcFbbfkcR61q7tpu0UYo,The food was cheep and super delicious. The owner was very hospitable and friendly and even treated us with a free limonchello.,5,2026-02-07T09:36:13.823895882Z,6 months ago
ChIJSd1lrifbfkcR6pD5q4whX-0,Best meal I had so far this year. Davide explained everything in great detail. The meatballs and desserts in particular were fantastic. Wonderful selection of wines. We will be back!,5,2026-04-30T20:29:08.440596078Z,3 months ago
ChIJSd1lrifbfkcR6pD5q4whX-0,"We stopped by for a drink and dinner, but the experience was completely ruined by the arrogant attitude of the staff. We ordered wine, and the pour was absurdly small. When we politely asked the waitress about it, instead of a professional response, we received a patronizing and hostile answer: ""That’s just how much we serve here.""
​The bad vibe and snobbish attitude made us decide to cancel our food order immediately and leave. To top it off, we were still charged for the ""coperto"" (table service) just for sitting down for a few minutes to endure bad service.
​Unwelcoming, pretentious, and definitely not recommended.",1,2026-07-25T22:26:08.830399684Z,a month ago
ChIJSd1lrifbfkcR6pD5q4whX-0,This was a wonderful experience! The food which you share was amazing and all vegan/vegetarian! So tasty with regional and seasonal ingredients! The service was excellent and the atmosphere welcoming.,5,2026-05-15T12:23:57.260635274Z,3 months ago
ChIJSd1lrifbfkcR6pD5q4whX-0,"I wish I loved it because I love Leone Rosso and I love the concept. Though the dishes were pretty good, the atmosphere was lacking with the bright lights and moody waitress. Pains me to say but especially the lack of warmth and helpfulness from the waitress is the reason I probably won’t return.",3,2026-04-04T20:17:59.118369411Z,4 months ago
ChIJSd1lrifbfkcR6pD5q4whX-0,It looks like a trattoria it is a trattoria but the surprise is the food litetally delicious and unexpected! Enjoy your surprise Enjoy good wine,5,2026-04-28T05:28:55.516948964Z,4 months ago
ChIJSw_j1mrbfkcR2HKzIAwxtzQ,"We saw the BOHO restaurant while walking in the old city of Padova, Italy. The beautiful restaurant is nestled by the small river in a magical forest setting that seem not connected to the surrounding world. We were greeted by a wonderful staff and decided to eat outside in the lush garden. Julia and Simone, out waiters were so sweet and knowledgeable. They spoke perfect English too. The menu was very interesting and unique like nothing we had in Italy. From the starters of sweet tartar, yummy salad with fresh pear, gazpacho with baked cheese and puffed pastries with veggies to the main courses of perfectly done steaks, prawns, and tasty special pastas, EVERYTHING was perfect. Julia and Simone engaged in lovely conversation between meals and were very sweet and hospitable. We finished with desserts of pudding cake, fruit creams and, the best mousse I’ve had in a long while. We also had a nice recommended wine with dinner and finished with perfect espressos. The beautiful surrounding and the magnificent food is an experience we will not forget.
On our way out, we were greeted by Daniele, the owner, who invited us for a shot of grappa.
If you find yourself in beautiful Padova, in the old city (and you love exceptionally good food), I wouldn’t miss BOHO RESTAURANT. It’s about 15 minutes of easy walk from the center of town, in almost a secret spot that is more than worth the visit.",5,2026-05-02T19:06:05.561650210Z,3 months ago
ChIJSw_j1mrbfkcR2HKzIAwxtzQ,"We found this restaurant by accident but what a find!
We originally were headed to a casual cicchetti place but saw this lovely restaurant surrounded by a garden.
We went in and fell in love with the outdoor area and the wonderful staff.
The food and service are great!
We noticed they have several South African wines plus Malva Pudding for dessert. So we asked the staff if anyone involved with the restaurant was South African. As it turns out one of the owners is from Johannesburg.
We had the pasta with clams and the pear salad with Gorgonzola, both delicious! For dessert we had the Malva Pudding, also wonderful!
We can’t say enough positives for the food and service!
Thank you to Christian and the entire staff for a beautiful lunch!
Very highly recommended!!!",5,2026-04-26T13:06:14.046262195Z,4 months ago
ChIJSw_j1mrbfkcR2HKzIAwxtzQ,"Very peaceful atmosphere with kind staff and amazing food. Tried the cooked meat tasting, everything was really tasty and pleasantly served. If you’re looking for a unique food experience then that’s the place!",5,2026-04-29T19:51:09.242293858Z,3 months ago
ChIJSw_j1mrbfkcR2HKzIAwxtzQ,Wonderful to have the diner in the garden. Such a pretty ambiance. And the food was so good.,5,2026-06-13T19:45:47.685885756Z,2 months ago
ChIJSw_j1mrbfkcR2HKzIAwxtzQ,"Excellent meal. The Sirloin Heifer was cooked to perfection. The sautéed artichokes were the perfect touch!

Tempura Prawns were perfect, nice & crunchy with that accompanying sauce.

This was the most beautiful & unique dining experience. The outside dining area is literally a garden surrounded by 2 small rivers that meet each other at the end of the property.

The staff was excellent & spoke perfect English. The young lady who waited on us was amazing!",5,2025-06-06T18:31:50.438013335Z,a year ago
ChIJSzIFeerafkcROxLbcD3dWZo,"Never go there!

The old lady that owns this place is such a ra3ist person that ask the staff to put the people of colour to seat at the last row of the restaurant so the vitrine is kept beautiful.

Rude as she gets she always shouts at the staff and is not welcoming any costumer even with a simple smile.

I know some friends that were working there she gives the staff 5€/hour!!!

The kitchen is super dirty and all the place smells like urine, the food quality is not very bad by looking at it but believe me you will definitely get cholera if not salmonella.

Never go to such places!!!!",1,2025-11-04T17:25:06.484386308Z,9 months ago
ChIJSzIFeerafkcROxLbcD3dWZo,"Was good not to much Chinese food a lot of seafood,much better then Chinese Buffet in san Francisco bay area also a good brand of gelato sammontana also the price € 19.00",4,2019-06-26T20:36:35.334265Z,7 years ago
ChIJSzIFeerafkcROxLbcD3dWZo,Very good place to have sushi and especially the Chinese food is just yum! If you are a foodie (Chinese and sushi fan) then you should be there. It's a buffet and the dessert are to doe for 🤤,5,2018-11-14T22:33:57.217248Z,7 years ago
ChIJSzIFeerafkcROxLbcD3dWZo,"We eat Sunday was very busy , they didn't manage to replace empty trays,  employers whey didn't know when they can bring more food .
We wait more then 30 min to take some food.
Not a good experience.",3,2025-10-13T18:02:23.930910525Z,10 months ago
ChIJSzIFeerafkcROxLbcD3dWZo,"Clean, fresh food, large choices of meat and vegan dishes, plenty of everything; staff and owners very helpful and polite. Only problem: they need somebody to check-up on certain customers who overload their portions singularly, without consideration of who is next. Kitchen is open and visible. Clean and comfy",5,2020-08-18T16:13:30.324468Z,6 years ago
ChIJT3buiYbbfkcR22Ne2qA1jpY,Fabulous food and fabulous service. Wine also excellent.  Will be back,5,2025-05-14T15:56:22.984203Z,a year ago
ChIJT3buiYbbfkcR22Ne2qA1jpY,"If you're looking for an experience that goes beyond a simple lunch or dinner, this restaurant is a must-visit. The atmosphere is extremely intimate. Limited seating ensures a rare sense of tranquility.
The father-and-son management team is the true beating heart of the restaurant, a perfect blend of traditional expertise and a modern vision. You immediately sense a meticulous focus on the finest ingredients, selected with a care that only those who truly love their craft can possess.
Highly recommended!!!",5,2026-04-17T23:02:19.757240212Z,4 months ago
ChIJT3buiYbbfkcR22Ne2qA1jpY,"I haven't eaten such carefully selected and carefully prepared dishes in a long time. Renato and his team were impeccable. They give the right value to the products they prepare, and it shows. You can taste it in the passion they put into it, which is completely reflected in what you eat.
Congratulations, and again, congratulations!",5,2026-03-13T22:26:35.838410491Z,5 months ago
ChIJT3buiYbbfkcR22Ne2qA1jpY,"Today I stopped for a square spaghetti with clams. I strongly advise you not to come to this place, because I'm sure I'll find a place there. But above all, I recommend coming to Nautilus only if you love poetry. That way you'll be able to fully savor the free tercets, the rhymes between the lines of the shells, and the delicious clams. Close your eyes for the splashes of salt and don't be frightened by the swirling waves. It's all pure pleasure. Enjoy your meal.",5,2026-05-29T11:51:10.666537006Z,2 months ago
ChIJT3buiYbbfkcR22Ne2qA1jpY,"Excellent and delicious food in a refined, intimate, and very welcoming atmosphere. The two chefs are super kind and friendly. A must-try! Hoping to return to Padua soon, it will definitely be one of our stops.",5,2026-02-08T17:35:05.957710113Z,6 months ago
ChIJT3yUAKnbfkcRBH3rrGZ7zN0,"The best pizza options are amazing, a lot of toppings choices, but I always choose margherita it's quite greasy but its the best taste I've tasted and also cheap 😋  there's an English speaker there as well",5,2023-05-14T13:36:01.224737Z,3 years ago
ChIJT3yUAKnbfkcRBH3rrGZ7zN0,Very good pizza making with their loves,5,2023-09-30T15:39:53.518206Z,2 years ago
ChIJT3yUAKnbfkcRBH3rrGZ7zN0,Good,5,2025-05-27T08:55:23.718726Z,a year ago
ChIJT3yUAKnbfkcRBH3rrGZ7zN0,Nice,3,2021-10-17T08:19:08.376179Z,4 years ago
ChIJT3yUAKnbfkcRBH3rrGZ7zN0,"Really good pizza, even the topping combinations on the specialty pizzas are excellent.
Excellent service, and very fast if you pick it up directly.
We only get pizza here now...",5,2026-07-01T17:33:24.801935897Z,a month ago
ChIJT53wyE_afkcR1F5St9yzY5c,"The restaurant is located in the very center of the city, but on a side street, so no big crowds. The menu is short and focused on local specialties. The food definitely met my expectations—simple, fresh, and filling. The portions were generous, enough to fill you up with just one dish and a side dish. €3 for a coperto is a bit steep, but the Veneto region is at least fairly consistent here, as lower prices are rare. A big plus for the very competent and friendly service, who spoke fluent English. Nothing to complain, everything to eat.",5,2026-05-02T20:33:29.519258412Z,3 months ago
ChIJT53wyE_afkcR1F5St9yzY5c,"A great and authentic experience! The food was excellent, accomodating to dietary restrictions (vegeterian), the lady waiting was sweet and lovely, helpful in suggestions. The ambient and vibe are great. Would recommend!",5,2026-05-27T19:47:03.541891736Z,3 months ago
ChIJT53wyE_afkcR1F5St9yzY5c,"A really nice osteria, small and welcoming.
Food was absolutely amazing.
We will definitely visit again!",5,2026-06-27T18:51:24.807918966Z,a month ago
ChIJT53wyE_afkcR1F5St9yzY5c,"Lovely wine bar with excellent kitchen and friendly staff. Enjoyed the beef tartare and fettuccine ragu, both excellent. Nice wine selection to match the food.",5,2026-04-20T18:23:43.511970930Z,4 months ago
ChIJT53wyE_afkcR1F5St9yzY5c,"If I could give this 10 stars I would!  A small wine bar with an open kitchen.  A small but excellently prepared menu.  The cacio pepe with crispy guanciale was out of this world, the pork ribs were beyond delicious, abd the carrot hummus was amazing.  We had a perfect wine to accompany our meal, all served by friendly and helpful staff. We highly recommend!",5,2025-10-02T14:18:20.942715813Z,10 months ago
ChIJT66HDADbfkcRxjRVE9tO7Ps,"It's been like ages since i ate pizza... like old days. It's priceless,  thank you....",5,2026-05-13T14:56:16.968131960Z,3 months ago
ChIJT66HDADbfkcRxjRVE9tO7Ps,"Found Mama Eat on a late night walk, so we had lunch here the next day. The staff worked as a team, especially the host who actually took the time to recommend several local restaurants in Trastevere for the last week of our Italy adventure.  The pasta carbonara and also the rigatoni Amatricana were both incredible. We will definitely go back and try more. Also had a great bottle of wine which was recommended by the host as well. For a chain restaurant,  we were impressed!",5,2026-08-08T11:19:09.798276645Z,2 weeks ago
ChIJT66HDADbfkcRxjRVE9tO7Ps,"I loved the place! I love the idea of a gluten-free restaurant which has two kitchens and can make foods with gluten also.
I liked the vibe, the whole place looked brand new.
The gluten-free pizza was fresh and delicious.
The staff was nice.",5,2026-07-06T07:33:14.348959041Z,a month ago
ChIJT66HDADbfkcRxjRVE9tO7Ps,Very good food! Felt very safe as celiac as everything is a separate kitchen . Highly recommend the rice ball appetizer thing was soooo good! Nice area in the midst of the shopping area but not crowded too.,5,2026-05-27T19:00:15.647195926Z,3 months ago
ChIJT66HDADbfkcRxjRVE9tO7Ps,Good food and service! Lots of gluten free options (entire menu can be made gluten free),5,2026-05-12T19:58:42.682654912Z,3 months ago
ChIJT7DIlPzafkcRCo1NxFrUkqw,"Hidden gem restaurant, with a beautiful, classy interior, kind and assisting staff, and some of the best food I have ever had. The uramaki Magnolie is a must-have for sushi lovers. Especially notable is the cleanliness of the restaurant and restrooms, the speed and attention of service, and the easy-to-navigate menu. If you are visiting or living in Padova, you must try Magnolie Mulan.",5,2025-02-05T13:24:10.782362Z,a year ago
ChIJT7DIlPzafkcRCo1NxFrUkqw,Very nice relaxing atmosphere for Sunday lunch. All you can eat served at the table is good value and the food is mostly very good.,5,2025-05-04T16:33:18.942074Z,a year ago
ChIJT7DIlPzafkcRCo1NxFrUkqw,"The food was very good and tasty. The staff were extremely friendly and welcoming. The decoration and overall ambiance were great and created a really positive, cheerful atmosphere. I really enjoyed my visit and would definitely come back!",5,2025-12-26T14:46:14.301399150Z,8 months ago
ChIJT7DIlPzafkcRCo1NxFrUkqw,"The food is fresh, delicious and pretty. Perfect if you wanna take cute pictures, too! Personnel is friendly and the interior is nicely decorated. I would definitely recommend to eat here!",5,2025-12-26T15:02:06.207572660Z,8 months ago
ChIJT7DIlPzafkcRCo1NxFrUkqw,"Good value for the price, loved the service.
Waiters are super friendly spcially Matteo",5,2026-04-09T20:36:59.490324812Z,4 months ago
ChIJT7iD_0_afkcR_q-VVg3OgaM,"This tapas bar is small with 2 tables of 6 and two for 2-3 people.
The tapas are displayed in glass cases, and  they also make 150 gr small pizzas.
They have an English menu and communicate well in English.
The regular tapas are €1.5 each and the small pizza starts at €5.
They have beer on tap and a full bar service.
One clean washroom which is even equipped for handicapped people.
4 tapas, a draft beer and a small pizza cost €17.  A nice place with tasty tapas.",5,2026-04-14T07:27:27.106647739Z,4 months ago
ChIJT7iD_0_afkcR_q-VVg3OgaM,Perfect local aperitivo experience. Delicious spritz and sandwiches at great price. Very kind staff and cosy vibes. Locals go there so that’s a good sign as well,5,2026-04-02T19:06:40.813680417Z,4 months ago
ChIJT7iD_0_afkcR_q-VVg3OgaM,"Hands down the best cicchetti and wine bar in town! The food was fresh and delicious, the atmosphere was lively, and the whole place had a great vibe. It seemed to be a popular spot with young locals, which added to the fun. Highly recommend if you're looking for a casual yet quality experience!",5,2025-08-30T11:38:11.686772380Z,12 months ago
ChIJT7iD_0_afkcR_q-VVg3OgaM,"My friends and I were looking for a place to stop in town near the city center. This spot had had reviews and was a short walk from a local parking lot. We had the meatball board and Processco. It was a great time. Good wine, food amd vibes!",5,2025-10-22T02:13:20.368428194Z,10 months ago
ChIJT7iD_0_afkcR_q-VVg3OgaM,"I really like this place. If you want to get a quick bite, cheap and nice, this is a nice place! Plus service is very nice.",5,2026-04-21T18:22:46.062912377Z,4 months ago
ChIJU3ouEJPbfkcRbEY5kq8I6yQ,Giulia is an excellent waitress. Made my birthday dinner extra special because of her warmth. Thank you Giulia!,5,2026-03-25T19:55:25.594474848Z,5 months ago
ChIJU3ouEJPbfkcRbEY5kq8I6yQ,Top notch various steak from grill.,5,2026-07-03T11:29:11.350856265Z,a month ago
ChIJU3ouEJPbfkcRbEY5kq8I6yQ,TOP,5,2026-04-01T08:55:33.017716456Z,4 months ago
ChIJU3ouEJPbfkcRbEY5kq8I6yQ,Top!,5,2026-08-01T19:35:27.923666849Z,3 weeks ago
ChIJU3ouEJPbfkcRbEY5kq8I6yQ,"A modern and elegant grill restaurant with an open kitchen and a welcoming atmosphere. A family-friendly atmosphere and courteous service.
Suitable for both dinners with friends and more informal occasions.
Strengths:
Good-quality grilled meats, with generous portions and well-cooked cuts.
Tartare prepared at the table and carefully selected appetizers are among the best dishes.
The menu offers meat dishes, mixed grills, and even more elaborate dishes (e.g., bigoli, appetizers, tartare). The staff is friendly, knowledgeable, and helpful.
Service is quick, but on some busy evenings, the experience can be a bit chaotic.
Prices are in line with the quality of the ingredients, especially the meat.",5,2026-06-16T12:09:28.864028220Z,2 months ago
ChIJU6EOI6PbfkcRwIMN0vUMDSA,One of the best burgers I've ever had! Fries were delicious! Beer selection was great! Luca was an excellent waiter!,5,2019-08-19T12:00:25.810377Z,7 years ago
ChIJU6EOI6PbfkcRwIMN0vUMDSA,"Lovely, completely lovely. 100% recommend, must visit 😃😃😃❤️❤️. Kind service, delicious food, amazing drinks.  Service in Italian and English. Fair price ☺️",5,2022-05-30T12:30:23.730589Z,4 years ago
ChIJU6EOI6PbfkcRwIMN0vUMDSA,Excellent pub with amazing beer options and friendly staff that actually know what they're talking about. Good food too with decent (Italian-sized) portions. I live a few towns away and come here about once a week,5,2021-12-30T16:36:47.294170Z,4 years ago
ChIJU6EOI6PbfkcRwIMN0vUMDSA,"Big group for supper. Took a long time for burgers to arrive.
Service haphazard.
Burger ok...had a bit of bone.",3,2023-01-01T11:16:15.624862Z,3 years ago
ChIJU6EOI6PbfkcRwIMN0vUMDSA,Lovely beer place which has even a bitter beer,5,2025-05-12T20:40:12.562637Z,a year ago
ChIJUYbFO47bfkcRFfaTjZXyMyA,"Stumbled upon by chance, late evening, long trip, tired. The service was excellent, helpful, fast and friendly (Karen), food very good, at reasonable prices.",5,2026-04-07T10:22:51.862648151Z,4 months ago
ChIJUYbFO47bfkcRFfaTjZXyMyA,"The staff were incredibly sweet and welcoming. The food was delicious, and we truly enjoyed our meal. Thank you so much for everything. We will definitely come back the next time we're here. Highly recommended!",5,2026-07-01T19:09:00.598253690Z,a month ago
ChIJUYbFO47bfkcRFfaTjZXyMyA,"Conveniently located right next to my hotel. Their kitchen is open late and reservations don't seem to be absolutely necessary, at least not during the week. Both times I went for dinner it was very quiet. The staff were very pleasant, especially the waitress who kindly spoke Italian with me :) I appreciated that she would ask if you wanted to order coffee or dessert or just take a few minutes to consider. Despite the late hours I never felt rushed.",5,2026-06-16T20:58:20.927121057Z,2 months ago
ChIJUYbFO47bfkcRFfaTjZXyMyA,"I was between appointments and needed to find a place for a quick lunch with my wife and toddler. I am so glad I found L'ingotto. The staff was wonderful and quickly found us a table and setup a highchair. The food was all excellent, reasonably priced, and delicious. Everyone was extremely friendly and helped my family find a moment of relaxation in an otherwise hectic day. I plan to return as soon as possible.",5,2024-05-19T08:36:31.763255Z,2 years ago
ChIJUYbFO47bfkcRFfaTjZXyMyA,Very nice place. Some dishes are splendid. Prices are lower than average.,5,2024-06-17T17:04:49.826448Z,2 years ago
ChIJUem637_bfkcRyTDo1zULrIw,"Extremely friendly guys. Food is great ( and I’m picky. I d just love to have a bit more cheeses on my cold cuts platter). Homemade zaetti are sublime.
Jazz band, Cremant. All in all wonderful evening",5,2026-02-25T18:23:24.035331622Z,6 months ago
ChIJUem637_bfkcRyTDo1zULrIw,"The meat was tender, juicy, and delicious both my friend and I loved it. The potatoes were good, and the pasta was refreshing and light, not heavy at all. The restaurant is elegant, calm, and comfortable. The restroom is clean, has a bidet, and even provides personal essentials for women. We truly appreciate this place and highly recommend it don’t hesitate for a second if you’re reading this",5,2025-10-05T19:07:07.869224486Z,10 months ago
ChIJUem637_bfkcRyTDo1zULrIw,"This was the best dinner of our entire trip—we loved everything! The hospitality of the owner and the waiter was exceptional. The food was amazing, especially the octopus carpaccio and the proccheri with gorgonzola and pear. The restaurant features a fantastic pianist with incredible charm, making the evening even more special. Thank you so much for a wonderful night! It's a shame we have to leave. If we were staying longer, we would definitely come back.",5,2025-02-24T04:51:38.424706Z,a year ago
ChIJUem637_bfkcRyTDo1zULrIw,"One of the best Restaurants in Padova. The place is beautiful, the service is great and very friendly and the food is outstanding. This place is definitely a recommendation. We had starters and the Tagliata di Angus and the slow cooked pork. Fantastic!",5,2025-08-15T19:33:26.238631364Z,a year ago
ChIJUem637_bfkcRyTDo1zULrIw,"Recently, we had the pleasure of dining at Ristorante Caffè Letterario Treccani in Padova. While the ambiance was lively, it did lean a bit too noisy at times due to the jazz band. However, the food more than made up for the acoustics.

The Bigoli in salsa Veneto was a delightful start—rich and flavorful. The beef fillet wellington that followed was extra yummy, cooked to perfection and bursting with taste. To top it all off, the pistachio tiramisù was quite an interesting twist on a classic dessert, leaving a memorable impression.

Despite the noise, the culinary experience at Ristorante Caffè Letterario Treccani was well worth it, and the delicious food left us more than satisfied.",4,2024-10-26T17:20:01.554661Z,a year ago
ChIJUxwaIPjbfkcR4xlDmkxgmUI,"Foods are great but too oily.
Customer service bad not even say “Grazie” but they always say “non si appoggiare”.
At least give us some chairs to sit or something to lean while waiting order. Some orders can take up to 15 mins like ravioli.
I love the food but i don’t think i would go back anyway.",2,2026-06-29T18:23:15.875700546Z,a month ago
ChIJUxwaIPjbfkcR4xlDmkxgmUI,"I had the udon noodles with chicken and soy sauce. Honestly the flavor was nothing exciting, but it was still good. The portion size was good for the price, the vegetables seemed fresh, and it was ready very quickly (other reviews seem to suggest that it gets very crowded but I guess I was lucky - at 19:30 on a Tuesday I was the only person there). I love the customizable structure of the menu, and I think that having more sauce options would really elevate it. But overall, considering the price and location, I think it’s a good, convenient takeaway option.",4,2024-04-06T00:10:08.818369Z,2 years ago
ChIJUxwaIPjbfkcR4xlDmkxgmUI,"I'm always interested to try any chinese takeout restaurant in Padova. I found Wok Time and saw they had high rating and a lot of good reviews so I was interested to try and had a high expectation. The first time I tried Wok Time, I came there when it was just opened so there was no customer and I got my food in 5 minutes but the second time, I came there around 2pm and there was a pretty long queue so I had to wait around 15 minutes or more to get my food (I heard that there is always a queue so I suggest to come early).

I've tried their riso con verdure miste and riso con gamberetti🍚🥗🍤 both of them were good but not special (I've tried better chinese takeout food). All of their dishes are inexpensive but the portion size was pretty small for me. I only found a few pieces of gamberetti but it makes sense since it's not expensive. They came in a carton box which is great🥡 overall, I still recommend Wok Time. Worth to try when you're not in a hurry and also could be a great choice for students especially.",4,2023-01-28T19:41:40.621169Z,3 years ago
ChIJUxwaIPjbfkcR4xlDmkxgmUI,"The spicy udon is really good, the price is reasonable.",5,2023-10-07T19:59:08.372299Z,2 years ago
ChIJUxwaIPjbfkcR4xlDmkxgmUI,No dine in option. I got egg noodles with picanto sauce. Taste was good for me. But in my opinion oil was too much. For lunch Price was reasonable,5,2025-06-15T11:42:17.990868Z,a year ago
ChIJV-p2SI7bfkcRL0644whIW2w,"We found this place by chance and didn't regret: a spacious hall, cycling-inspired decor, and good food.
We didn't understand why the waiter told us the prosecco we ordered would be for free because it was the bartender's birthday and he treated guests with free drinks. As it turned out, the drinks were included in the bill.
We didn't need freebie, so this odd detail lowered overall rating.",4,2026-07-29T11:13:32.445909211Z,4 weeks ago
ChIJV-p2SI7bfkcRL0644whIW2w,Pork cheek was scrumptious and son really loved his pici ragu. Interior decor is cool too if you enjoy cycling.,5,2026-04-27T19:42:10.612786853Z,4 months ago
ChIJV-p2SI7bfkcRL0644whIW2w,The first place in Italy where instead of chips or nachos we got perfectly cooked hard boiled eggs ! For me it was a dream !,5,2026-04-10T19:27:21.819333653Z,4 months ago
ChIJV-p2SI7bfkcRL0644whIW2w,"My dear friends, let me introduce you to the best crostini I’ve ever had in Italy. In Padua, I experienced a true gastronomic orgasm  crispy bread, fresh ingredients, and a flavor that will stay with me forever.",5,2025-09-14T15:26:37.425645319Z,11 months ago
ChIJV-p2SI7bfkcRL0644whIW2w,"Such a beautiful place in the heart of Padova. They offer many diverse dishes and most of them traditional dishes from Tuscany.

They organize concerts and vibe is vibrant. Also.. if you are passionated about cycling and bikes, this is your place.",4,2025-03-19T20:16:50.366653Z,a year ago
ChIJV2M7GFPafkcRM93CmDUQpq4,"This was my family’s favorite restaurant during our experience in Padua. Drinks, food, service and atmosphere were exceptional for our party of 11 w/ children. Every dish was wonderful. I highly recommended the Balsamic Glazed Ribs and the Truffle Tortellini (very rich). My 4 year old loved the Tortellini Ragu and my 7 year old loved the dried tortellini app as her meal. The location was excellent for and after dinner warm in the park.",5,2026-06-24T09:02:30.809168872Z,2 months ago
ChIJV2M7GFPafkcRM93CmDUQpq4,"Quick and proffesional service, delicious food and good prices. If you are around, you wont make a mistake by stopping by for a dinner. We had 3 items from the menu and all were delicious. And the amous bouche was also really good.",5,2026-03-30T12:43:16.145082821Z,4 months ago
ChIJV2M7GFPafkcRM93CmDUQpq4,"Wow!!! The best food in Padoa with the nicest personnel. I went there twice and ate two dishes and dessert both times. Just absolutely breathtaking each time, with great wine recommendations and great discussions with the head chef. Very kind person with a magnificent eye for both food and service. Amazing experience and highly recommended! Try the lasagna :)",5,2025-05-21T21:16:29.488253Z,a year ago
ChIJV2M7GFPafkcRM93CmDUQpq4,"Amazing food - completely something else than regular pizza & pasta - ravioli, pastatelli with trufles and especially ribs… amazing. Big wow!",5,2025-08-21T12:58:08.771973822Z,a year ago
ChIJV2M7GFPafkcRM93CmDUQpq4,"This delicious restaurant in Padova is a must-visit for anyone craving authentic cuisine from Emilia Romagna. The dishes are a true taste of the region, from the incredible tagliere filled with a fantastic selection of fresh-cut meats and cheeses to the truly amazing tortellini, which were perfectly cooked and filled with flavor. The star of the show was the ragù, a rich and wonderful sauce that tasted like it had been simmering for hours. Every dish was a delicious and unforgettable experience.",5,2025-08-12T19:44:29.945085282Z,a year ago
ChIJV5P5i-7bfkcRtzsOGW_NXfc,"Vinet is a cozy and calm restaurant in central Padua. I went here with my partner and we had a two course meal. The staff was super friendly and service-minded and this is were we had the best food during our stay in Padua. Also, vinet (the wine in Swedish) was also good here. We will return.",5,2026-07-16T17:12:13.049484530Z,a month ago
ChIJV5P5i-7bfkcRtzsOGW_NXfc,"20251114 - located in padova downtown area that offers italian cuisine. Place is quite crowded. Ordered a variety of food which includes pasta, horse tartare, risotto with chicken liver, wine, tiramisu, wild boar. Food is outstanding and every dish is flavourful. Had an enjoyable dinner.",5,2025-11-15T10:47:32.137182316Z,9 months ago
ChIJV5P5i-7bfkcRtzsOGW_NXfc,"Just spent the last two evenings at this lovely place. Why twice? Three simple reasons that you'd think every restaurant owner would understand, but so often don't appear to. A short and impeccable menu. Far better to have a short menu of well made choices. A strong understanding of wines (which I'm guessing was the origin of the place?). And the last totally essential ingredient. A warm, welcoming, friendly and human team. This place has it all in a contemporary and easy going environment. I already look forward to returning.",5,2026-06-29T21:05:33.344619353Z,a month ago
ChIJV5P5i-7bfkcRtzsOGW_NXfc,I found this restaurant on google and food looks nice so I gave it a try. The food was really good. We enjoyed every bite! The desserts were delicious as well! Highly recommend! The service was great and helpful too.,5,2025-08-25T16:52:06.892479523Z,a year ago
ChIJV5P5i-7bfkcRtzsOGW_NXfc,"A fantastic meal and experience. There are so many options to eat in the city, but we are so happy we chose Vinet. Scallop gnocchi were amazing!",5,2025-09-18T08:21:21.692328252Z,11 months ago
ChIJVRdlLHfbfkcR0Itrg7bUo4k,"KIND STAFF, GOOD FOOD, FAIR PRICES",3,2021-11-01T15:00:24.456156Z,4 years ago
ChIJVRdlLHfbfkcR0Itrg7bUo4k,Hidden away but worth the journey. Nice ambient and food.,4,2022-12-10T16:25:27.161542Z,3 years ago
ChIJVRdlLHfbfkcR0Itrg7bUo4k,Traditional cousin Veneto,5,2025-02-12T23:40:21.546666Z,a year ago
ChIJVRdlLHfbfkcR0Itrg7bUo4k,"Good food, good location!",5,2019-02-02T14:18:05.985035926Z,7 years ago
ChIJVU2Yg-7afkcRSBZv9UwzYQ4,Busy with a short wait for a table - had tried to reserve via Google but no reply. The rib eye was tasty and tender and the meat plate was good with a variety of textures. All meat was cooked as requested. Potatoes were average. For desert we had the rum chocolate which was very rummy and thick - so more a dessert than a drink. The Sundae with salted caramel was yummy. Staff all tried to help and were friendly.,4,2025-06-22T20:30:08.612862237Z,a year ago
ChIJVU2Yg-7afkcRSBZv9UwzYQ4,"The place looks very cool and they name each part of the restaurant like an old American town, it is a fun place and the food is good but it is not super Special.",4,2024-08-03T17:57:20.497122Z,2 years ago
ChIJVU2Yg-7afkcRSBZv9UwzYQ4,"The best: the variety of food. There are a lot of burgers, tacos, and just 3 options for salads. I took a salad, it was good but not that big. The environment is Western style, so it is kind of nice all in wood.",4,2023-09-01T18:32:04.612577Z,2 years ago
ChIJVU2Yg-7afkcRSBZv9UwzYQ4,"Nice place with Texas/ American dishes, food is good, especially wraps (Santa Cruz wrap for 6€ is big enough, with chicken and taste good). My personal recommendation is mozzarella sticks - must try!
Staff is very friendly and speaks english.

❗️if you download the app Wild West (scan QR code on menu) you can get a discount for your order (10% for the first one and 5€ for next ones)",5,2023-02-11T11:48:16.410131Z,3 years ago
ChIJVU2Yg-7afkcRSBZv9UwzYQ4,"Very nice and friendly place.
Among the best burgers I have tried in Padova.",5,2023-06-08T13:11:27.638577Z,3 years ago
ChIJV_FiEVPafkcRNKVcLGSgUr4,"This is your best option if you are in the area and want to grab a drink (hot/cold/alcoholic/non-alcoholic) or want a a quick bite.

The bar is a big open space with plenty of indoor/outdoor sitting. Try to sit outside so you can have a nice view of Prato della Valle.

Service is quick, attentive and friendly.

Prices are good.",5,2026-05-03T08:08:19.400803632Z,3 months ago
ChIJV_FiEVPafkcRNKVcLGSgUr4,"Yo, if you’re Interrailing through Italy, you cannot skip this spot in Padua. It’s got that massive, old-school European grandeur but with a totally welcoming, international pulse. Sitting here with a coffee feels like you’re part of some secret history club. The vibe is sophisticated yet surprisingly chill for a backpacker budget if you just grab a quick espresso at the bar. It’s the perfect place to recharge your phone and your soul before catching the next train to Venice. Met travelers from three different continents just while waiting for my brew. Pure aesthetic goals, high energy, and zero pretension. An absolute legendary Paduan staple for the modern nomad. Five stars for the mood alone!",5,2026-02-16T18:19:23.812612709Z,6 months ago
ChIJV_FiEVPafkcRNKVcLGSgUr4,"I had a very tasty sandwich and the best coffee in Italy. The service was excellent, we communicated very easily in English. The coffee was so good that I took a couple of packets for my Nespresso machine. The waiter also explained a little about the coffees to me, which I liked even more. 10/10 experience, every recommendation",5,2026-04-10T20:35:54.931082309Z,4 months ago
ChIJV_FiEVPafkcRNKVcLGSgUr4,"I came to this café and ordered an Americano. The water they served on the side wasn’t enough, so I politely asked for a bit more because the coffee was too strong for me. The waiter told me they couldn’t give me more water unless I paid again.
Since I couldn’t drink the coffee, I left it on the table, and they took it back without saying anything.",1,2026-04-07T14:08:17.712613197Z,4 months ago
ChIJV_FiEVPafkcRNKVcLGSgUr4,"This place is incredible!

There is a huge amount of pastries which are all incredibly tasty!

The coffee is spectacular. They offer a huge range of drinks.

You must try the single origin coffee range. Made through the V60",5,2025-04-26T19:34:22.398855Z,a year ago
ChIJVbdvzYvdfkcR7ANo1tNOM4k,"I visited this recently opened all-you-can-eat restaurant. The atmosphere is pleasant and the staff was friendly. Parking was also convenient.

As for the food, I can't fault the quality, but personally, I wasn't particularly impressed. The dishes are the classics found everywhere in this type of restaurant, with no truly unique offerings or anything that sets it apart from the others.

Overall, it was an average experience. I'm giving it 3 stars because, while everything was fine, it didn't leave me with anything memorable.",3,2026-04-10T16:46:39.419342456Z,4 months ago
ChIJVbdvzYvdfkcR7ANo1tNOM4k,"Ein echtes Highlight für Sushi-Liebhaber! Das All-you-can-eat-Konzept überzeugt auf ganzer Linie. Alle Gerichte werden frisch zubereitet, sind wunderschön angerichtet und geschmacklich hervorragend. Besonders das Sushi war von bester Qualität – frischer Fisch, perfekter Reis und eine große Auswahl an kreativen sowie klassischen Variationen.

Auch die warmen Speisen waren hervorragend und wurden schnell serviert. Der Service war aufmerksam, freundlich und trotz gut besuchtem Restaurant stets professionell. Das moderne und stilvolle Ambiente macht den Besuch zusätzlich zu einem besonderen Erlebnis.

Für mich eines der besten Sushi-Restaurants der Region. Wer hochwertiges All-you-can-eat-Sushi sucht, ist hier genau richtig. Ich komme auf jeden Fall wieder!",5,2026-07-23T04:39:37.818339392Z,a month ago
ChIJVbdvzYvdfkcR7ANo1tNOM4k,"We had lunch on a Saturday. The interior was very well-kept and clean. It wasn't too crowded, so it wasn't noisy.
You can choose between an all-you-can-eat or à la carte menu. The menu offers a wide selection and moderate prices.
Fast service.",5,2026-04-04T17:31:37.186092629Z,4 months ago
ChIJVbdvzYvdfkcR7ANo1tNOM4k,"I went there for lunch for the first time. They have a nice parking lot with plenty of space. The place is welcoming, clean, and modern, with pleasant background music.
The staff is young, friendly, and helpful, and offers excellent service. Ordering is done via an iPad, which is very easy to use.
The food is really good, and the portions are just right.
It's an all-you-can-eat option.
I'll definitely be back!",5,2026-03-03T20:56:20.888611119Z,5 months ago
ChIJVbdvzYvdfkcR7ANo1tNOM4k,"A nice, very clean place with a nice atmosphere, fast and friendly staff, excellent food, above average, fantastic raw fish, fair price, we will definitely be back.",5,2026-07-04T20:45:18.230945971Z,a month ago
ChIJVczgFJXbe0cRAmuTRlM0abs,"Visited THOPE recently and had a great experience. The mix of Indian and Italian dishes is really interesting and everything we tried was tasty. The staff were friendly and service was quick. The ambience is nice and casual, perfect for hanging out with friends. Overall, a great place for affordable and diverse food. Would definitely visit again!",5,2026-03-30T21:19:44.933993559Z,4 months ago
ChIJVczgFJXbe0cRAmuTRlM0abs,"The chilli chicken is the must try dish, it is amazing and the thali is so so good the quantity is so good and a perfect home made meal.",5,2026-04-04T12:43:49.695133458Z,4 months ago
ChIJVczgFJXbe0cRAmuTRlM0abs,The staff is super accommodating and the thope special pizza taste so good. 💯 recommended ⭐️⭐️⭐️⭐️⭐️,5,2026-04-02T18:52:34.845704398Z,4 months ago
ChIJVczgFJXbe0cRAmuTRlM0abs,"I was looking for healthy, delicious, vegan food and I found it here! Prakash and Harsha really looked after us and made sure we had everything we needed! The food and the service were just incredible!",5,2026-02-08T12:37:11.435980659Z,6 months ago
ChIJVczgFJXbe0cRAmuTRlM0abs,This is a new restaurant in town with best quality food and very neat atmosphere..the staff and the owner is very friendly . They have many vegetarian and vegan options...we also tried their pizza it's amazingly delicious,5,2026-06-09T18:54:22.759660074Z,2 months ago
ChIJVd1uIH7EfkcR41FC6Hz1hqU,"Rooms are fantastic, very nice, modern, classy and super clean. Food is also very good. Fresh sea food cooked the Venetian (Veneto) way. Waiters are gentle. The problem is the owner, he has always a bad mood face and he's always ready to reprimend you or to complain about.
Location...well, depends on what you are looking for. You definitely need a car to move around.",4,2025-09-29T05:44:35.769564055Z,11 months ago
ChIJVd1uIH7EfkcR41FC6Hz1hqU,"Great stay! The hotel is in a perfect location, modern and very clean. Comfortable bed, excellent shower, delicious breakfast, and secure parking inside the area.",5,2025-09-13T09:03:35.108773220Z,11 months ago
ChIJVd1uIH7EfkcR41FC6Hz1hqU,I didn't particularly like this restaurant but it was suggested by friends who think it's great. Obviously everybody has their opinion. We had an entree of fish and a main course. I was disappointed because I was expecting wonderful culinary delights.... didn't get them! On the other hand should you speak to my friends they would be full of praise.,3,2023-06-18T12:50:30.712918Z,3 years ago
ChIJVd1uIH7EfkcR41FC6Hz1hqU,"Great place, true Venican sea food... All extra fresh! Great vine selection! Top service! Excelent price to quality ratio... For our family on off favorite places... A must visit place!",5,2024-02-13T08:45:02.823682Z,2 years ago
ChIJVd1uIH7EfkcR41FC6Hz1hqU,"Very delicious seafood, the best in my opinion is the tuna tartare",4,2023-02-01T23:52:34.597309Z,3 years ago
ChIJVdX8gKrbfkcRf6Z3XV21eXM,They have the BEST panino Kebab in Padova! Staff is so kind! I already miss their food so much.,5,2026-07-25T09:03:19.779322603Z,a month ago
ChIJVdX8gKrbfkcRf6Z3XV21eXM,"Guy was nice, food was top notch. Aura. Real Larpers come here (keep it niche).",5,2026-06-10T17:57:52.727527222Z,2 months ago
ChIJVdX8gKrbfkcRf6Z3XV21eXM,"KIND STAFF, FAIR PRICES.
BUT one of the KEBAB was ALMOST EMPTY. KEBAB QUALITY BELOW AVERAGE.",3,2023-04-09T16:15:27.913080Z,3 years ago
ChIJVdX8gKrbfkcRf6Z3XV21eXM,Abdallah you are the best ☢️⚡🔋,5,2026-06-16T09:16:27.767328930Z,2 months ago
ChIJVdX8gKrbfkcRf6Z3XV21eXM,Worst pizza i ever ate. Photo says enough,1,2023-12-06T20:04:26.341047Z,2 years ago
ChIJVwNrcY7QfkcR_0XXkr2nKZE,Top,5,2019-08-05T07:43:40.220189Z,7 years ago
ChIJVwNrcY7QfkcR_0XXkr2nKZE,The guys are nice and welcoming... excellent kebab and beers from 0.66 to 2€... find me a place like this... those who leave negative reviews forget about the establishments run by Paduans where the NAS pass by and keep them closed for a month due to hygiene deficiencies... 100 and praise well done guys 💪🏼,5,2026-04-15T17:53:35.279739517Z,4 months ago
ChIJVwNrcY7QfkcR_0XXkr2nKZE,"Once a month, my colleagues, Angela in particular, and I go to this kebab shop closest to our offices. The staff is super friendly, always takes our phone orders, and always respects the delivery time. The kebab, needless to say, is delicious, well-seasoned, and there have NEVER been any mistakes with the ingredients. My colleagues and I always enjoy going to Gastronomia Kebab Pizza suma Moriom Akther. And we highly recommend it! A ray of light on a rainy day!",5,2024-12-13T12:37:15.000179Z,a year ago
ChIJVwNrcY7QfkcR_0XXkr2nKZE,"It's a shame you can't give a zero! Not only do they barely understand a word, they're even beardless and rude! Cleanliness? It would be more appropriate to say police! They should be put in jail! I hope, for your own health, you avoid touching the doorknob to enter the ""shop""!
Simply awful.",1,2025-03-29T17:38:41.592529Z,a year ago
ChIJVwNrcY7QfkcR_0XXkr2nKZE,"Chicken wings are really awful, little meat and lots of bone, too long a wait for just 2 kebabs and a portion of wings",1,2025-02-13T12:18:51.109187Z,a year ago
ChIJVwvup_nbfkcRlq_26hNFXJA,"Fantastic lunch, great service, no language barrier. Everyone's food was fantastic. The pesto pasta was some of the best I've had in a long time, the eggplant parmesan was super flavorful and even the smaller smash burger was very big and delicious! Right off a super scenic piazza and market. Highly recommend! If you are nearby, you need to stop in and have a bite! I will anytime I am in the city.",5,2025-02-20T06:37:09.469205Z,a year ago
ChIJVwvup_nbfkcRlq_26hNFXJA,"Truly outstanding. Service was attentive but not rushed, pasta was excellent, fresh and delicious. The veal ragu was the best I’ve had, ever. Atmosphere is elegant and romantic. I’d give more stars if I could! Grazie Mille ❤️",5,2026-03-27T19:55:30.261698297Z,5 months ago
ChIJVwvup_nbfkcRlq_26hNFXJA,Wonderful lunch at a fine gem found near the market.  Really great fresh Italian meat and cheese appetizers. Good wine selections.,5,2025-07-22T12:27:35.806749864Z,a year ago
ChIJVwvup_nbfkcRlq_26hNFXJA,"Super kind staff, amazing service, beautiful interiors.
Highly recommended.
Only negative was the Tagliatelle with porcini and fonduta. Not tasteful enough.
Overall highly recommend for romantic meal.",4,2024-01-02T19:58:30.283899Z,2 years ago
ChIJVwvup_nbfkcRlq_26hNFXJA,"I got food poisoning from the lobster rolls and vomited all night. Tbh it arrived suspiciously early. It was tasty though. The other thing was that after 100+ € bill, when someone spilled their 2 € drink without having to chance to drink it, i would have expected them to offer to refill it (since its 2 €!!). Waiters were nice.",1,2024-10-30T00:20:11.215949Z,a year ago
ChIJVyhmClDafkcRZBbUZ_VMkkg,"Nice little authentic place, got 2 Big Fellas and 2 Select spritzes - I recommend!",5,2026-07-02T15:17:07.063153810Z,a month ago
ChIJVyhmClDafkcRZBbUZ_VMkkg,"Truly the Platonic form of the panineria - mum and daughter duo, so many options it’s overwhelming, all delicious.",5,2026-02-19T12:54:13.060826579Z,6 months ago
ChIJVyhmClDafkcRZBbUZ_VMkkg,"I definitely recommend it, a world of flavor with just 3 ingredients (spinach, brie cheese, and ham)",5,2026-02-13T16:54:59.158754043Z,6 months ago
ChIJVyhmClDafkcRZBbUZ_VMkkg,"I definitely marked this place even before coming to Italy. It's been two years since I arrived and not even once I tried it, so I made up my mind to visit it and give it a try, finally.
But this place isn't really for me, I guess. After trying a lot of different places, I find it not really on par with its reputation. I've tried better places (yes, not only one) with a better queue system, better service, and most importantly: better value for money!
I came here around 13:00, and it wasn't the best time to come here. Too many people and the queue is just so messy. Not to mention, there was this bunch of new students who took a very long time to decide what they wanted to eat. Then, I had to wait a bit as well because apparently people who ordered before me didn't hear it when the staff was calling their name. If only they had a better way to arrange their customers during the peak time, maybe I'll give it a better rating. Taste wise, their porchetta is good, super good!
I really recommend you to get something with porchetta if you come here, but then... if you're hungry and in a hurry, maybe you don't really want to go here.
Usually the panino will cost you around 4.5 for the simplest one to 6€-ish for the more complicated one. Then if you ask for a maxi size (the bigger one), expect to pay 2-2.5€ more.

Another tip: if you can't find a panini that suits your taste, just order any topping that you want and they'll give it to you. I personally just customize everything.",3,2023-12-04T00:39:16.045096Z,2 years ago
ChIJVyhmClDafkcRZBbUZ_VMkkg,"Come for the experience if you want, and for an affordable lunch. Probably better option for meat eaters.

My friend had the toscana which she loved, I had one of the vegan options and it was very bland and dry. Needed some salt, or some spread to improve the eating experience.

Also, there wss a long wait for just 2 sandwiches and even though they're only 5euro, I think I could have gotten a better option else where.",3,2024-07-12T10:53:28.346122Z,2 years ago
ChIJWR9fH1jafkcRXRYwhkVmBVs,"Wow a very good kebab. Even at 10pm at night was very fresh, already thinking about the next one. Thanks.",5,2026-07-23T19:47:28.748712622Z,a month ago
ChIJWR9fH1jafkcRXRYwhkVmBVs,Great food and great service. 👍 Best kebabs in Padova!,5,2026-07-12T22:03:59.887917959Z,a month ago
ChIJWR9fH1jafkcRXRYwhkVmBVs,"Very good kebab. Fresh ingredients and meat, and their sauce is really special.",5,2026-04-10T20:37:17.001409094Z,4 months ago
ChIJWR9fH1jafkcRXRYwhkVmBVs,"I always come here for the calzone con carne di kevap, it’s soooo good",5,2026-06-15T11:11:57.313148730Z,2 months ago
ChIJWR9fH1jafkcRXRYwhkVmBVs,"Food is great, especially meat which is fresh and made well. Restaurant is very clean.",5,2025-02-08T15:43:27.814471Z,a year ago
ChIJWU9K4gfbfkcRODHgmxh_A8w,"Kind staff, good pizza. Great veneto dishes. Good cakes. Highly recommended.",5,2026-02-03T19:13:23.978496311Z,6 months ago
ChIJWU9K4gfbfkcRODHgmxh_A8w,"We have accidentally discovered this lovely restaurant well out of town center.
I have never tasted softer gnocchi, which are undoubtedly home-made. Duck ragù and pizza (from what I have seen, pizza is  most popular choice from menu) was also very tasty.
Tiramisù was light as air and not too sweet.
Special praise to a young waiter, who is excellently well mannered and kind in his recomendations.",5,2025-05-05T18:59:05.218300Z,a year ago
ChIJWU9K4gfbfkcRODHgmxh_A8w,"A casual pizzeria with very tasty pizzas, and not only. The wine is also good. They are generous with offerings. The sorbetto with lemon is very tasty. Their seven-herb liquor is also good. The prices are reasonable.",5,2018-09-16T14:34:09.750638Z,7 years ago
ChIJWU9K4gfbfkcRODHgmxh_A8w,"Really good pizza, we booked as it's always full. The waiters were kind and professional and we didn't wait a lot to have our fragrant and delicious pizza and we didn't pay much at all! It's worth going back!",4,2018-10-25T21:27:33.836670Z,7 years ago
ChIJWU9K4gfbfkcRODHgmxh_A8w,"Good pizza, pleasant staff",5,2023-07-26T20:13:22.026972Z,3 years ago
ChIJWeWv_ZzbfkcRDLVGX7QMQJk,"Small but very welcoming place, excellent fish snacks to enjoy standing up with a glass of wine. Padovanity!",5,2026-03-01T17:01:46.419083852Z,5 months ago
ChIJWeWv_ZzbfkcRDLVGX7QMQJk,"This place is the best! :) The wine and seafood are so delicious! I had 4 kinds of stuffed fish, shrimp, small squid, mussels, and wine, and it came to 13 euros. I want to go there every day! Italians are so friendly!",5,2025-09-06T22:10:42.750865173Z,11 months ago
ChIJWeWv_ZzbfkcRDLVGX7QMQJk,"Fresh fish ""spunciotti."" A historic spot in Padua for street food. You won't find the classic sea bass, but more unusual seafood options like mussels, octopus, fish ragù, shrimp, fried fish (which is delicious), sardines, cod (also delicious), and much more. Anyone who says they didn't like it should go to a seafood restaurant; street food is something else entirely.
Suitable for adults given the range of tastes, except for children and young people, who enjoy, for example, the dishes listed above.",5,2023-05-30T19:14:06.339866Z,3 years ago
ChIJWeWv_ZzbfkcRDLVGX7QMQJk,"Folpi, like it used to be, is a favorite with Paduans.
This kiosk opens its doors in the evening and is a popular destination for locals.
This remote but popular seafood spot offers the classic boiled Folpetti, along with some absolutely delicious spunciotti (shrimp, cuttlefish roe, mussels...).
The owner is friendly, and the prices are reasonable for the dishes, which must necessarily be accompanied by a good glass of white wine.
It's not a gourmet dinner, but a pleasant and tasty aperitif that can be enjoyed standing up, along with a relaxing chat for a half hour.",5,2023-09-16T06:15:52.406433Z,2 years ago
ChIJWeWv_ZzbfkcRDLVGX7QMQJk,"If you want a quality product, this is the right place. It's a place to get fish to take away... the best creamed cod I've ever tasted, you can also find Vicenza-style cod, boiled fish, and fried fish... I highly recommend it. Prices in line with the product.",5,2023-12-28T10:41:36.973349Z,2 years ago
ChIJWfDrMjTbfkcRTgJgqu100Ss,"Nice place, well kept, great and courteous staff. The food however, was beyond expectations for a burger joint. Everyone loved their food and my daughter got a hotdog after devouring a hamburger, 2x what she would usually eat! It was a few minutes walk from the train station, very easy to get to. Stop in for some great grub, you wont be sorry, and our first visit will NOT be our last.",5,2026-05-22T19:00:43.719333905Z,3 months ago
ChIJWfDrMjTbfkcRTgJgqu100Ss,"Ordered my burger and was waiting for 20 minutes for it (I was the only one client in the restaurant). And I ordered a burger for 10.5 euros expecting it would be big and juicy, but it wasn’t.",2,2026-01-27T08:31:43.746840523Z,7 months ago
ChIJWfDrMjTbfkcRTgJgqu100Ss,"Il proprietario è adatto a studiare linguistica😂😂😂
r u serious?????? Look at the full pic. it is 16.5 EURO and i wonder who would spend 16.5 EURO to get this pooooor burger. if only the proprietario would spend 16.5 EURO for a pooor menu, give it to me for free.
tbh, it should be -5 star🥹🥹",1,2025-11-27T03:25:15.889716246Z,9 months ago
ChIJWfDrMjTbfkcRTgJgqu100Ss,"Their bun and sauce is really good but if youre selling a expensive hamburger you cannot serve this meat. Zero taste, seems like boiled instead of grilled.",3,2026-04-05T19:05:06.978250232Z,4 months ago
ChIJWfDrMjTbfkcRTgJgqu100Ss,"Nice smash burger place in the middle of Padova, good selection and food, can recommend.",5,2026-07-09T16:00:46.246075291Z,a month ago
ChIJX1F9NETafkcRak9FtEBDeG8,"It was a lovely lunch spot however the taste of the food was lacking. Many of the dishes were much too salty, and I know salt is a personal preference, however when there is so much salt that it burns the palate, this detracts from the food. For the price, the food was not what it should have been, perhaps it was a bit old or starting to go. The staff were fine, except they kept trying to clear our plates before we were done eating, making us feel unwelcome or rushed. We went near the beginning of lunch service and our full meal (3 courses) was done in less than an hour, so there was no need to hurry.",2,2026-05-12T00:21:21.515765689Z,3 months ago
ChIJX1F9NETafkcRak9FtEBDeG8,"I passed for luky closer this nice restaurant, waching the -new gestion- table I convinced my self to have a little wine whit sone baccalà crostino, simple, as Padua old stile, but durin my fast breakfast I had start to desire to have an important experience here, soon I hope. I sugget you to try, only for the gently of owners and right feeling inside here. Thans San Michele guy to try to give again the stile that Padua are risking to loose.",5,2025-08-17T09:44:42.433692097Z,a year ago
ChIJX1F9NETafkcRak9FtEBDeG8,"A very nice discovery and surprise.
The food was delicious and the service was very curated and kind.",4,2026-01-29T15:19:50.700497924Z,6 months ago
ChIJX1F9NETafkcRak9FtEBDeG8,"We chose this place as a Venetian place to show for my family. The service and food was very good! We came for dinner on Sunday and everything was delicious and fast! We tried pasta, polenta with baccala and other dishes! House wine and tiramisu – 100/10! Thank you :)",5,2025-01-29T15:57:03.158896Z,a year ago
ChIJX1F9NETafkcRak9FtEBDeG8,"Lovely hidden and non famous place in Padova!

A friendly and quick service. The food was original with authentic and tasty plate.

I highly recommend!",5,2026-05-05T18:36:31.339697438Z,3 months ago
ChIJX1jA6FvbfkcRk6FcFeIO7ZI,"Napoli Centrale in Padova is a vibrant spot where you can dive into authentic Neapolitan cuisine. The atmosphere is lively, making it an engaging place to enjoy your meal. The star of the show is their special Napoli pizza, featuring a traditional, slightly charred crust with fresh toppings. But the menu doesn't stop at pizza; there's a variety of pastas, succulent steaks, and fish dishes to choose from.

The wine selection is impressive, with dozens of local red, white, and sparkling varieties, enhancing your dining experience without breaking the bank. The food here is authentic, the flavors rich, and the prices reasonable, making Napoli Centrale a hidden gem in Padova. It's a must-visit for anyone seeking a true taste of Naples in this northern Italian city.",5,2026-01-16T20:53:38.160375215Z,7 months ago
ChIJX1jA6FvbfkcRk6FcFeIO7ZI,"We arrived just before closing time, but the staff was kind enough to welcome us and still serve food, which we really appreciated. We ordered the pasta with beef, and it was surprisingly delicious with a generous portion and a rich, flavorful sauce. The Milanese cutlet was another highlight—juicy, perfectly cooked, full of flavor, and with a great crunch. Even the bread was outstanding and very tasty. Overall, a wonderful experience with excellent food and kind service.",5,2025-08-17T09:44:02.994997725Z,a year ago
ChIJX1jA6FvbfkcRk6FcFeIO7ZI,"Magnificent pizza! We had lunch here with a family - four different dishes - dear lord, that’s so tasty! The service is great! There is no cocktail menu, but if you take an aperol or campari spritz, you will get incredible pleasure!

We also got a dessert 🌚 omg, so good!",5,2023-06-03T12:33:32.575771Z,3 years ago
ChIJX1jA6FvbfkcRk6FcFeIO7ZI,"Delicious! We had grilled branzino fish, seafood pasta, dessert, and Aperol Spritz cocktails. It was very tasty!
The service was excellent, attentive but unobtrusive.
We hope to go back soon.",5,2024-05-08T18:07:01.652994Z,2 years ago
ChIJX1jA6FvbfkcRk6FcFeIO7ZI,"We were a group of 20 and were seated in 5-10 minutes. Great food with gluten free options. Special honors go to the waiters and staff which were very kind, helpful and fast.",5,2026-04-18T19:01:45.042758173Z,4 months ago
ChIJX5earmbbfkcRKWQlX81bJrw,Very good coffee ☕️ and croissant 🥐:),5,2022-04-30T13:32:28.868491Z,4 years ago
ChIJX5earmbbfkcRKWQlX81bJrw,"Dirty glasses (we had to ask for a change twice, once for lipstick stains and once for the person with me).
Poor food and poorly presented. The carbonara was brought to us without pecorino cheese when there were no guests yet, and then brought to the next table with pecorino cheese. Furthermore, it was bland, as were the crepes. The staff wasn't entirely attentive to service. It's a shame because a good job has been done with the restaurant's renovation.",1,2026-04-27T12:01:04.353778358Z,4 months ago
ChIJX5earmbbfkcRKWQlX81bJrw,"In Padua for the day, we chose this place for lunch. Booked through The Fork.
Pleasant interior decor, somewhere between modern and vintage, with outdoor seating.
The wait was a bit long, with lots of people eating. Service was slow but courteous and friendly...
Very good food, especially the spaghetti with red pesto and stracciatella and the beef carpaccio with buffalo mozzarella (it's a shame the eggplant was sold out...).
Affordable prices, and fortunately the outside was breezy and not in the sun.
Perhaps a few more staff would be helpful to speed things up.
To be considered...",3,2022-05-27T18:07:49.056410Z,4 years ago
ChIJX5earmbbfkcRKWQlX81bJrw,"Delicious food at a great price. The toasts in the photo are priced at 5 and 7 euros, and the portions are perfect for a full meal. The place is very nice. Just be careful with the bathroom, as it's not a standard toilet but a squat toilet – just a warning :)",5,2025-02-11T13:37:07.803726Z,a year ago
ChIJX5earmbbfkcRKWQlX81bJrw,Christmas 2023 and Christmas 2024 Update. We've been buying artisanal panettone for two years. Beautiful and delicious. Made and packaged by Matteo and Marco!,5,2024-12-16T19:59:28.198445Z,a year ago
ChIJX6ZpcqXbfkcRRZY82zx7B0E,"Kind staff, fast service, good food. Highly recommended.",5,2025-04-23T15:43:21.758298Z,a year ago
ChIJX6ZpcqXbfkcRRZY82zx7B0E,Food are delicious & good price!,5,2019-01-03T15:48:25.618742011Z,7 years ago
ChIJX6ZpcqXbfkcRRZY82zx7B0E,A tiny eating whole with very good sushi and Chinese dishes. Excellent take out and home delivery service,5,2024-01-30T09:12:04.080867Z,2 years ago
ChIJX6ZpcqXbfkcRRZY82zx7B0E,"Delicious sushi, really nice service, good price :)",5,2024-06-18T21:18:15.888983Z,2 years ago
ChIJX6ZpcqXbfkcRRZY82zx7B0E,"Small place, friendly staff, always good food.",5,2017-10-22T08:52:25.413Z,8 years ago
ChIJX8ILTxTZfkcRDhNK6W31hA4,"Excellent!!! I can’t say enough about this place. We were looking for a locale to eat fish at for our last evening in Italy and the receptionist at our hotel highly recommended this locale. It was absolutely fantastic and the service was A1! I was taken aback how the prices were so affordable for not only a good amount of food, but a fantastic presentation. We will be back and I can’t wait!!! Wether you are looking for a nice date night or an inexpensive delicious meal, you can’t go wrong going here. It’s fantastic. Also the owner took time to speak to my daughter about Italy and her pipe dream of returning one day. She was very moved by his wisdom and often recalls that talk to others when asked about her vacation in Italy. ❤️",5,2022-05-26T13:38:03.174429Z,4 years ago
ChIJX8ILTxTZfkcRDhNK6W31hA4,"The best restaurant in Abano.
Everything ist fantastic!!!!!!!
Grazie 🤗",5,2025-07-31T18:39:35.400429512Z,a year ago
ChIJX8ILTxTZfkcRDhNK6W31hA4,Food is nice but service is very slow,3,2019-08-10T13:36:25.993605Z,7 years ago
ChIJX8ILTxTZfkcRDhNK6W31hA4,top top top top top great selection and affordable as well. highly recommendable,5,2018-12-17T07:14:48.553849813Z,7 years ago
ChIJX8ILTxTZfkcRDhNK6W31hA4,Amazing seafood,5,2024-12-22T21:20:01.147981Z,a year ago
ChIJXQEOMgDbfkcRdYAhLo-3OTo,Cute takeaway sushi. Good sushi. 🍱,4,2026-06-29T18:54:37.019978240Z,a month ago
ChIJXQEOMgDbfkcRdYAhLo-3OTo,Ok,4,2026-06-16T03:12:00.694858815Z,2 months ago
ChIJXQEOMgDbfkcRdYAhLo-3OTo,great to go sushi and nice staff. i asked without nuts and sesamo and they did it 👏👏 thank you,5,2026-07-15T10:46:34.028153219Z,a month ago
ChIJXQEOMgDbfkcRdYAhLo-3OTo,"Hard rice, poor quality sushi.",1,2026-06-15T17:03:27.097860211Z,2 months ago
ChIJXSaO01nafkcRB6BNz8ls8KE,"It's a vibe. The food is outstanding. Do not expect to be in and out on a week day. It's run by two guys. The we showed up no reservations, don't recommend it. Man behind the bar took pitty on us, a two top. I speak no Italian. But we muddled through in broken English and Spanish. The food was outstanding, the vibe was just right for me. Laid back, listening to eighties rock hits. We started chatting more and more. Don't be surprised if you end up doing shots of grappa at the end of the meal. It's not for everyone. App split, entrees, wine, water ordered at the beginning was mid entrée after I made choking noises at the one service member. We laughed he laughed. 100% go back next time I'm in town!",5,2026-06-25T21:58:38.975427667Z,2 months ago
ChIJXSaO01nafkcRB6BNz8ls8KE,Such a beautiful place and really delicious food! The waitress was so friendly and attentive and food and drinks high quality. I would like to add very honest too! We accidentally left important documents on our table and did not realise until 2 days later they were missing!  The lovely waitress had kindly put them in safe place and even contacted the number on documents to say they had them. Can’t thank them enough!! We look forward to returning to your beautiful restaurant and to see you all again! Thank you so much.,5,2023-10-09T16:09:37.546793Z,2 years ago
ChIJXSaO01nafkcRB6BNz8ls8KE,"Authentic Italian restaurant. Pasta’s were both delicious. Prosecco prices very nice. We also tried the golden medal tiramisu; it was very good, but there seemed to be no amaretto nor coffee inside. Overall, really nice!",5,2023-12-04T18:14:59.426364Z,2 years ago
ChIJXSaO01nafkcRB6BNz8ls8KE,"Horrible, just a horrible experience. I lived in Padova for a year and have travelled extensively in Italy multiple times and I have never eaten as badly as here. Stumbled in here after trying to get a table in several reputable establishment just before, and I wished I had gotten a simple panzerotto instead. 1) The ragu bianco al cortile resembled and smelled like cheap dog food spread on pasta. 2) the pasta with seasonal mushrooms included spongy mushrooms covered in a bog of earthy liquid. 3) when getting to the secondi I thought they were joking when receiving a bland pile of *quality* meat, so finely mashed it looked and tasted like puree. No seasoning and accompanied by dry salad leaves. 4) The only acceptable thing was the tagliata angus that was served overly salted and with the same collection of dry salad leaves. Leaving 0 stars for the food was not possible so Im contenting myself by leaving you all a detailed description of what we got on our plates. Do yourself a favour and walk right past this place.",1,2025-11-02T21:22:21.658540838Z,9 months ago
ChIJXSaO01nafkcRB6BNz8ls8KE,"Great and authentic service. As a tourist coming to Padova for the first time, this place is was recommended by close friends that live in the city. We met with the owner of the restaurant at the door and he explained how their food was prepared and had a pleasant talk with our group. About the history of the restaurant and the city. We left the restaurant as friends with the owner and with an experience to remember.",5,2025-07-08T13:41:00.036278524Z,a year ago
ChIJXUue__TafkcRB7VFafeWjus,"Fantastic food, amazing service. We loved it, the place was a vibe!!! We were offered delicacies from Sardinia and the smoothest wine ever with chilled out tunes",5,2026-02-13T19:13:58.105866070Z,6 months ago
ChIJXUue__TafkcRB7VFafeWjus,"The worst carbonara I've ever eaten!! Rubbery pasta, no sauce, bits of fat and cold. I sent it back and the cook brought the plate back and got up close to my face in an aggressive way to ask in very bad English what the problem was, he was not Italian and didn't understand English very well making me repeat myself over and over and in the end he just walked off. After spending such a lovely day in Padova it was the last thing I expected to happen.",1,2026-04-02T18:58:10.395041885Z,4 months ago
ChIJXUue__TafkcRB7VFafeWjus,Very good humburger we arrive late from venezia aitport and we come to the restaurant it was 22:30 about and the Italian man from Sardenia suggested for us a 2 hamburgers it was so gentle from his side with the young lady from Marrocco she speak good Italian and English greetings from Finland & Saudi Arabia & Tunisia,5,2026-07-14T18:39:03.327781454Z,a month ago
ChIJXUue__TafkcRB7VFafeWjus,"An interesting themed restaurant in Padova PD, Italy. We went here for dinner and were quickly seated. The place wasn’t too packed and serves a wide variety of local dishes and burgers.
Service could’ve been better and faster. I ordered the angus, but never received it. So they gave me the ribeye which wasn’t very good, very chewy and lots of fat.
The spaghetti alla carbonara was a bit better, but on the salty side.",3,2024-01-25T20:04:49.906493Z,2 years ago
ChIJXUue__TafkcRB7VFafeWjus,I loved the ambience of this place. Had late lunch here and enjoyed some wine and pasta. It was excellent. Service was quick and good.,5,2025-12-18T09:28:54.946524231Z,8 months ago
ChIJXecWpdTdfkcR46QZzgQi1ls,"Kind staff, good sushi and sashimi.
Only the noodle presentation was horrible. And on a normal day they made us pay as festivity.
Overall recommended for quality.",4,2024-01-02T20:09:09.181783Z,2 years ago
ChIJXecWpdTdfkcR46QZzgQi1ls,"Fabulous restaurant, booking recommend even during the week as it is always busy. I have eaten here several times with my family, I do not eat sushi but they have selection of Chinese dishes too.
Stylish venue and well presented tasty food.",5,2024-11-13T20:34:47.923845Z,a year ago
ChIJXecWpdTdfkcR46QZzgQi1ls,Excelent food and service.. nice and warm Place...,5,2021-12-24T22:25:30.856615Z,4 years ago
ChIJXecWpdTdfkcR46QZzgQi1ls,perfect,5,2021-09-18T19:23:22.823853Z,4 years ago
ChIJXecWpdTdfkcR46QZzgQi1ls,"Not bad, but it can be better.",4,2022-11-12T14:34:43.596741Z,3 years ago
ChIJXz4wKkXafkcRwwTNqexhh4M,"My first try of AYCE sushi in Padova and I’d say I like it! It won’t be like the €€€ sushi because they are all you can eat with a super fair price (but the salmon sashimi was very tasty like a premium one!) it’s really worth your money, the staffs are super nice and friendly despite they have many customers to serve. Not a long wait for the food, highly recommended to spend your sushidate here!",5,2023-12-22T19:26:29.054678Z,2 years ago
ChIJXz4wKkXafkcRwwTNqexhh4M,"I tried others japanese all you can eat in Padova, Attimi still the best in my opinion. The way to order what you want just makes things a lot easier (you just write what you want on a paper). The food is amazing. Worth the price, a lot.",5,2024-02-18T10:55:14.914144Z,2 years ago
ChIJXz4wKkXafkcRwwTNqexhh4M,"Wow, we went to this restaurant by chance while walking by. We were impressed by the menu, dish plating and speed of service. Everything was great, the waiters were excellent and the food delicious. We will definitely come here again for all you can eat days.",5,2021-06-13T11:44:57.314158Z,5 years ago
ChIJXz4wKkXafkcRwwTNqexhh4M,"It was really easy to order via QR code, they helped us move to a more convenient place, and overall the staff was really helpful and kind.",5,2026-06-14T20:04:36.393885068Z,2 months ago
ChIJXz4wKkXafkcRwwTNqexhh4M,"We had a wonderful experience at Attimi! The food quality is outstanding – fresh, flavorful, and beautifully presented. The service was excellent: very attentive and super friendly. Even without a reservation, we were warmly welcomed and felt comfortable right away. A truly memorable evening – highly recommended! We will definitely be back.",5,2025-08-16T19:11:30.042424632Z,a year ago
ChIJY3DerrTbfkcRbY0JfznTmGc,"The pasta was cooked properly and was tasty. The dessert was good, but not extraordinary, slightly too sweet. The service was very fast, but the tables were a bit too close to each other. The cacio e pepe pasta was very well cooked and not too spicy. The amatriciana pasta was very good too.",4,2026-05-02T20:10:16.500185615Z,3 months ago
ChIJY3DerrTbfkcRbY0JfznTmGc,For me perfect place 3 amazing dishes for really good price i had a good time the burger putannescca was amazing ! Served with such a nice potatoes ! 😍 i arrived with the bike and found directly the best restaurant in Padova 🙏,5,2026-05-07T18:27:15.181819890Z,3 months ago
ChIJY3DerrTbfkcRbY0JfznTmGc,"Nice place, great choice of tasty Italian food.
Quiet street, nice experience outside.
Reasonable prices.",5,2026-07-14T19:48:56.348932134Z,a month ago
ChIJY3DerrTbfkcRbY0JfznTmGc,Fabulous. Truly enjoyed our roma pasta meal and staff took great care of our son. Would happily return. Thank you.,5,2026-04-24T19:27:15.882049029Z,4 months ago
ChIJY3DerrTbfkcRbY0JfznTmGc,Delicious and  special burgers. We didn’t have a place inside but there was no problem sitting outside. Recommend!,4,2026-05-19T11:01:03.831032153Z,3 months ago
ChIJY6K-DjrbfkcRbFwOGVuY5so,Fixed-price lunch. Excellent chef. Place to meet the locals. Friendly staff. Tip: add one of the chef's desserts.,5,2024-01-30T09:21:14.545611Z,2 years ago
ChIJY6K-DjrbfkcRbFwOGVuY5so,"Passed by there once, saw lots of people eating so theoretically speaking their food is nice",4,2023-06-29T06:11:49.020805Z,3 years ago
ChIJY6K-DjrbfkcRbFwOGVuY5so,Traditional place with good traditional food and decent prices. Recommended.,5,2020-11-15T18:44:58.494265Z,5 years ago
ChIJY6K-DjrbfkcRbFwOGVuY5so,"Small, but friendly and clean. Very reasonable.",5,2022-09-01T17:31:46.259886Z,3 years ago
ChIJY6K-DjrbfkcRbFwOGVuY5so,Decent. Forget the rest.,5,2018-12-09T15:26:47.954220Z,7 years ago
ChIJY7vmgJ7bfkcR_lfLSjaJX08,"One of the best sushi I ever had, highly recommended for sushi lovers!!!",5,2026-07-24T22:40:59.417028534Z,a month ago
ChIJY7vmgJ7bfkcR_lfLSjaJX08,"Motoi Sushi offers a pleasant dine-in experience with quality sushi and asian food, and their all-you-can-eat menu provides a good variety of dishes. The setting is comfortable, and getting served is generally Smooth.",5,2025-09-08T10:52:00.537435278Z,11 months ago
ChIJY7vmgJ7bfkcR_lfLSjaJX08,"Very limited selection of plates, with very little variety in fish (mainly just salmon); at least on their lunch menu.
The plates on their own were good and for that I can't go lower than 2 stars, however the rude staff who would stare at me and then turn away while I would raise my hand to call them sort of ticked me off.
We waited for a very long time for our last two plates, which wouldn't have been the end of the world if it wasn't for the fact that many other tables were served the same dishes before us, even if they arrived later. The table behind us even left after complaining about missing dishes.
The robot is a cool touch, might want to invest in more robotic staff.
I used to enjoy going here quite a bit, not sure what has changed.",2,2019-08-01T11:15:27.285747Z,7 years ago
ChIJY7vmgJ7bfkcR_lfLSjaJX08,"If you got any intolerance or allergies don't  eat at Motoi Sushi, you gonna be sick.
The food is good but you can't expect to be safe. They aren't trained for this. For my own stupidity for trusting them I got a day in hell full of pain.
This review is for warning others so they don't get sick.",1,2020-09-23T20:10:40.026646Z,5 years ago
ChIJY7vmgJ7bfkcR_lfLSjaJX08,Slightly expensive but great selection for all you can eat and at the higher end for quality,5,2019-02-06T09:25:46.821066049Z,7 years ago
ChIJYebbdRHbfkcRvehtZdKFRXs,There were 25 of us. We were all completely satisfied. The food was excellent and plentiful. The service was quick and courteous. The owners provided excellent value for money.,5,2026-08-09T22:08:19.114746057Z,2 weeks ago
ChIJYxnDPybbfkcRU1GGOmnSv08,"We didn't have a good experience in this restaurant. First of all, they took a long time to serve us (around one hour). Then they brought us entries without us asking for it. It was just bread for which we paid €12, but they didn't inform that we would have to pay for this in the end. The plates were served with a small quantity of food. And, in the end, we paid an absurd quantity of money! The food was not bad, but waiting one hour for such little and expensive food I truly do not recommend this place to eat.
In addition, for vegetarians this is definitely not a good place to sit, as they only have one option and it's very expensive.",1,2025-08-07T12:59:37.290428401Z,a year ago
ChIJYxnDPybbfkcRU1GGOmnSv08,"The service wasn’t good as they wouldn’t let us sit in one of the tables of the place because we “just” ordered 3 ice creams on cone. It seemed like it wasn’t enough even if the place had almost all the tables empty. Also, the other places have the ice cream cheaper and in a bigger quantity",1,2026-06-24T15:01:44.397650672Z,2 months ago
ChIJYxnDPybbfkcRU1GGOmnSv08,Locely setting to have breakfast in the morning sun with a nice view!,5,2026-02-01T22:09:20.526358420Z,6 months ago
ChIJYxnDPybbfkcRU1GGOmnSv08,"The best: aperitivo with the view of the Basilica. Even though it is quite expensive (spritz 5€) if you are the type of person who loves views, it might worth it. They didn't give me patatine for free with the aperitivo. The gelato I tried was not good, not bad. They have tables inside and outside but definitely choose outside. Everything clean and nice little pastries from where to choose. They also have menu of the day.",4,2022-12-22T10:36:15.592616Z,3 years ago
ChIJYxnDPybbfkcRU1GGOmnSv08,Antonio was fantastic! Food extraordinary! Cannot say enough good things about this place.,5,2024-07-21T11:54:55.946875Z,2 years ago
ChIJYz3noBnafkcRjsTuGftkEd4,Nice place to hangout with friends. But a little bit crowded and clumpsy.,4,2019-11-03T22:43:14.997640Z,6 years ago
ChIJYz3noBnafkcRjsTuGftkEd4,"Fantastic place, I have been attending it for years and I have always had a great time, fantastic food both for dinner and after dinner, they have a variety of delicious beers, super friendly staff, average prices and orders arrive at the table.",5,2022-10-18T10:58:32.790066Z,3 years ago
ChIJYz3noBnafkcRjsTuGftkEd4,This is a great spot if you're looking for an authentic Irish pub experience 😉,3,2025-02-10T07:15:37.806153Z,a year ago
ChIJYz3noBnafkcRjsTuGftkEd4,"Best Guinness & Clubsandwiches in Town.
A rich Rhum and Whiskies collection.
A really friendly service.",5,2010-03-28T11:06:21.132318Z,16 years ago
ChIJYz3noBnafkcRjsTuGftkEd4,Expensive,4,2024-03-28T22:43:57.453637Z,2 years ago
ChIJZ3saHuXafkcRrRT36MISFaE,"A cozy little restaurant serving homemade regional specialties at reasonable prices. The atmosphere is simple and charming, and the service is friendly.",5,2026-05-13T20:49:56.012034867Z,3 months ago
ChIJZ3saHuXafkcRrRT36MISFaE,"Crossing Da Pippo's door is a bit like entering a time warp. I was welcomed by the typical decor I was used to when going to local restaurants with my parents as a child. Everything seems to be straight out of a flashback.
Including the menu, in a very positive way. You find dishes that have been in the traditional Paduan cuisine for decades. Everything prepared with care, resulting in excellent quality. And all that at more than decent prices, which is an added bonus not found in other restaurants.",4,2024-10-11T13:42:11.783594Z,a year ago
ChIJZ3saHuXafkcRrRT36MISFaE,"We went to Da Pippo twice during our trip, for lunch and for dinner. We had 8 different dishes and they were all very tasty! The desserts are also very good! Great food and great value.
This will definitely be my go-to place if I get to visit Padua again.",5,2022-07-17T13:00:24.426716Z,4 years ago
ChIJZ3saHuXafkcRrRT36MISFaE,"I love finding these hole in the wall places, and this restaurant was excellent! Unpretentious, delicious food with generous wine pours served with a smile.",5,2025-04-18T10:09:51.346616Z,a year ago
ChIJZ3saHuXafkcRrRT36MISFaE,"Cooking recipes (for strong bellies) should be revisited. The awful draft wine can be improved.. Euganean hills can offer better quality of wine today even much better on bottle.
I appreciated the woman kindness who welcomed and served us.
I won't do the same mistake twice...",2,2018-04-14T12:21:45.513Z,8 years ago
ChIJZWkPuGXafkcRrCREtQZbekk,"Delicious burger delicious fries. Service is great the person speaks english, very kind environment. You can have desserts as well",5,2025-12-13T15:28:14.326665436Z,8 months ago
ChIJZWkPuGXafkcRrCREtQZbekk,"food is good and cheap， service is good.But remember not not not not order the Napoli pizza here. It is with
olive and alici, but too too too too salty😱",4,2025-11-08T17:06:17.149315725Z,9 months ago
ChIJZWkPuGXafkcRrCREtQZbekk,"Pizzas are so delicious and the service is perfect, they are so nice and also helpful.",5,2025-12-04T21:07:26.564722386Z,8 months ago
ChIJZWkPuGXafkcRrCREtQZbekk,Professional staff and delicious food! Prosciutto con fungi is my favorite!,5,2022-09-22T11:04:46.758092Z,3 years ago
ChIJZWkPuGXafkcRrCREtQZbekk,Boon,5,2020-11-09T15:54:09.130385Z,5 years ago
ChIJZXcO4E_afkcRXhveylRXcDo,"ADRIATICA pescheria con cucina offers many culinary options based on the reviews, but offers very poor quality of customer service based on our experience in Padova at Palazzo Della Regione. We had lunch here recently and waited for about 90 minutes to get the main dish. Arrived at 12:56pm on Tuesday March 31, 2026 get seated upstairs where is table service vs. downstairs self serve, order drinks and appetizer “Gratineted scallops & shrimps €23 plus main dishes for two people; “Calamarata with Sicily tuna ragout” €18 and “Gragnano Spaghettoni with seafood” €23. Appetizer arrived in about 20-25 minutes from initial order and main course after 70 minutes or around 14:24pm. In the meantime 3 other tables of local Italian customers arrived after us and finished their meals before us (total discrimination for tourist). Asked the waiter for our bill around 14:00pm (we couldn’t wait anymore, hungry and frustrated) and he ignored us by saying in 2 minutes your food will arrive, that turned into another 20 minutes. When food arrived pasta was half cooked and you can tell everything was rushed, either forgotten order or didn’t care for properly prepared food for the guests. However, 15-20 minutes before 15:00pm the same waiter came to pick up the plates rushing us “GUSS WHY?” because they are closing at 15:00pm. On the way out  as we were paying the bill downstairs we saw the cook from Nepal that prepared our half cooked pastas. Very poor & unpleasant experience at this pescheria …. Bella Italia, che fine hai fatto??? Un tempo avevi standard tradizionali e dignità nel servizio, soprattutto per quanto riguarda il cibo e l'ospitalità!!! È triste 😔 dover dire e condividere questa bruttissima esperienza….",1,2026-04-01T16:58:09.264919811Z,4 months ago
ChIJZXcO4E_afkcRXhveylRXcDo,"Really nice spot in the heart of Padova. We stopped for an aperitivo and a quick bite. The place itself is very charming, and the selection of cicchetti is wide. Quality-wise, they’re very good: flavorful, well balanced, and in the right portions. The spritz, though, felt a bit watered down, which was a shame. Staff was overall friendly and the service was fine. Prices are a little on the high side for cicchetti. Honestly, even in Venice (slightly more expensive 😉) you can often find similar ones for less. Still, worth a stop if you want good cicchetti in a great setting.",4,2025-12-27T22:24:36.312904361Z,8 months ago
ChIJZXcO4E_afkcRXhveylRXcDo,Best paella full of seafood and most tasty for lunch. Returned for supper and enjoyed the sea bream. Highly recommend.,5,2026-04-22T15:51:13.455327393Z,4 months ago
ChIJZXcO4E_afkcRXhveylRXcDo,"There are so many culinary options at Palazzo Della Regione. Adriatica has everything for your seafood lunch or dinner if you want to eat-in or take-out home. Enjoy a crisp white Lugana glass of wine while you have warm Paella or better yet an insalata di mare. They have room upstairs and downstairs for table settings to relax and visit with family or friends. The staff are welcoming, friendly, and will help you choose from their favorite dishes. The seafood is very fresh and the quality is apparent. Pricing is low and for a couple the bill was 56 euro, we were too full to finish our plates, and the bill includes 4 glasses of wine. That is a reasonably priced dinner.",5,2025-05-15T18:57:30.271977Z,a year ago
ChIJZXcO4E_afkcRXhveylRXcDo,Today we ate lunch at the Adriatica Pescheria.  It was wonderful.  The service was perfect.  I ordered pasta with mussels in a spicy sauce off menu.  It was the best I have ever eaten.  The prices were reasonable for such fresh seafood. We are going back next Thursday.,5,2025-04-12T16:28:12.091752Z,a year ago
ChIJZYeVGqrFfkcRa0SF9yDylCo,"Beautiful chic restaurant on the outskirts of Padua. We loved the vibe and music. Service by the dining staff was also very friendly.

The beef carpaccio was quite good. One of the pastas were good with seafood, but the other one was overly salty. What we were most impressed by was the homemade bread.",4,2025-09-12T11:07:13.198962332Z,11 months ago
ChIJZYeVGqrFfkcRa0SF9yDylCo,The best restaurant in town! Everyone should visit it at least once if they are in the area. The food is great and the owner is very welcoming,5,2024-11-27T13:43:31.092083Z,a year ago
ChIJZYeVGqrFfkcRa0SF9yDylCo,"This restaurant was a wonderful discovery! It was a magical experience, both in terms of the food, the atmosphere, and the hospitality provided by the staff. We opted for the ""contaminations"" seafood tasting menu. Each dish was presented and explained to us, and each course left us with the feeling of having discovered a new way to eat a particular fish we'd never even considered.
The evening was accompanied by a duo of singers who further enlivened the atmosphere. Truly a repeat, we felt pampered and left satisfied in every way.
Honorable mentions go to the eggplant tortelli with swordfish, plums, and smoke (an explosion of flavors, truly incredible) and the white chocolate, green tea, and Moroccan lemon dessert (truly the icing on the cake, perfect in both textures and flavor combinations).
A side note: I don't know if it's intentional in the spirit of customer service, but even the water temperature in the bathroom was perfect: just the right amount of lukewarm water, not too hot or too cold!
We'll definitely be back to try the other menus.",5,2026-08-01T08:11:23.913213163Z,3 weeks ago
ChIJZYeVGqrFfkcRa0SF9yDylCo,"A truly excellent experience, with top-quality ingredients, excellent service, and a chef worthy of the name.
Extreme care was taken both in the combination and balance of flavors and in the presentation. The ladies in the dining room are very kind and knowledgeable, and the wine selection is extensive and suitable for all budgets. We chose the tasting menu and it was a delightful discovery. We will definitely be back.",5,2025-06-25T22:35:38.058230295Z,a year ago
ChIJZYeVGqrFfkcRa0SF9yDylCo,"Excellent experience. Ample free parking, a very elegant location dominated by black and marble. Excellent food, a spectacular wine cellar, and Chef Marco was very accommodating because I asked for variations on all the dishes, and he accommodated me. Thank you so much.

The staff were kind, helpful, and friendly.

Prices in line with the quality...
In my opinion, it's worth it!",5,2025-08-11T07:15:37.472272055Z,a year ago
ChIJZemIlq7bfkcRJkKmr-mzwRM,"This may be the best pizza outside of Napoli. Incredibly fresh ingredients and perfect crust on our Marguerita and Diavola pizzas. The house Valpolicella was also fantastic. You have a lovely view of the main piazza, with all its gorgeous statues.  A great deal overall compared to larger cities.",5,2025-10-07T11:20:06.493250649Z,10 months ago
ChIJZemIlq7bfkcRJkKmr-mzwRM,"Truly amazing experience. One of our favorite restaurant in a the region. Friendly and fast service. Exceptional food, and a very warm and friendly vibe and tremendous value. Throughly recommend.",5,2026-02-05T08:23:25.436409375Z,6 months ago
ChIJZemIlq7bfkcRJkKmr-mzwRM,"Great place for lunch. Fresh food, plenty of variety for both traditional folks and hipster food lovers. The staff are super friendly and laid‑back.",5,2026-05-09T19:34:21.346366698Z,3 months ago
ChIJZemIlq7bfkcRJkKmr-mzwRM,"Amazing food!! Octopus was so flavourful and cooked to perfection - crispy on the outside, soft on the inside. Flavours were amazing. I tried my friend’s ravioli and it was the best ravioli I’ve ever tasted.

The staff were exceedingly kind and helpful - helping us get directions to our next place, charging my friend’s phone, being super attentive and welcoming.",5,2025-09-27T04:55:07.196517114Z,11 months ago
ChIJZemIlq7bfkcRJkKmr-mzwRM,"Terrific food, cool vibes and wonderful staff - we will visit again!  And we did!  The risotto special (scampi with white asparagus) was so delicious and the sparkling rosé that the waiter suggested matched perfectly.  Since it’s asparagus season, I also tried the asparagus and brie soup which came with a gorgeous puff pastry crust!  Magnificent!",5,2026-05-25T11:20:43.174807318Z,3 months ago
ChIJ_3vdAOfafkcRBBUUrw6ispI,"Casual neighborhood pizzeria with friendly service. The prices are reasonable, making it a great spot for an easy meal. The pizza was tasty, with fresh ingredients and good quality overall. A perfect place for a relaxed dinner if you’re looking for a solid local option.",4,2026-05-23T21:27:35.320276782Z,3 months ago
ChIJ_3vdAOfafkcRBBUUrw6ispI,"Best Pizza in Padua: light, with quality ingredients. There is both the option to get it delivered in te area or eat in place. I love the quiet area, and the hot pizza directly from the oven, so I eat there ;)",5,2025-06-03T17:45:41.626916Z,a year ago
ChIJ_3vdAOfafkcRBBUUrw6ispI,very very good pizza and you can make it exactly how you like it even the prices are very good I highly recommend it,5,2025-02-01T18:26:29.317196Z,a year ago
ChIJ_3vdAOfafkcRBBUUrw6ispI,"I ordered a takeaway pizza here. When the waiter handed me the box I asked her to cut the pizza for me which she did hesitantly( I understood why when I got home).
The pizza was completely burned. I saw burns on the edges and the restaurant was smelling like burnt food. But I never thought that someone, especially someone running a business, would dare to do this.
I didn't go back, since I don't speak good Italiano to explain this as I had to use sign language to tell them to cut the pizza into slices. Additionally, as a man of color, the atmosphere from the servers felt pushy.( Just wanted a good pizza).
I just want to tell customers that there is a dirty and excessively selfish intention behind the smile they show in front.",1,2024-05-18T22:06:14.023976Z,2 years ago
ChIJ_3vdAOfafkcRBBUUrw6ispI,"Family place... Very far from my hotel, ended up there by mistake and had a good pizza and chat, I kinda vented my frustration so, thanks for that.... Pizza is good, maybe the tomato sauce can be improved, please don't hate me for that.",5,2024-05-31T21:24:07.839893Z,2 years ago
ChIJ_92N2v_bfkcRTybxdhM1tJE,"Excellent new pizza shop in via Belludi, very close to St Anthony and Prato della Valle. For a long time in this area there were no good options for snacks (apart from breakfast and coffee). They offer pizza al taglio for 2.50 per piece (a piece is enough for a snack, two is more like lunch/dinner). Very good quality, and open in the evening (a rarity in the area!)",5,2025-11-06T20:21:57.683657963Z,9 months ago
ChIJ_92N2v_bfkcRTybxdhM1tJE,Very good and cheap pizza,5,2026-03-24T15:31:20.367769740Z,5 months ago
ChIJ_92N2v_bfkcRTybxdhM1tJE,"The pizza is delicious, among the best in the area! The menu changes seasonally, so it's worth trying different flavors! The owner, Fabio, is incredibly kind!",5,2026-06-09T11:03:55.356402073Z,2 months ago
ChIJ_92N2v_bfkcRTybxdhM1tJE,"Nice place for a quick pizza.
The owner is very friendly and even offered us a focaccia.
The price is good for what you get.
I'd love to go back to try the other pizzas I missed.",4,2026-05-05T18:45:54.220442435Z,3 months ago
ChIJ_92N2v_bfkcRTybxdhM1tJE,"Very good option for a takeaway lunch. Box with 6 slices of delicious Pizza al Taglio with 2 drinks for €17.

More than enough for 2 hearty eaters.

Be sure to order the salsiccia with potato and provolone.",5,2026-05-06T07:34:51.629375971Z,3 months ago
ChIJ_QYV-6nbfkcREOY-UIhED_k,"⭐⭐⭐⭐⭐

We had a wonderful experience at Peace ‘n’ Spice | Portello. The food was absolutely delicious, fresh, and full of flavor. The drinks were excellent and perfectly matched our meal. The service was friendly, fast, and welcoming, making us feel at home. Everything was clean, and the atmosphere was warm and relaxing. We highly recommend this restaurant to anyone looking for great food and drinks. We will definitely visit again!",5,2026-08-01T09:13:46.713117992Z,3 weeks ago
ChIJ_QYV-6nbfkcREOY-UIhED_k,"This eclectic restaurant surprised our party of four with its creative menu options, delicately spiced foods, unusual drink options like Gingerino, and attractively plated dishes. The slow paced service encouraged us to relax and savor this sidewalk dining experience on a temperate Padova evening. Thank you, Peace and Spice!",4,2024-08-19T21:39:13.486601Z,2 years ago
ChIJ_QYV-6nbfkcREOY-UIhED_k,"The owner is not welcoming. we ordered an array and some beverages, the arrey didn’t come for 50 minutes and we said our problem; and they said we should have ordered from the qr? we didn’t get it actually because the rest of the order came properly and we didn’t do it from qr:)",3,2026-06-27T19:52:10.195379386Z,a month ago
ChIJ_QYV-6nbfkcREOY-UIhED_k,"Loved the concept of the restaurant: you basically have a gastronomical tour from Afganistan, through the Middle East. They have many dishes I’ve never even seen in Italy before, so I was happy to find them. They don’t necessarily come close the original, but already the fact I can see them on the menu and taste them again was wonderful",4,2026-03-01T10:02:52.934066702Z,5 months ago
ChIJ_QYV-6nbfkcREOY-UIhED_k,"Went to Peace 'n' Spice tonight with two friends and had such a great time! The food was absolutely delicious (seriously, try anything with eggplant — you won’t regret it 😅). Abdo, who took our order, was super friendly and funny — we even ended up chatting in three languages (okay, our Arabic was just a few words 😅). Then Francesco brought our food and, out of nowhere, offered to take a photo of us — which totally made our night! Both of them had such great energy and made the whole experience even better. Highly recommend this place for amazing food and even more amazing people.",5,2025-08-08T22:32:46.080554405Z,a year ago
ChIJ_RuqoyrbfkcREusRjQaPT2o,"We love Miss Poppy! The food is amazing, I had the spicy chicken sandwich before, and this time the spicy burrito! Both were amazing and the portions are huge. The restaurant atmosphere is fun and the owner and staff are so friendly and welcoming.",5,2026-03-13T20:23:02.071163558Z,5 months ago
ChIJ_RuqoyrbfkcREusRjQaPT2o,"The food here is absolutely delicious and service very friendly. On top of that, the music they play is full of bangers, which makes the whole atmosphere even better. Great food, great vibes. Definitely a spot I’d come back to!",5,2026-03-13T19:13:57.193803042Z,5 months ago
ChIJ_RuqoyrbfkcREusRjQaPT2o,"I was happy to find a fully vegan place here. If you don't speak Italian, there's an English menu available and you can order in English as well. The food was great! Very tasty and good portion size as well. Don't expect Mexican-level spicy for the spicy burrito, the extra spicy option is (free!) jalapeños.",5,2025-12-11T18:41:32.524899548Z,8 months ago
ChIJ_RuqoyrbfkcREusRjQaPT2o,"Truly amaizing place. The food was delicious (Burito Burger and Burger bbq) and we did not expect gratis water from fridge and Baked potatoes. The Staff was also very kind and kept The place clean all the time. Recommeneded pretty much, when around we will be back",5,2026-07-02T13:51:36.351645218Z,a month ago
ChIJ_RuqoyrbfkcREusRjQaPT2o,This place is amazing. I’ve been here twice and I’m definitely coming back. The burritos are fire and people are great!,5,2026-03-13T19:32:19.467157270Z,5 months ago
ChIJ_SaBLk_afkcRXi0mcVsnFPk,"I ate at Enoteca with my mom on our tour around Italy. It was recommended by Chat GPT as being food focused, long standing and family owned. We had a long day of walking around the city so to be greeted so warmly by the staff was really nice. They knew who we were because we think everyone else in there was a regular, which is always a great sign! We had a lovely wine (Beso) and split the duck ragu and the fillet with pepper sauce. If you get the fillet, get the pepper sauce, it's simply delicious! The chef came out and greeted us before dessert which was so nice! The staff even helped us order in Italian (we tried our best). They had bigger tables than I had seen other places so it seems like they could accomodate a large party if you needed to but sitting outside in the breeze watching the little dogs go by on their evening walks was so nice! I would recomya reservation but if you don't have one, still try and go by!",5,2026-06-05T20:11:34.331994205Z,2 months ago
ChIJ_SaBLk_afkcRXi0mcVsnFPk,"The best place to eat in Padua hands down. We were lucky enough to get a last minute reservation Saturday night and discovered such good food. The chef knows what he's doing, that's for sure. I highly recommend the liver with white polenta dish. The green vegetables were perfectly seasoned (not overly salty as some places tend to do). The beef filet with fries is also good. And for dessert, definitely get the chef's creation. It was delicious. I'm not a wine drinker but my friend who did get a drink really enjoyed it.

They don't have an English menu but the female owner, who speaks English, is very helpful with explaining the menu.",5,2021-10-10T20:46:17.571114Z,4 years ago
ChIJ_SaBLk_afkcRXi0mcVsnFPk,"Simply amazing, we came here by accident and discovered Padua secret gem. We tried cod tower, small cod fish plates full of different flavors and prepared in different way. Kids ate delicious home made burgers. Just a warning for cod plates, you need to eat them from top to bottom, owner will correct you try to mix them :) must say it’s with a good reason. Excellent choice of local wines.",5,2023-02-16T20:27:50.519606Z,3 years ago
ChIJ_SaBLk_afkcRXi0mcVsnFPk,"When you don't only get 'service' but the owners share their hearts and souls with you. In a place that's just so tastefully decorated... and boy the food! The kitchen sure know their stuff. Hands down the best lasagne I ever tasted. The 'Italy at its best' stereotype come true, really, really recommended!!",5,2022-07-24T21:54:39.429364Z,4 years ago
ChIJ_SaBLk_afkcRXi0mcVsnFPk,"Amazingly nice and adorable place! Wine list is great, server kindly recommends which wine fits to your food. Well made food with reasonable price. Definitely visit again, when we are back in the region 👍",5,2023-08-04T06:29:25.674520Z,3 years ago
ChIJ___TmCnafkcRO4lvgytD0b8,"Le Cave has a casual and comfortable atmosphere. The seafood is very good, and the prices are reasonable. The service is friendly and fast. It has become a favorite restaurant on my list.",5,2023-12-23T22:16:51.739774Z,2 years ago
ChIJ___TmCnafkcRO4lvgytD0b8,"Honestly, as a Venetian, one of the best places for an informal dinner with friends in Padua, good quality and honest pricing . I'll be back!",4,2022-05-31T21:07:10.651312Z,4 years ago
ChIJ___TmCnafkcRO4lvgytD0b8,We had a nice dinner. Fish!,5,2022-04-26T21:24:51.579593Z,4 years ago
ChIJ___TmCnafkcRO4lvgytD0b8,"A bit expensive, but seafood was good.",4,2020-11-29T21:01:43.133673Z,5 years ago
ChIJ___TmCnafkcRO4lvgytD0b8,Simple authentic Italian cuisine,3,2019-10-15T12:27:50.473275Z,6 years ago
ChIJ_aCgVVbafkcR41roqUQj1BM,"We loved this place, we sat outside and found the food to be lovely. Really nice steak and the sauce on the meatballs was amazing. The tiramisu is a must",5,2026-04-30T21:07:57.890172754Z,3 months ago
ChIJ_aCgVVbafkcR41roqUQj1BM,"This was my favorite dinner in Italy! It's a small, homey place so be sure to get reservations. The staff was so kind and helped us to learn some Italian during dinner. And the food was OUTSTANDING. Highly recommend the hummus as a starter. We had the duck ragu pasta and the octopus/shrimp pasta and both were so flavorful and the pasta was (of course) perfectly al dente. Oh and the wine by the glass list was great!",5,2026-03-18T21:33:28.496662093Z,5 months ago
ChIJ_aCgVVbafkcR41roqUQj1BM,"Highly recommend, we spent an amazing evening there! Actually, I would even say it was the best restaurant on our 5 cities trip. Antipasti - must to take all of them to try. Pasta was delicious as well. Staff was friendly and I felt like a guest at my friend's mom house.",5,2026-04-21T08:47:35.195865818Z,4 months ago
ChIJ_aCgVVbafkcR41roqUQj1BM,A good cosy place for authentic dishes. We had the Tartare Eccentrica - a dish made from fresh beef and the vegetarian Sformato verdure e montasio and Dolce del giorno. All quality dishes freshly and delicately prepared.,5,2026-04-06T20:32:17.997440918Z,4 months ago
ChIJ_aCgVVbafkcR41roqUQj1BM,Truly authentic Italian cuisine! Fantastic food and wine with a lovely atmosphere. The crostata with figs and vanilla gelato was absolutely out of this world. Highly recommend for anyone who loves genuine Italian flavours.,5,2025-08-22T21:16:59.828660924Z,a year ago
ChIJ_cLcP8TYfkcRxV09NBiGpvg,"Nice and varied menu, great food and right prices for the size of portions offered, and the service is delightful!

We organized a lunch for 12 clients, and the staff has been super accommodating in waiting for the golfers finishing their tee times. Knowing our choices beforehand, they served all of us exactly at the planned time.

Beautiful room with A/C looking at the golf course. Thank you, we'll surely bring our clients again. Flavio",5,2024-07-31T18:55:32.774161Z,2 years ago
ChIJ_cLcP8TYfkcRxV09NBiGpvg,"The atmosphere is very nice in the evening and the place looks clean. In our group of 10, 4 of us ordered carbonara. One of the ten people in our group got their carbonara like 20 minutes before the others’ food arrived. Most of the dishes were cold when they arrived, the carbonara was very oversalted and tasted like a bad mac’n’cheese moved directly from a can or something. The starters were all right though and most importantly, warm when they arrived.

The food on the pictures of the google location does not match the quality or menu of the place.",2,2026-04-03T15:17:59.997991404Z,4 months ago
ChIJ_cLcP8TYfkcRxV09NBiGpvg,Food cold and totally over salted. The restaurant used to have a Michelin recommended restaurant inside but it changed. The sticker at the entrance has been left on and now it’s just a very bad place to eat at. Definitely avoid. At least the water was good…,1,2025-10-10T18:56:26.238721963Z,10 months ago
ChIJ_cLcP8TYfkcRxV09NBiGpvg,The pasta carbonara was cold and super salty. The sauce seemed like a prepackaged mac&cheese. The waitress just ignored us when we wanted to pay. Definitely not a Michelin recommendation,1,2025-10-10T19:05:33.709087789Z,10 months ago
ChIJ_cLcP8TYfkcRxV09NBiGpvg,Top,5,2019-07-07T09:49:48.606114Z,7 years ago
ChIJ_eJp5n7bfkcR9LeZrxRo5T8,"Ho ordinato una box da 24 pezzi con consegna a casa. Box varia e buonissima, rider molto veloce! È stata una piacevole sorpresa",5,2026-03-23T07:30:18.605570772Z,5 months ago
ChIJ_eJp5n7bfkcR9LeZrxRo5T8,"I risked my life to eat these 8 pieces of ""rainbow"" sushi. The rice wasn't fully cooked, like risotto, but remember, this is sushi, not raw rice. For €12.50, I'd rather just eat supermarket food.",2,2024-10-25T17:13:17.933932Z,a year ago
ChIJ_eJp5n7bfkcR9LeZrxRo5T8,"I had a problem with the order I placed online. I was left without dinner and no refund. An employee, ""Paolo,"" promised me a refund on my account, but that never happened. After nine days, Marco, an employee at the Piazza Mazzini store, learned of my situation and was very helpful and kind. I finally had a good dinner today after nine days, with a small portion more than I paid for. I commend Marco's professionalism; if it weren't for him, we would have had a terrible experience.",3,2024-05-07T18:57:44.457443Z,2 years ago
ChIJ_eJp5n7bfkcR9LeZrxRo5T8,"There was very little fish in the sushi, almost only rice",1,2025-10-13T19:01:30.024273996Z,10 months ago
ChIJ_eJp5n7bfkcR9LeZrxRo5T8,"After placing my order online, since nothing arrived in the expected time, I called an operator: ""Yes, we'll fix it right away,"" and I never received the food.
I read another similar review; not recommended!",1,2024-09-07T18:15:11.551394Z,a year ago
ChIJ_yEvTl3afkcR2b8jOrg4xAU,"We got off at the metro station and wanted to have lunch, so we found this restaurant right across from the station. My brother ordered a doner, while I had doner rice, which wasn't that great. However, the price was reasonable!",3,2025-02-09T16:02:46.435123Z,a year ago
ChIJ_yEvTl3afkcR2b8jOrg4xAU,"After a day of studying we really needed a kebab at a good price, for just 5 euros I managed to get a good kebab piadina!",4,2023-11-26T12:26:45.964907Z,2 years ago
ChIJ_yEvTl3afkcR2b8jOrg4xAU,excellent value for money. the portion is big enough,4,2026-05-03T15:28:29.165935119Z,3 months ago
ChIJ_yEvTl3afkcR2b8jOrg4xAU,"Good food, great kebab and quick service.",5,2026-05-03T15:28:19.419808184Z,3 months ago
ChIJ_yEvTl3afkcR2b8jOrg4xAU,"My kebab was alive 5 minutes ago…

Raw meat. It was unedible and I had to cook it in the pan. Also quite unhygienic, the man was cutting the bread Paninis over a dirty table with not very clean looking hands. Wouldn’t repeat.",1,2025-10-16T21:19:01.455456342Z,10 months ago
ChIJa6Ts1k7afkcRPkDMIAADpLk,Refused foreign people. I knocked twice and was refused entry. I was polite and British. The woman stated this is a members only restaurant,1,2025-06-24T18:51:10.517011783Z,a year ago
ChIJa6Ts1k7afkcRPkDMIAADpLk,guest house.  i like this place,5,2017-01-20T20:24:49.993Z,9 years ago
ChIJa6Ts1k7afkcRPkDMIAADpLk,Best beef in Padova,5,2024-02-04T16:45:46.502682Z,2 years ago
ChIJa6Ts1k7afkcRPkDMIAADpLk,Always fantastic!,5,2022-01-10T10:02:53.000202Z,4 years ago
ChIJa6Ts1k7afkcRPkDMIAADpLk,I love this place,5,2022-04-23T11:32:59.154618Z,4 years ago
ChIJa6oIzpvbfkcRtgsc2ijQtVM,"Locale bello e moderno. Stile molto europeo, diverso dalle solite enoteche. Un applauso speciale per il menù creativo, sia come proposta, che come il design. Ragazzi giovani e appassionati della cucina e dei vini. Bravissimi.",5,2026-08-25T14:14:12.495105819Z,in the last week
ChIJa6oIzpvbfkcRtgsc2ijQtVM,"A pleasant discovery in the heart of Padua. Elettrico offers contemporary, creative, and never boring cuisine, with dishes carefully crafted both in presentation and pairings. The carefully selected ingredients and the wine list are also noteworthy, perfectly complementing the cuisine.
The modern and pleasant atmosphere is ideal for a romantic dinner or an evening with friends. The attentive, helpful, and highly professional service deserves special mention.
I recommend this restaurant to anyone looking for something different from the classic Paduan fare and who appreciates cuisine with personality. Seating is both inside and on the beautiful outdoor patio, also open for lunch. The drinks are also excellent and sophisticated, making for a pleasant after-dinner treat. Prices are moderate.",5,2026-08-23T20:11:51.302221709Z,in the last week
ChIJa6oIzpvbfkcRtgsc2ijQtVM,"This is the second time we've dined at Elettrico, and we've always been very satisfied. The place is run by young, very kind, and knowledgeable people. The wine cellar is well-stocked, and we applaud the chef and the originality of his food pairings. All this at a truly unique value! We'll be back soon for lunch or just an aperitif.
Well done, guys!",5,2026-08-22T13:16:46.388333298Z,in the last week
ChIJa6oIzpvbfkcRtgsc2ijQtVM,"We booked with The Fork.
The restaurant is run by young people with a lot of enthusiasm and a desire to challenge themselves in the restaurant world.
Refined dishes and winning combinations.
Recommended!",5,2026-08-21T12:50:54.521148604Z,in the last week
ChIJaRh7L9HafkcRMVo5XPrNdWo,Gyros are nice and filling. Awesome option for a mid day meal or late night post drink snack,4,2026-07-12T14:06:06.533625829Z,a month ago
ChIJaRh7L9HafkcRMVo5XPrNdWo,So good! The gyro plug you didn’t know you needed. Super fast service - Already planning my return 5/5,5,2026-03-03T18:58:29.180146887Z,5 months ago
ChIJaRh7L9HafkcRMVo5XPrNdWo,SO FREAKING GOOD!!!!! I can't even begin to explain my love for these gyros!! Very patient staff especially with drunk uni students showing up.,5,2022-12-06T10:47:41.511216Z,3 years ago
ChIJaRh7L9HafkcRMVo5XPrNdWo,Fast gyros costing 6.50 euros. It was good and perfect for a late night snack.,5,2024-04-26T13:14:07.640222Z,2 years ago
ChIJaRh7L9HafkcRMVo5XPrNdWo,Best place in Padova. Well served!,5,2025-10-06T18:14:11.417483414Z,10 months ago
ChIJaZZ7r5zbfkcROAX_ZJv6Qz8,It’s one of the best poke places in Padova but sometimes their raw salmon is not fresh. But in general the portion is good and they’re quick.,4,2025-03-04T19:26:46.259463Z,a year ago
ChIJaZZ7r5zbfkcROAX_ZJv6Qz8,The chicken wrap was prepared splendidly with a great consideration to the portion size and contents! The atmosphere and wonderful service made the experience very enjoyable☺️☺️,5,2026-06-05T21:05:03.605914446Z,2 months ago
ChIJaZZ7r5zbfkcROAX_ZJv6Qz8,"You can compose your own plant-based poke bowl by choosing from various types of rice, vegetables and vegan proteins such as tofu and “almost chicken” 🌿🐣
I appreciate their creativity in offering also a customisable cold soup! Since I’m not a big fan of the original poke, I opted for this thick and creamy fresh soup: it was satiating and healthy ☺️🌮
You can have your meal inside or outside, the staff is friendly and the cutlery is eco-friendly ♻️✨",5,2023-06-17T13:21:41.250310Z,3 years ago
ChIJaZZ7r5zbfkcROAX_ZJv6Qz8,"They have a selection including vegan and gluten-free options, which is always a huge plus. Beyond their fantastic poke bowls, they also offer fruit bowls, tortilla bowls, and other delicious choices, so there's something for everyone.
The service was lovely, and the environment was bright and pleasant.",4,2025-07-12T15:48:27.196690548Z,a year ago
ChIJaZZ7r5zbfkcROAX_ZJv6Qz8,"We prepared our own mix of poke and it was delicious.

The place is nice and colourful, they have tables outside too.

We preferred to take one  big portion of  poke for 2 people as take away. And it was enough as a lunch.

I recommend to not order the chips with chicken and mais. It was not worth it I think.

I think a pistacchio gelato from Gelatoria Portogallo would be much better choice for this price.",4,2025-04-01T20:54:11.446202Z,a year ago
ChIJa_2C_vTbfkcR-oo9NNvTgyw,loved their mojitos. excellent food if you are tired of paninis & prosciuto. amazing wings and hamburguers. Excellent value for money,5,2018-09-12T22:43:43.276863Z,7 years ago
ChIJa_2C_vTbfkcR-oo9NNvTgyw,"The best: the gentile service. Small place but cute deco inside. Also, outside there is a comfy couch to sit. I think is perfect for aperitivo with a small bite of food. I asked for a coffee cocktail that was super good. The cocktails came with free nachos.",5,2023-08-19T22:49:23.371185Z,3 years ago
ChIJa_2C_vTbfkcR-oo9NNvTgyw,"Amazing little Argentinian pub, selling good quality drinks and food at excellent prices and very welcoming people",5,2025-11-07T22:23:38.336564645Z,9 months ago
ChIJa_2C_vTbfkcR-oo9NNvTgyw,They served amazing strawberry mojito 🍓 🧃,5,2023-08-19T12:26:54.141301Z,3 years ago
ChIJa_2C_vTbfkcR-oo9NNvTgyw,"Best restaurant around!! The mojitos are perfectly made and very fresh, the nachos, wings, and burgers are delicious, and the atmosphere will make you want to hang out all night. And the owners are the cutest family!",5,2019-02-21T15:54:49.342044Z,7 years ago
ChIJazNdM2fRfkcR-fYzJicKZjc,"the new renovation is very nice. And the food Is very fresh ,such a good place to eat with everyone 🌞",5,2024-12-05T13:38:30.082296Z,a year ago
ChIJazNdM2fRfkcR-fYzJicKZjc,"Food good, obviously more choice in the evening as like most Chinese restaurants,  all you can eat. However,  service is good and the staff are very quick and friendly.",4,2022-05-25T06:40:38.631690Z,4 years ago
ChIJazNdM2fRfkcR-fYzJicKZjc,Top,5,2025-02-14T20:45:23.290752Z,a year ago
ChIJazNdM2fRfkcR-fYzJicKZjc,Super,5,2019-09-15T17:51:57.813392Z,6 years ago
ChIJazNdM2fRfkcR-fYzJicKZjc,"First time here, the restaurant is very welcoming with waitresses always very kind and helpful. The sushi is high quality and made with very fresh ingredients. The first and second courses are very good. The price is very fair for the quality. I will definitely be back.",5,2026-06-06T16:52:24.513192977Z,2 months ago
ChIJb20ghlTZfkcR8ZvsrnRS7zo,"Worse sushi in region.  If you know anything about sushi, you will stay away. The place is nicely decorated and that is about the only good thing you can say.  Rolls are pitiful and bad, raw materials are the cheapest and service is rushed and bad which doesn’t surprise me given the lack of personnel  for a large place.  This was my first and last time here.  Popular today.  Seems to be a sleek place where children.",1,2024-02-14T13:52:45.429173Z,2 years ago
ChIJb20ghlTZfkcR8ZvsrnRS7zo,"Great selection and quality. Staff really nice too! Been home for a week and went 3 times, that’s tells you all. Be back for sure when back in Italy",5,2023-02-12T14:04:10.251057Z,3 years ago
ChIJb20ghlTZfkcR8ZvsrnRS7zo,"Very good Restaurant.
Yuan Sushi Revolution
There are every Parsons very smart and good  Friendly",5,2023-01-26T18:39:03.547051Z,3 years ago
ChIJb20ghlTZfkcR8ZvsrnRS7zo,Good choice and really tasty,5,2024-08-16T21:15:59.242558Z,2 years ago
ChIJb20ghlTZfkcR8ZvsrnRS7zo,Take away super!!!,5,2023-01-23T19:26:08.407818Z,3 years ago
ChIJb4Ptv0_afkcRfNweT65ZggQ,"I went there for a sweet snack break around 16:30, it was chill and the staff pretty welcoming. The ginseng caffé is pure magic while the cherry cake (gluten-free) went well with it. I will definitely try again on my next stop to Turino!",5,2025-06-27T20:26:10.581554243Z,a year ago
ChIJb4Ptv0_afkcRfNweT65ZggQ,GOOD and FAST SERVICE. Nice choice of SAUCES. SOGGY FRENCH FRIES.  RECOMMEND for a Fats snack,3,2022-04-20T13:01:17.607728Z,4 years ago
ChIJb4Ptv0_afkcRfNweT65ZggQ,"it tasted good, but it was a bit heavy. If you want to have potatoes, my recommendation is to get a small one",4,2025-04-25T21:08:06.589099Z,a year ago
ChIJb4Ptv0_afkcRfNweT65ZggQ,Best fries and satisfying medium cooked bacon burger!,5,2022-04-28T16:17:01.726295Z,4 years ago
ChIJb4Ptv0_afkcRfNweT65ZggQ,"Nice place for a quick bite of fat. French fries 🍟 are good, but the hamburgers 🍔 seems better. There are like 10 types of sauces you can choose from but they will add the cost in the bill. There is no tables inside but there are some high chairs to eat beside the walls.",4,2021-10-26T06:36:31.919861Z,4 years ago
ChIJb8FQgHS4fkcRMWrbSmuqSyE,"It is genuinely inexplicable to us how this restaurant holds 2 Michelin stars.

The space itself is modern and well designed, clearly popular with locals, and surrounded by expensive cars—expectations were high. Unfortunately, the food did not come close to meeting them.

The service felt rushed from start to finish. The entire meal lasted about 2.5 hours, when a 2-star tasting menu should unfold over at least 3 hours. Several dishes suffered from basic execution issues:
•	Three dishes were noticeably too salty
•	Multiple cold dishes were served on hot plates
•	Temperature control throughout was inconsistent

Most importantly, not a single dish was remarkable. None. That is unheard of at this level.

To put this in context:
•	A 2-star restaurant like La Peca delivered six memorable dishes.
•	Venissa (1 star) delivered four.
•	Seafood restaurants we deeply admire—Pepe Vieira, Gueyu Mar, Elkano, Campero—some without stars, deliver far superior flavor and product.
•	Other 2-star references such as The Smoked Room (Madrid), Coquillage, Anne de Bretagne, and Christophe Hay are consistently excellent.

Here, you see good ingredients, attractive sauces, and beautiful presentation—but the taste simply does not match the visuals or the reputation. Expectations shaped by extensive dining across Europe and Asia were repeatedly unmet.

Core issues:
•	Temperature control
•	Salt imbalance (too much or too little)
•	Lack of depth, umami, and creativity
•	Rushed pacing

The wine selection was good, though not a precise pairing—still, it was one of the better aspects of the experience.

Overall, this was a deeply disappointing meal and entirely inconsistent with what one expects from a restaurant holding two Michelin stars.",3,2025-12-24T19:45:11.018620099Z,8 months ago
ChIJb8FQgHS4fkcRMWrbSmuqSyE,It would have been a satisfying over all experience if it weren’t for the long waiting time in between every dish.It took us almost 5.5 hours to eat.We felt bad for our driver waiting outside so we decided to skip the dessert(and i have a sweet tooth so imagine my heart ache when we had to make this decision).Food is undeniably good.,3,2025-02-26T17:22:12.900257Z,a year ago
ChIJb8FQgHS4fkcRMWrbSmuqSyE,"Did 1 star last week and here we were trying a 2 star restaurant, and the experience was fantastic.  Definitely there were subtle differences between the two restaurants.

FOOD: We're ordered the lunch special (3 dishes) and two dishes from the ala carte menu. Of course, before the meal, they prepared welcome dishes to jump start our taste buds. Every bite sized snacks were fantastic and then the warm homemade bread showed up. It was fun sampling these dishes. The main course was fantastic. Lunch menu had an appetizer (seafood sampler), pasta, and the main (grilled sea bass). Tasted great and pleasantly presented. We also ordered seafood pasta and raw fish stew from the menu. I was wondering how you could have raw stew, but they pour the stew/sauce over the fish. Great idea and tasted great. We liked the sauce so much that we scrapped the bowl with the bread. And then the meal ended with their desert samples. Not too sweet and a perfect way to finish the meal.
SERVICE: Fantastic. They were quick with the meal and explained each dish. very friendly and definitely two star worthy. Little over two hours and never felt slow or rushed.
LOCATION: Easy to find. On the main street and plenty of parking.  Also,  inside is big and tables are well spaced out.
PRICE: It's two star. So, not cheap but it's for the meal and the experience. I thought it was worth the price. Meal and drinks (one glass of wine and coffee) were about €170.
MISC: not an expert but I noticed that the service and the presentation were slightly more noticeable (to me) than a one star restaurant. I definitely recommend this two star restaurant and you are looking for a two star restaurant in Veneto",5,2021-02-21T11:04:17.292849Z,5 years ago
ChIJb8FQgHS4fkcRMWrbSmuqSyE,"One of my best meals in Italy when I visited in 2016. The Pastry Chef here was voted #1 in Italy in 2016 and wow it was obvious when we got to the dessert courses! The flavors of the whole meal were incredible, the ambiance was relaxing and intimate. So much attention to detail in every course and an excellent staff! Very knowledgeable and friendly. The Sommelier was great and helped me to pick the perfect wine for my meal at the peak age. I would love to come back some day and very much hope that I can. The pictures don't do it justice! Thank you for a wonderful Birthday Dinner to everyone at Antica Osteria da Cera",5,2017-07-15T19:06:37.266Z,9 years ago
ChIJb8FQgHS4fkcRMWrbSmuqSyE,"Literally the best seafood I've ever had, the fact that every course was a different crustacean or fish cooked in a different manner showed the skill involved into creating the dishes.   Nice atmosphere, service and excellently paced it is well worth their Michelin rating.  Since it's so out of the way they also offer private taxi at a reasonable rate so if you're staying in Venice (if you are a visitor like me) you're not getting mauled by taxi costs as I finished my meal around 12:30ish.",5,2017-05-29T11:20:58.732Z,9 years ago
ChIJb8FoYPjafkcR8MxYe1zIw_Y,"My husband and I arrived  in Padua this morning. Wandered out of the tourist area looking for a little restaurant. Hit the jackpot! Gnocchi was hot and tasty, pizza was top of the line and tagliatelle with shrimp was superb. I know it sounds like a lot of food for lunch however, my husband could not decide between the pizza and shrimp pasta!
Lots of locals coming in and out., Great service, reasonable price.",5,2026-04-15T14:27:01.357976785Z,4 months ago
ChIJb8FoYPjafkcR8MxYe1zIw_Y,"Ristorante Ariston is a casual restaurant with good food to decent prices. The pasta (gnocchi bolognese) was hot and tasted great. The swordfish carpaccio (smoked, not raw) was good - nothing fancy. Put vinegar, oil and salt&pepper over the salad. The torta de la Nonna was also ok.   Unfortunately, they didn't have tiramisu anymore. They also habe pizza.
The service was really very friendly and fast, and the athmosphere was very nice - real Italian. There were no other tourists - we were the only foreigners.
I can recommend Ariston if you want a real Italian and casual restaurant with good food (nothing fancy) and decent prices.",5,2024-04-18T06:44:51.815414Z,2 years ago
ChIJb8FoYPjafkcR8MxYe1zIw_Y,"A great restaurant close to the centre of Padua (near the hospital area) with all the classics, prepared traditionally and available late into the evenings. Being rather gifted in the appetite department (honestly, I had a long journey, ok), I went for a double main: lasagna bolognese and Siciliano pizza. Both very extremely clean yet rich in flavour. Great ambiance, tentative staff, and good value for money. Highly recommend! Pro tip: takeaway options available but I didn’t explore that.",5,2022-05-22T21:12:29.416648Z,4 years ago
ChIJb8FoYPjafkcR8MxYe1zIw_Y,They have a fantastic service (I come back 2 times) and a good food and wine for fair price,5,2023-05-02T19:36:15.379907Z,3 years ago
ChIJb8FoYPjafkcR8MxYe1zIw_Y,Visited for inch it was 3 of us. The place is very pleasant looking and clean. Unfortunately the service was extremely disappointing. Our waiter was not inviting and made us feel very unwelcome. He was very friendly to the other tables around us and brought them bread and breadsticks while coming to check on them. He did not do the same for us. It took forever to get the check. If you are a tourist I would suggest you bypass this place. Many other places in the city which are welcoming and have good food.,2,2023-10-30T17:53:18.345444Z,2 years ago
ChIJbQsuIf7afkcR5YFx_-tz65E,"I’ve been visiting this pub on a weekly basis, and it has become one of my absolute favorites. The atmosphere is always pleasant and welcoming, and the staff are consistently kind and friendly. The food is very good every time, and I always enjoy my visits here. Overall, it’s a great place that I truly like and highly recommend.",5,2025-11-30T18:13:13.306421021Z,8 months ago
ChIJbQsuIf7afkcR5YFx_-tz65E,"What a nice experience it was. I chose ""Da Carre"" based solely on reviews as I did not have anyone in a position to suggest a place in Padua.
The pub was packed - mid-week, on a Wednesday evening - and the menu, for both beers and food, was more than satisfactory.
Our waitress was helpful and quite nice and the food we ordered could have served a battalion. Prices entirely on the acceptable side, and the evening passed in a lovely way.",4,2024-10-10T16:17:02.585362Z,a year ago
ChIJbQsuIf7afkcR5YFx_-tz65E,"Good variety of beers. Comes in two sizes: medium and big. The big one is really big actually. They also come or with patatine or popcorn. They have also food like piadina, focaccia, sandwich, etc. Tables outside are nice with a wood vibe.",4,2022-05-10T21:22:15.203702Z,4 years ago
ChIJbQsuIf7afkcR5YFx_-tz65E,Great selection of beers. Cosy atmosphere both inside and out regardless of the season. If you like IPA or guest British beers it's a good place to go.,5,2023-02-15T22:12:42.966912Z,3 years ago
ChIJbQsuIf7afkcR5YFx_-tz65E,A nice place to have a beer which is not in the pedestrian area. The selection rotates and is quite interesting (although ales are served far too cold!),4,2017-12-28T18:14:05.701Z,8 years ago
ChIJbXgq4arbfkcRYnT3FsI9cow,Excellent coffee and toast. Strongly recomend ❤️,5,2026-05-26T05:23:15.480867653Z,3 months ago
ChIJbXgq4arbfkcRYnT3FsI9cow,"it's the sixth time that i was there, If you want to have a good meal, don’t go on holidays because the quality drops significantly
You’ll have to wait at least 30 minutes just for someone to take your order, and then another 40 minutes minimum for your food to arrive",3,2025-07-08T10:46:28.082631001Z,a year ago
ChIJbXgq4arbfkcRYnT3FsI9cow,Very friendly atmosphere and good coffee!,5,2025-05-27T10:52:06.812595Z,a year ago
ChIJbXgq4arbfkcRYnT3FsI9cow,Had a great coffee and a bresaola sandwich every day.,5,2025-05-31T08:44:07.091920Z,a year ago
ChIJbXgq4arbfkcRYnT3FsI9cow,Nice cappuccino,5,2026-06-12T08:33:27.774245376Z,2 months ago
ChIJbffCEwDbfkcRyqU2IKl2G8Y,"I was disappointed today. I ordered the prawn pizza, which was topped with shredded cabbage — something I initially mistook for shredded cheese. Unfortunately, it had very strange taste and smell and I had to throw away the pizza. I was quite disappointed and surprised at the same time, as I've never seen cabbage used as a pizza topping before..:(((((",3,2025-10-25T16:38:26.239676229Z,10 months ago
ChIJbffCEwDbfkcRyqU2IKl2G8Y,Very friendly personal and delicious Pizza….,5,2026-03-04T14:08:46.507695508Z,5 months ago
ChIJbffCEwDbfkcRyqU2IKl2G8Y,"Good pizza, good service, thank you!",5,2025-10-28T16:45:06.132294824Z,10 months ago
ChIJbffCEwDbfkcRyqU2IKl2G8Y,Respect,5,2025-10-26T14:02:53.554099933Z,10 months ago
ChIJbffCEwDbfkcRyqU2IKl2G8Y,Perfect for a quick snack.,5,2026-08-12T16:46:06.922909692Z,a week ago
ChIJbyZkERzZfkcR8yBsaq_BXxo,"The staff is incredibly kind and always friendly!
The dishes are perfect, with fresh ingredients and fish. The prices are very low.
Highly recommended!",5,2025-05-21T18:58:39.627242Z,a year ago
ChIJbyZkERzZfkcR8yBsaq_BXxo,"This was our first time ordering takeout from this restaurant and we had a great time!
The food was all delicious, from the cooked dishes to the raw ones. We were very satisfied, we will definitely be back and will recommend it to everyone!",5,2025-05-17T13:21:06.581721Z,a year ago
ChIJbyZkERzZfkcR8yBsaq_BXxo,"Saturday night dinner was TOP!!!
We called to order and they WhatsApped us the menu, and we placed the order via WhatsApp!
We had two Japanese dishes and three Chinese dishes, all takeout.
Everything was delicious, they were on time, and the prices were fair!
Well done guys!
Highly recommended!",5,2025-07-27T16:52:15.230932978Z,a year ago
ChIJbyZkERzZfkcR8yBsaq_BXxo,I'm really sorry to give it a three star rating overall... because the guy at the counter was very kind... but unfortunately the quality isn't the best... the pieces are too big and everything breaks... I understand that they offer significant discounts... but halve the discount and give a little more quality... I'm sorry,3,2025-08-13T18:05:45.286751029Z,a year ago
ChIJbyZkERzZfkcR8yBsaq_BXxo,"Abbiamo provato diversi piatti della cucina cinese ed era tutto buonissimo, dai ravioli al pollo. Le porzioni sono belle abbondanti, quindi proporzione con il prezzo veramente buona.
Torneremo sicuramente spesso!",5,2025-08-11T17:10:41.216576789Z,a year ago
ChIJc2tvVNzbfkcRCClcs0cyhmA,"Impressed with how badly sushi could be made. The flavors were dull, the tuna tasted like the lowest grade available, and the heavy emulsions and sauces seemed more like an attempt to mask the fish rather than enhance it. I ordered a €50 mixed box and was very disappointed with the quality for the price.

On a side note, it was surprising (and not in a good way) to learn that even the amount of soy sauce given was strictly limited.

Definitely not an experience I would recommend.",2,2025-09-04T18:31:48.633832016Z,11 months ago
ChIJc2tvVNzbfkcRCClcs0cyhmA,"Worst sushi I’ve ever had in my life. Poor food quality. Gyozas were like those cheap pre-made ones you find in any supermarket. Edamame were overcooked. The rice of the sushi was dry, fish didn’t taste fresh. Won’t recommend.",1,2025-11-01T18:47:12.468956013Z,9 months ago
ChIJc2tvVNzbfkcRCClcs0cyhmA,"got the poke and onigiri, Delicious! ingredients were fresh, very Tasty and rice was cooked Perfectly. Service was more than 10/10.

p.s. the onigiri. WOW. never tasted such delish and packed with full of filling on the inside here in italy. it normally is only rice ugh. THIS ONE IS JUST WOW.",5,2025-04-17T18:32:16.743834Z,a year ago
ChIJc2tvVNzbfkcRCClcs0cyhmA,"I ordered a takeout mix with vegan salmon, it was amazing! I've been vegetarian for several years and haven't had the classic fish sushi since, so this is a great alternative. I hope to return soon and maybe even have lunch there, which I found very welcoming. 😊",5,2026-04-25T12:53:19.671950082Z,4 months ago
ChIJc2tvVNzbfkcRCClcs0cyhmA,"Best poke I've ever had: the portions are generous, the tempura hot and crispy, and the ingredients are quality.
The prices are also slightly lower than typical poke chains. Highly recommended!",5,2026-02-07T19:44:08.584633506Z,6 months ago
ChIJc34OU1HafkcRNil1puEkTg8,"Phenomenal food and wine! Great service and great atmosphere. We enjoyed every minute of it and all 3 courses. Highly recommended!

Unfortunately didn't take many photos, but that's just means that we will have to come back 😎",5,2026-04-03T18:14:32.924940836Z,4 months ago
ChIJc34OU1HafkcRNil1puEkTg8,"This place smelled so good! My girlfriend and I went just for tiramisu lol but the pastas all around us looked so good. We plan to go back next time in Padova for dinner as well.

Servers were kind and funny, everything was clean and the tiramisu was so good. I debated if their tiramisu was better than my own at home. It had a good custard to mascarpone ratio and it was heavy on the coffee which I love. Not too sweet either. I highly recommend this place to anyone looking for a nice dessert or dinner 🙏🏻",5,2026-02-24T21:32:49.314492446Z,6 months ago
ChIJc34OU1HafkcRNil1puEkTg8,"Walking around, I was captured by an incredible smell, thats how i ended up in Frascoli Bacaro.

The meal was incredible, very, very tasty and fresh seafood. The space is also nice, feels a mix of trattoria with old pub.

Very happy with the dessert as well. If you're around Padova, its a mandatory stop for lunch/dinner.",5,2025-10-26T09:44:03.839809885Z,10 months ago
ChIJc34OU1HafkcRNil1puEkTg8,"Went in for 8pm Thursday night supper. Started with tuna tartar, mussels and clams, and boiled octopus. Tar tar was simple and clean, clams and mussels were abundant with good broth, a touch spicy (good heat). Octopus was cooked well if not a bit under seasoned. Served with lemon, oil, and parsley. Nothing a touch of sea salt and lemon couldn't help.
Mains: seared sesame crusted tuna with salad of apples, radicchio, cucumber, and shredded lettuce. Cuttlefish in ink with polenta.  The tuna was exactly as you would expect it complete with ba teriyaki style sauce. Cuttlefish sautéed with ink and possibly garlic? Polenta very simple.     Dessert, fresh biscotti and cream, amaretto semifredo with with caramelized hazelnuts and Amarula  sauce. €170 bottle of wine and 3 spritzers. Would return.",4,2026-06-25T21:38:10.952245107Z,2 months ago
ChIJc34OU1HafkcRNil1puEkTg8,What a great spot for a bite. Service was great. Atmosphere was very nice. Great place for some seafood and pasta. Would love to come back and try other menu items. The primi plates were amazing.,5,2025-09-16T15:48:55.734369176Z,11 months ago
ChIJc4KRSVHafkcRJ94UuOtZI5o,"We found this restaurant through a recommendation from GPT AI and decided to give it a try—and we are very glad we did. The staff was friendly, welcoming, and incredibly fast with both service and food delivery. We ordered the Pizza Marinara and the Pasta Carbonara, and both dishes were absolutely delicious, full of flavor, and prepared with quality ingredients.

The location is also excellent, just a 1–2 minute walk from the Basilica of Saint Anthony, making it a perfect place to enjoy a meal while visiting Padua. Great food, great service, and a convenient location. We would happily return and highly recommend it to anyone looking for a good local restaurant experience.",5,2026-06-08T06:04:24.682693606Z,2 months ago
ChIJc4KRSVHafkcRJ94UuOtZI5o,One of the best pizzas - in my top 10 ever. And the Crema Catalan was delicious. Service super friendly too. Highly recommended!,5,2026-07-25T18:13:30.123137648Z,a month ago
ChIJc4KRSVHafkcRJ94UuOtZI5o,"Worst experience.  Lasagna without meat,  pizza with cheap cheese ((( I want my 40e back 😫  This Destroyed our mood from great Padova!",1,2026-07-02T12:36:33.538547258Z,a month ago
ChIJc4KRSVHafkcRJ94UuOtZI5o,"It was a great restaurant, when we saw an entry we thought it looks much more expensive, the food was great - pizza and deserts, waiters were very nice",5,2026-05-15T20:57:28.766030334Z,3 months ago
ChIJc4KRSVHafkcRJ94UuOtZI5o,"Fantastic restaurant! Al Santo offers delicious, authentic pizzas with fresh toppings. Friendly, attentive staff create a warm atmosphere. Highly recommend for an unforgettable dining experience in Padova.",5,2025-09-26T22:13:52.054357204Z,11 months ago
ChIJcUe4zhfbfkcRuMjuq3X4X8A,"Amazing pizza and Riccardo from service was the nicest person on the planet.
Totally recommend, we will be back!
Grazie a tutti!",5,2024-08-18T21:12:52.402613Z,2 years ago
ChIJcUe4zhfbfkcRuMjuq3X4X8A,"Probably the best pizza I ve ever had
Was really skeptical about it because I rarely like pizza but this was like eating clouds
People around me had callamari and they were excellent
I would recommend 100%
Just try this instead of anything else and you ll get convinced by it
Everything our table had was perfect
Service was so nice and patiently because we couldn’t decide and they explained everything in English ❤️❤️❤️",5,2024-08-18T20:32:23.273453Z,2 years ago
ChIJcUe4zhfbfkcRuMjuq3X4X8A,"Super busy, book in advance",5,2025-04-19T04:39:33.117846Z,a year ago
ChIJcUe4zhfbfkcRuMjuq3X4X8A,Keeps the good working,4,2025-05-15T06:48:31.012517Z,a year ago
ChIJcUe4zhfbfkcRuMjuq3X4X8A,"Authentic Neapolitan pizza in Padua! The dough is incredible: soft, light, and super digestible. The desserts are exceptional, and the staff is truly friendly. I'll definitely be back!",5,2026-07-25T11:20:39.127585426Z,a month ago
ChIJcWVNMl_bfkcRXTNO-ITi8z0,Trash pizzas and bad service i wanted 2 familiar pizzas and they bought me 2 normal pizzas in big boxes saying they were family pizzas,1,2025-10-11T22:10:24.609178627Z,10 months ago
ChIJcWVNMl_bfkcRXTNO-ITi8z0,"Very good Kebab, very good discounts, just call. Very friendly staff",5,2025-07-16T23:22:35.233183428Z,a year ago
ChIJcWVNMl_bfkcRXTNO-ITi8z0,"When you call you get good discounts. Make chit chat, they are friendly.",5,2025-07-16T23:25:52.611777290Z,a year ago
ChIJcWVNMl_bfkcRXTNO-ITi8z0,"Pizza kebab is very good, kebab itself is average",4,2025-08-31T11:02:39.327314729Z,12 months ago
ChIJcWVNMl_bfkcRXTNO-ITi8z0,"Best Halal Food in variety and Fresh, staff is Gentle and Nice,Asian Food point and pizza and make Food by your own order",5,2026-08-18T11:03:32.057858678Z,a week ago
ChIJcX65AM_bfkcRXs5K5Fol9Us,"It was a joy from beginning to end.  We came for a late lunch.  The room was full but the noise was soft.  Waiter guided us through the choices, from a la carte, set and tasting, wine lists or pairing.  He never pushed nor upsold.

The food was both beautiful to look at but also gave us an experience.  Interesting combination of flavors and food combinations.

Wine list both a wide selection.  We opted for local and regional.

Yes, we would come back.  It really helps to come dressed up a bit (a nice collar shirt for men and a summery wear for women).  You will feel that it's an occasion even though it was, like us, a grand lunch treat.",5,2023-09-03T04:42:32.436458Z,2 years ago
ChIJcX65AM_bfkcRXs5K5Fol9Us,"The pizza was delicious, the Aperol spritz was strong and the service was great! Thank you",5,2024-05-20T11:14:28.538835Z,2 years ago
ChIJcX65AM_bfkcRXs5K5Fol9Us,"Terrible food, I found hair in the plate...
We ordered a crisp egg which was described in the menu to come with a melting yoke, aspargus and truffles... The yoke was hard, the aspargus were canned and the truffles were tasteless... I was considering sending it back to the kitchen just for the poor taste when I found a curly hair in the plate.
The other dish was suposed to be pasta with duck ragu... It came with gounded tasteless meat that could be any animal...
Don't waist your time, or your money in this nasty place...",1,2019-06-10T21:22:20.940243Z,7 years ago
ChIJcX65AM_bfkcRXs5K5Fol9Us,Very good food.  Pleasant ambience.  Slightly tourist weary (?) but efficient and thoughtful staff,4,2022-06-24T05:55:07.095185Z,4 years ago
ChIJcX65AM_bfkcRXs5K5Fol9Us,Fantastic!,5,2023-09-20T18:13:16.772709Z,2 years ago
ChIJcXwonjjafkcRlRBuQK-Xe_Y,"I've tried their takeaway service. The food is packed very well. The images of food  in their online menù is exactly what you get.👍👏 They're menu is special and has a vast of selection. Pad thai , bibimbap, and their uramakis are the best for me. They have asian flavor gelato like green tea, rice , rosa, etc. 🤩Good food. Fast delivery and good service.",5,2021-05-24T11:20:59.863056Z,5 years ago
ChIJcXwonjjafkcRlRBuQK-Xe_Y,"good sushi, but for me, as a canadian, i find a bit expensive compared to the prices i get at home.",4,2025-05-24T08:45:31.511393Z,a year ago
ChIJcXwonjjafkcRlRBuQK-Xe_Y,Fabulous Japanese restaurant in padova ! Offers regular Japanese and some creative menu.,5,2021-11-07T13:11:13.787458Z,4 years ago
ChIJcXwonjjafkcRlRBuQK-Xe_Y,Best sushi in Padova. Amazing service and atmosphere,5,2024-01-30T13:11:36.438053Z,2 years ago
ChIJcXwonjjafkcRlRBuQK-Xe_Y,"Are you sure that you know how to make sushi? When I arrived home, the sushis had fallen apart and was stuck together. Don't place an order from here! Worst sushi I have ever had in my life! Bravo!",1,2022-06-26T21:26:40.846364Z,4 years ago
ChIJcYOv3U_afkcRkMVR93RtSZY,"We had an amazing evening at this restaurant. We enjoyed a beautiful Ripassa red wine along with perfectly prepared raw fish and beef. The food was truly outstanding.

The atmosphere is quiet enough to have a comfortable conversation, and the place feels warm and inviting. The staff were absolutely excellent—professional, attentive, and genuinely friendly.

A truly lovely restaurant with GREAT food, fantastic service, and a wonderful ambiance. Highly recommended.",5,2025-12-02T20:59:57.097855725Z,8 months ago
ChIJcYOv3U_afkcRkMVR93RtSZY,"The location is downtown Padova with pay parking nearby. The seafood is locally sourced and fresh. The staff is very professional and do speak English (they also have an English menu).
High-quality seafood restaurant.
Interested wine list.",5,2025-05-10T13:18:47.730647Z,a year ago
ChIJcYOv3U_afkcRkMVR93RtSZY,"In the center, great team, and above all excellent choice of meals and wine.",5,2026-05-14T21:16:54.124636629Z,3 months ago
ChIJcYOv3U_afkcRkMVR93RtSZY,"I rarely review but the service was 10 stars! Such fast and warm professionalism, they genuinely enjoy hosting their patrons and give such good recommendations. The menu has a wonderful range of different dishes from beef and goose to cod and oysters, something to suit everyone.

Traditional and inventive food is very thoughtfully cooked and presented.

But truly, the service was world class and very kind. They deserve all the praise. Thank you for a memorable dinner in Padova.",5,2023-11-18T21:50:57.262807Z,2 years ago
ChIJcYOv3U_afkcRkMVR93RtSZY,"This is a wonderful restaurant with great food and great service.
Very very long wine list.

A bit off the busy tourist square, I highly recommend.

For review,  I could only choose as rating a hotel, but not as a restaurant. It's a restaurant.

I very much recommend this place for dinner.",5,2024-07-31T21:02:56.137875Z,2 years ago
ChIJcYy-2UTafkcRK_k0LGfZA-A,We didn’t want a huge menu and the maître d was kind enough to let us have just a bowl of their superb pasta (followed by an olive oil laced panna cotta which was delicious). He also graced us with a variety of delicious baked breads. This is a class restaurant so you do pay for the food and ambience,5,2025-11-12T15:35:29.998582861Z,9 months ago
ChIJcYy-2UTafkcRK_k0LGfZA-A,Top-notch gastronomic experience. One more proof that people are the key ingredient in hospitality and food & wine business. From the part where the owner made some space for us and found us a table despite being fully booked to the taste of the main dish and desert paired with truly great wine from the Veneto region… it was a pleasure to visit this place in Padova.,5,2024-01-02T22:18:57.700578Z,2 years ago
ChIJcYy-2UTafkcRK_k0LGfZA-A,"Love a lot the tableware in this restaurant, very interesting and creative. The bread are made by themselves, with delicious olive oil serviced on table, I was already extremely satisfied before the meal. The antipasti were very interesting combination of Italian classical with international fusion, all of them were very appetising. Lovely Christmas atmosphere, I couldn't enjoy more as my first meal in Padova.",5,2022-12-11T20:24:45.131077Z,3 years ago
ChIJcYy-2UTafkcRK_k0LGfZA-A,"Simply perfect, from starters to coffee🤩
Service is friendly, smooth.
Environment is everything you need on a relaxing evening out.
Fresh and high-quality ingredients.",5,2026-05-14T16:51:30.264018963Z,3 months ago
ChIJcYy-2UTafkcRK_k0LGfZA-A,Very good ! Original and well balanced ! We enjoyed our dinner very much !,5,2025-11-07T21:06:37.052508386Z,9 months ago
ChIJcb7aZzbFfkcR5ZcyvzQoISI,"Kind staff, good sushi. Nice presentation and interiors.
But slow service and some orders got missed.
Eel nigiri is quite average unfortunately.",4,2025-04-23T15:46:22.034868Z,a year ago
ChIJcb7aZzbFfkcR5ZcyvzQoISI,Good food. Extremely slow service and did not get everything ordered or correct while others came in after our table was served . Over 2 hrs for a lunch with this is unbelievable way to treat customer,1,2022-08-13T12:15:23.350649Z,4 years ago
ChIJcb7aZzbFfkcR5ZcyvzQoISI,"Great service, very fast! I ate all you can eat, very adequate price (17€). Food was fantastic, you could taste it was fresh. Highly recommended!",5,2020-11-18T14:49:00.705541Z,5 years ago
ChIJcb7aZzbFfkcR5ZcyvzQoISI,"The best sushi Restaurant I have ever been, all of them are very kind.  I suggest you going there in the middle of the week, because at the weekend they’re busier and less available than normal.",5,2021-01-28T17:02:28.899883Z,5 years ago
ChIJcb7aZzbFfkcR5ZcyvzQoISI,Always ahead of the curve!!!,5,2021-02-14T19:13:56.092262Z,5 years ago
ChIJcdfL3G_bfkcR5FCN8fo4SOg,The sandwich was delicious. I ordered the “make your own sandwich” and it was tasty. The portions were big so I asked them to cut it in half and it was a meal for two persons. I ate there 2 times and I totally recommend this place!,5,2026-05-08T07:44:40.945635058Z,3 months ago
ChIJcdfL3G_bfkcR5FCN8fo4SOg,"Sandwiches are big and delicious, with fresh ingredients and abundant portions.
The place feels a little cramped and noisy but overall it's worth it.
Recommended.",4,2026-05-16T20:02:28.104047099Z,3 months ago
ChIJcdfL3G_bfkcR5FCN8fo4SOg,"Super tasty ‘via Pignasecca’ prosciutto cotto, mozzarella and dried tomatoes sandwich. Thumbs up. 10x",5,2026-05-24T19:05:59.239321401Z,3 months ago
ChIJcdfL3G_bfkcR5FCN8fo4SOg,"Huge sandwich quality ingredients and friendly staff.
There is halal option Turkey sandwich",5,2026-04-12T13:16:26.015629832Z,4 months ago
ChIJcdfL3G_bfkcR5FCN8fo4SOg,One of best sandviches I have ever eat. Every recommendation,5,2026-03-29T14:47:28.919491672Z,5 months ago
ChIJcfE46A_bfkcRr2lUlKgDiLg,"Having lived in Tunisia for a few years, I can say this place delivers authentic Tunisian food. The Hajja is super nice and friendly and if you can speak Arabic, they enjoy that. I had the couscous - delicious - and salad meshuie, a favorite … roasted peppers and olives.  It’s in an excellent location, too, near the Garden of the Arena",5,2026-06-26T19:22:36.299655856Z,2 months ago
ChIJcfE46A_bfkcRr2lUlKgDiLg,"A nice Restaurant and a very good arabic food. Is near in the City. Portion is good, they have daily öfters and is cheap prices. All food was offered with fries. I like the lamb chops. Thanks, a food Lover.",5,2026-06-04T16:20:47.030713908Z,2 months ago
ChIJcfE46A_bfkcRr2lUlKgDiLg,"Very good food and friendly staff. The rice and desserts in the photos uploaded by others look very delicious, but unfortunately there is no rice or dessert today. So I chose beans, lamb, and bread with a large portion for only 8 €, which is affordable. However, there is no menu and I need to ask the staff to know the dishes for the day.",5,2025-08-02T12:55:48.408490217Z,a year ago
ChIJcfE46A_bfkcRr2lUlKgDiLg,"We ordered lamb, it was just delicious 😋 10/10.",5,2026-07-07T16:05:00.153793542Z,a month ago
ChIJcfE46A_bfkcRr2lUlKgDiLg,"Delicious food with family feel. They were extremely helpful, even though I only spoke English. Would recommend!!",5,2026-06-10T14:31:51.244786934Z,2 months ago
ChIJcy7o5arbfkcRU3HHqteWr5w,"Great atmosphere, feels authentic. Not expencive and very tasty",5,2026-04-27T10:58:54.803648514Z,4 months ago
ChIJcy7o5arbfkcRU3HHqteWr5w,"Very very delicious kebab and the staff is amazing
Like mama or papa cooking dinner for you and you just eat it,no fancy stuff just really food",5,2025-08-23T17:21:31.743426022Z,a year ago
ChIJcy7o5arbfkcRU3HHqteWr5w,super nice plates and atmosphere. really nice staff.,5,2025-05-17T16:37:24.692372Z,a year ago
ChIJcy7o5arbfkcRU3HHqteWr5w,Falafel was delicious,5,2026-02-02T13:14:26.125080784Z,6 months ago
ChIJcy7o5arbfkcRU3HHqteWr5w,"2€ coperta in a kebab shop feels very unreasonable and like a ripp off.
Food was ok, nothing too special",2,2025-08-25T11:53:26.616685693Z,a year ago
ChIJd-HLaPfafkcRHsOB_7jMnAs,"Not sure what more to expect from a kebab place. Decent price, decent quality",4,2026-03-01T14:28:16.123628086Z,5 months ago
ChIJd-HLaPfafkcRHsOB_7jMnAs,"Basically it doesn't have place to sit and eat but you have fair prices and good food, as mostly take out restaurant, quality is nice and offers are fair
you may like try some Middle Eastern and north African food, such those coming from Morroco and you can try it.
overall my experience of eating there for 3 times was good and I enjoyed their recepie, I hope you may also enjoy it too and have a bunch of 5 and 8 Euros offers as they have in their menu.
about personnel, they acted nice and friendly, responsive and clear to the point of order.",4,2023-02-02T12:40:29.678724Z,3 years ago
ChIJd-HLaPfafkcRHsOB_7jMnAs,"very rude people. never I buy again from here. instead go down about 400 meter to get Via Gabriele Falloppio, just cross the street and on the left you will find a real turkish kebab.",1,2024-09-05T14:30:06.857797Z,a year ago
ChIJd-HLaPfafkcRHsOB_7jMnAs,"The kebab piadeni is tasty. The sauce he added, that gives good taste of food. But it is little bit costly for students. I went with my friends, we taken two piazza kebab and one kebab piadeni it's cost us around 25€. But the taste was delicious if the price is also Little bit less then it's awesome. Thank you for your delicious food ""II Re Del Kebab """,5,2022-06-04T10:21:28.410070Z,4 years ago
ChIJd-HLaPfafkcRHsOB_7jMnAs,"The worst pizza ever. Like, literally.",1,2026-06-15T14:55:51.369351989Z,2 months ago
ChIJd4qN-4vcfkcRbj96SHAYhpc,The freshest fish!,5,2019-09-25T03:43:43.371483Z,6 years ago
ChIJd4qN-4vcfkcRbj96SHAYhpc,Super!,5,2019-06-09T10:15:06.435434Z,7 years ago
ChIJd4qN-4vcfkcRbj96SHAYhpc,Super...,4,2022-06-22T20:54:56.300733Z,4 years ago
ChIJd4qN-4vcfkcRbj96SHAYhpc,"I return every chance I get, and it never disappoints.

The raw seafood is spectacular: incredibly fresh fish, impeccable presentation, and quality that's evident at first bite. If you love raw fish, this is one of those places you absolutely must try. It's hard to find such a high standard.

The risotto deserves a special mention. It's freshly prepared, with just the right amount of time, and is perfectly creamed: creamy, flavorful, and cooked just as a true risotto should be. You can tell the kitchen has experience and attention to detail.

The service is also always friendly, professional, and attentive. It's one of those restaurants where you go knowing you'll eat well.

The photos speak for themselves: vibrant colors, incredibly fresh fish, and dishes that make you hungry just looking at them. It's one of those places where what arrives on the table is exactly as beautiful as it looks in the photos... and the taste is even better.

If you want to eat truly fresh fish and enjoy an excellent risotto, Imperetto is a safe choice. Kudos to all the staff, keep up the good work! And... long live raw fish! 🦐🦪🐟",5,2026-08-05T21:07:23.940292971Z,2 weeks ago
ChIJd4qN-4vcfkcRbj96SHAYhpc,"Pleasant business lunch. The place seems unpretentious...but the bill is. Still, the raw fish was of good quality. The portions weren't particularly large... The risotto was very good. The staff were friendly. I'd say €60/person isn't a bad price for a plate of raw fish and a risotto each, water, and two glasses of wine.",4,2026-07-15T20:32:54.384751208Z,a month ago
ChIJdfTuex_bfkcR-7ZldmDjgwQ,"The owner/operator of this place is a very engaging, charming and a perfect host.
The two different items that we purchased were, unfortunately, very cool and not at all hot as they should have been.
Together with a can of the local soda, the price was only €12 which is VERY reasonable and inexpensive.
There is a bench outside the door and aprx 2 people can also sit on the window ledge inside the store.",3,2026-04-19T07:57:50.615578492Z,4 months ago
ChIJdfTuex_bfkcR-7ZldmDjgwQ,"If you want a real sandwich made with care and patience go here. Absolutely delicious. Not only that the guys are super friendly, full of details about sourced ingredients and advice of other great places to go in Padua. Charming just like a Hedgehog.",5,2026-07-14T16:34:54.015901250Z,a month ago
ChIJdfTuex_bfkcR-7ZldmDjgwQ,My experience was truly amazing. Food is delicious and the owner is very welcoming. He makes the bread by himself which gives the food home-made feel. Definitely one of the best sandwiches in my life!!,5,2026-07-08T14:40:34.287824207Z,a month ago
ChIJdfTuex_bfkcR-7ZldmDjgwQ,"Such a cute and cozy place! Ordering when very fast and crew was very friendly (actually very proud of them working there as it is very warm inside).
You can wait for your order on the seats outside and went quickly.
We ordered #2 and #5. I will give 5/5 to #5, it was very taste, was nice to have the potatoes mixed with the meat. #2 we felt it a little dry, so will say 4/5.
Drinks were soooo cold so that is awesome, considering the day was very warm",4,2023-10-06T11:48:34.648750Z,2 years ago
ChIJdfTuex_bfkcR-7ZldmDjgwQ,Excellent experience. The food is absolutely delicious and the owner is a really nice person. We were given so many good advices. Thank you very much !,5,2026-07-21T10:51:39.678188787Z,a month ago
ChIJdxqR22XIfkcR3hkzwGiWIDI,"Very disappointing experience. €25 fixed menu plus €2.50 coperto, not clearly explained.
Vongole were cold and tasteless, calamari and prawns tasted like cheap frozen seafood — nothing felt fresh.
Glasses had a strange taste, the sorbet tasted like detergent, and the restaurant did not feel clean at all.
Service was poor and inattentive, and surprisingly no coffee is served — in Italy.

Overall, low quality food and poor hygiene. Definitely not up to Italian standards.",1,2026-01-04T14:25:46.373841141Z,7 months ago
ChIJdxqR22XIfkcR3hkzwGiWIDI,"The best: the sea food. All types of seed food are highly recommended. I tried the pasta with cozze and pasta alle vongole, and there were all good. Fish of the day grilled is also good. There are 2 types of menus with 2 different prices. From Monday to Friday is cheaper, you can find the basic menu at 15. The weekends are 22 and 25€. Portions are big, actually just one primo or secondo is ok. The attention of the waiter was good. There are tables outside and inside.",5,2023-10-23T10:58:12.609092Z,2 years ago
ChIJdxqR22XIfkcR3hkzwGiWIDI,"We had a very good lunch there in the 1 of January, the food was very tasty. There are different options for set menus. The place is located near Abbazia di Santa Giustina and feels very local and friendly. Tiramisu was fantastic!",5,2024-01-10T21:54:29.749923Z,2 years ago
ChIJdxqR22XIfkcR3hkzwGiWIDI,"The best seafood i have ever eaten , i have tried the menu 25euro another one of 36euros I really recommend",5,2026-03-12T22:11:58.054640599Z,5 months ago
ChIJdxqR22XIfkcR3hkzwGiWIDI,Top,5,2026-03-28T19:04:32.966596887Z,5 months ago
ChIJe--dHQDdfkcRIJDFwCT9DHg,"New ambiance. Very refined and elegant. Only a few tables, so quiet and refined. Excellent for lunch and dinner, whether for business lunches/dinners or elegant gatherings. The young chef is excellent. I recommend booking!",5,2026-01-23T20:58:00.941163286Z,7 months ago
ChIJe--dHQDdfkcRIJDFwCT9DHg,"Business lunch, elegant atmosphere, fixed lunch menu of fish with a choice of two or three dishes, wine, water, and coffee. Very reasonable lunch prices. Carefully prepared, imaginative dishes, good fish. We'll be back.",5,2026-06-19T14:24:30.897627690Z,2 months ago
ChIJe--dHQDdfkcRIJDFwCT9DHg,"I had dinner with my partner. The setting is very elegant and refined, and the service was excellent. We had a raw fish platter as an appetizer, a risotto, and, to finish, two desserts.
The dishes were beautifully presented and delicious. The combinations were original, never predictable, with interesting and well-balanced flavors. The fish was fresh and of excellent quality. The desserts were also splendid; I almost regretted eating them because they were so beautiful (and delicious, too).
The prices were in line with what we ordered.
I recommend this place to everyone!",5,2026-05-24T15:01:28.911001286Z,3 months ago
ChIJe--dHQDdfkcRIJDFwCT9DHg,"What a wonderful evening! My husband and I decided to try the Medusa restaurant for our 26th wedding anniversary. What a better choice! A very elegant atmosphere, extremely kind and attentive staff, and excellent food, all with attention to detail. The lobster carpaccio was sublime, to say the least! I then asked if they wrote 26 on the dessert, and it was beautiful. Thank you, congratulations, you're the best. We'll definitely be back.",5,2026-05-18T21:13:15.467601913Z,3 months ago
ChIJe--dHQDdfkcRIJDFwCT9DHg,"The #MEDUSA restaurant is located on a side street off the SS 16 Adriatica, easily accessible from the ring road that connects to the highways. Parking is easy to find both on the street and within walking distance. The recently renovated space is meticulously maintained and elegant; the walls and ceilings are tastefully decorated, and above all, there's an excellent sound-absorbing false ceiling that allows even a full restaurant to talk peacefully without annoying reverberation and echoes, thereby attenuating all sounds.
The staff, like the Chef-in-Chief, is young and extremely kind. The dishes are presented and served with extreme care, including fantastic appetizers (try the cod and scallops!!). The three types of warm, freshly baked bread are delicious; the risotto is perfectly cooked, the Catalana is exemplary with amazing vegetables; and finally, the desserts, which almost seemed like wedding favors, are beautiful to look at and delicious to taste! A perfect experience, delicious food in a truly cozy and fresh environment. The price is reasonable for the quality of the ingredients and the excellent cuisine: top marks, a highly recommended place for seafood lovers! Remember to book well in advance, especially on weekends.",5,2026-02-27T18:56:30.708305651Z,5 months ago
ChIJe404uIohf0cR_YlWqRcjI8I,"This beautiful family restaurant exceeded my expectations with its amazing Italian food, welcoming atmosphere, and exceptional service. It is a place where you can relax and enjoy a meal with loved ones, and I am already looking forward to my next visit.",5,2024-10-25T21:33:22.431751Z,a year ago
ChIJe404uIohf0cR_YlWqRcjI8I,"Walked in impromptu as a group of six to what I consider one of the greatest meals of my life. In addition to the frankly astonishingly lovely antipasti, the lamb with mustard and hazelnut is a must-try. Have four or possibly five courses here because you may come to regret not having had more. Wine list also full of wildly affordable bottles that are nevertheless absolute bangers.",5,2021-09-09T09:14:28.633626Z,4 years ago
ChIJe404uIohf0cR_YlWqRcjI8I,"Nice place with excellent food. A young team of enthusiasts guided us through a gastronomic delight. Keep it up
See you again",5,2024-10-25T21:31:06.578044Z,a year ago
ChIJe404uIohf0cR_YlWqRcjI8I,"This place is the real deal. Amazing service, amazing food. We always visit when we're in the area. And in such a beautiful area!",5,2024-10-11T17:15:02.652222Z,a year ago
ChIJe404uIohf0cR_YlWqRcjI8I,"A divine tasting experience. Our choice didn't include a dedicated wine tasting, but they found a great solution. The price isn't for everyone, but it's justified by the research and the Michelin-starred flavors. Friendly staff and a top-notch location.
I'll definitely be back, highly recommended.",5,2026-05-22T21:50:53.622664638Z,3 months ago
ChIJe40xRoPffkcRVYWJKgqQve0,"Great experience. Everything on the menu is local and seasonal, and I would have tried everything. We went for appetizers + first course + dessert and didn't regret it: the salame fresco with polenta was delicious, flavorful and not just salty. The bigoli with duck ragù were amazing. Portions are the right size so you get to taste everything but at the same time you don't feel everything is small. Great service too. Prices are fair, I think.",5,2022-12-29T17:34:41.419810Z,3 years ago
ChIJe40xRoPffkcRVYWJKgqQve0,"The service and food were exemplary. The standard of the waiting staff was wonderful, well trained the food was superb. Very reasonble price for the quality of food. Great place to have my 55th birthday meal, thank you",5,2026-02-08T20:22:10.459282797Z,6 months ago
ChIJe40xRoPffkcRVYWJKgqQve0,"The place is wonderful. The old buildings, the big but atmospheric terrace, nice people, good food.",5,2025-08-20T16:23:07.373782564Z,a year ago
ChIJe40xRoPffkcRVYWJKgqQve0,"Nice restaurant, good food, cosy atmosphere.",5,2025-11-22T20:27:49.964905448Z,9 months ago
ChIJe40xRoPffkcRVYWJKgqQve0,"I had my wedding reception here 45 years ago and wanted to take my eldest son there as he was over in Italy from abroad. The restaurant is beautiful in very pleasant settings, Torreglia,  in the Colli Euganei Hills of Padova. La Ballotta ha 3 dining areas, one inside, one out, and another in what seems like an open veranda. The staff are very efficient, especially the owner who served us. She also speaks very good English and is very affable and professional. My son and I ordered stuffed fried courgette flowers, a typical starter at this time of the year, the batter was excellent but unfortunately they put stracchino on the top which, in my opinion ruined the dish. The owner noticed that I left half of the courgettes on the plate and asked if there was a problem, to which I told her I didn't like the creamy whatever it was on the top, she was very attentive and took on board my criticism. We're then ordered a pasta dish each, boohoo con salsa di anatra I think, which was very good. No second or sweet. We had a bottle of prosecco, 2 bottles of water and 2 tonic water, we paid €96.00. A little expensive in my opinion.",4,2025-08-11T21:36:45.536992526Z,a year ago
ChIJe5i9KDnbfkcRCCuoJXOISrg,"Toilet is small, dirty and has no soap. Food is great, literally 10/10 but we had to wait for it though restaurant was almost empty",3,2026-04-19T11:48:28.521837564Z,4 months ago
ChIJe5i9KDnbfkcRCCuoJXOISrg,"this Burger King is in a really convenient location, speaking as a student. Other than that, everything is as expected — the food is tasty and the atmosphere inside is calm and quiet. Nothing to complain about.",5,2025-10-03T17:11:22.047953227Z,10 months ago
ChIJe5i9KDnbfkcRCCuoJXOISrg,Good food. Excellent service,5,2026-06-19T21:13:14.169823591Z,2 months ago
ChIJe5i9KDnbfkcRCCuoJXOISrg,The guy was very polite,5,2026-06-19T21:13:04.583775762Z,2 months ago
ChIJe5i9KDnbfkcRCCuoJXOISrg,Everything you want from a fast food,5,2026-04-17T10:02:52.289177986Z,4 months ago
ChIJeTnZNgDbfkcRIEWsB4_WnZQ,"A VERY TERRIBLE PEOPLE RUN THIS PLACE
I WOULD CALL FOR THE POLICE TO INVESTIGATE THIS PLACE
I WENT IN BECAUSE I WANTED TO EAT AS I USUALLY DO IN BOLOGNA AND MOST PLACES I TRAVEL TO AROUND ITALY
I WAS LUCKY THAT I ESCAPE WITH MY SELF
THIS PLACE IS NOT ENOUGH TO EXPLAIN",1,2026-02-10T08:51:07.464416859Z,6 months ago
ChIJeWbBYkXafkcRkHH78IxHf5g,"A pastry shop with a style different than the others in padova, very modern and charming products. Whatever you eat is good without a doubt, also when we consider the prices in the city center, I can say that their prices aligned with the other pastry shops. I can’t say they have decent prices. They have a wide span of categories for a breakfast and you can have a good coffee a side. Fast service.",5,2026-02-18T08:14:39.412423018Z,6 months ago
ChIJeWbBYkXafkcRkHH78IxHf5g,"The main menu was only available after 11 a.m., so before that we tried some sweet croissants and cakes. They were tasty, though it would be nice if there were also some savory options to go with coffee. The service was quick, and the staff were kind and helpful, both at the inside and outside tables. The location is central and overall very enjoyable. You will find it tasty and interesting if you like sweet bakery. Price was fair as well.",4,2025-08-22T21:47:40.023300917Z,a year ago
ChIJeWbBYkXafkcRkHH78IxHf5g,"The service was absolutely fantastic, and honestly, the food was just as amazing! It's a truly lovely place, and I would definitely recommend it to anyone.",5,2026-04-01T13:31:05.014578093Z,4 months ago
ChIJeWbBYkXafkcRkHH78IxHf5g,"I rarely write reviews online, however this occasion deserves one. I ordered only two large iced lattes through the Glovo app. The bag contained two plastic cups halfway filled with milk, ice cubes and syrup. Both coffees didn’t have any coffee in them, just milk and syrup. One of the “drinks” tasted like water with coconut syrup, so we had to make coffee at home to make one of the drinks at least drinkable. Other times the coffee was good so i don’t know what happened this time. Not recommended, very disappointed.",1,2026-01-23T19:55:12.216841256Z,7 months ago
ChIJeWbBYkXafkcRkHH78IxHf5g,"The presentation looked nice, but unfortunately the sfoglia was a big disappointment. It was very dry, lacked chocolate, and did not taste fresh at all. Considering its size, it was difficult to chew, yet no fork or knife was provided. Overall, not an enjoyable experience.",2,2025-12-11T10:40:11.895444628Z,8 months ago
ChIJeXTsG6XbfkcRlVbGTbfmIHE,"Hidden gem.  We would never have ventured in from walking past.  On a pretty scruffy street and we walked past without noticing this place on our first night.  However after some Google maps research we gave it a go on our last night in Padua as it was a short walk from the apartment.  What a find.  Fantastic pizza and delish home made puddings for 4, wine for 2, zero alcohol beers and a coffee for me and it came to less than 70 Euros.  Fantastic value.  Service was super friendly. The garden to the rear was just perfect - really a delightful setting.  Everyone else appeared to be local which was a great clue. Maybe 15-20 other diners on a Monday evening.

I had the Calabrese and it was one of the BEST pizzas I've ever eaten.

The bar across the road, on the corner by the canal was a perfect pre meal stop off too.  Also v popular with locals - and I can see why.  Worth a tram ride out from the centre of town.",5,2023-08-07T19:18:34.499654Z,3 years ago
ChIJeXTsG6XbfkcRlVbGTbfmIHE,"Best pizza I've ever eaten! The prices were decent and it didn't look like anything special, but we savored every bite. Gnocchi was simple but delicious as well.",5,2018-07-12T18:31:17.466Z,8 years ago
ChIJeXTsG6XbfkcRlVbGTbfmIHE,"Perfect menu, very complete, lasagne incredible!",5,2025-04-23T11:46:06.608422Z,a year ago
ChIJeXTsG6XbfkcRlVbGTbfmIHE,really good for tourist and very good food,5,2025-05-26T13:11:15.544037Z,a year ago
ChIJeXTsG6XbfkcRlVbGTbfmIHE,"Nice garden,  decent pizza,  good service",3,2018-09-16T11:10:13.357204Z,7 years ago
ChIJeaet1pLafkcRQK8Mo2uXVog,Recommended by our hotel for the meat trolley. Started with some delicious pasta and was able to have a half portion - all homemade with lots of chunky meat sauce. Then came the trolley - I had the roast one - and you are asked if you want a selection. I chose to skip the turkey and everything was delicious. I was especially surprised by the guinea fowl. Wife had a steak which was delicious and absolutely massive! Also really enjoyed the house frizzante which was rose.,5,2025-06-27T08:06:03.442323096Z,a year ago
ChIJeaet1pLafkcRQK8Mo2uXVog,"GREAT local place with excellent food. Padova is a pretty poor city but this place makes up for that experience. Ant pasti served by the plate. Primi: you choose your type of pasta, different sauces are placed on the table.. including parmezan if course. Secondi same principle: meat is served in a large tray you choose between roast or stew.. pork, chicken or beef. Unique concept, only locals, no english menu (always a ggod sign), so use Google or your imagination. This is all what proper Italian food is all about….",5,2026-04-14T12:11:18.136836154Z,4 months ago
ChIJeaet1pLafkcRQK8Mo2uXVog,"Well if you're looking for a truly authentic, rustic Italian experience look no further. This is venetos history in a meal.
The absolute best gnocchi in the world, i do suggest to order them plain and try all of the sauces they are to die for. The boiled and roasted meats are the real highlight but don't think the menu is any less. The baccalà is my favorite, better than any I've tried personally.
This has been family owned for generations and it shows, things are still done like the good old days and the prices are fair. A must try when in padova!",5,2023-04-28T12:17:39.095017Z,3 years ago
ChIJeaet1pLafkcRQK8Mo2uXVog,"We don’t speak Italian and couldn’t understand the menu. Asked the server to explain it to us in order to order, and he said NO.",1,2026-02-26T23:40:20.088274261Z,6 months ago
ChIJeaet1pLafkcRQK8Mo2uXVog,A place for customized pasta and meat. I went there with a customer/friend and I was happy to serve,5,2023-11-29T22:52:43.674290Z,2 years ago
ChIJeeU78IjZfkcReoht8Oi1dQs,"Quaint restaurant with a chilled atmosphere and friendly service. The menu is small but has a great selection of dishes ranging from vegetarian and meat to fish. As the chef previously worked in Sicily, a couple of dishes are traditional Sicilian plates, such as the couscous with seafood or the cannolo siciliano. The warm hummus starter and the freshly grilled prawns were delicious. Their cannolo siciliano was, however, a bit disappointing as the pastry was quite oily and ricotta filling a bit grainy. All in all a pleasant experience.",4,2022-07-30T14:45:39.489159Z,4 years ago
ChIJeeU78IjZfkcReoht8Oi1dQs,"We were attending a sports event in the adjacend sports site and dropped by to have dinner. Although we had no reservation and the restaurant was quite occupied, the staff found a place for us. They were also very flexible with the menu and modifications for vegetarians and everything tasted delicious. We especially liked the friendly atmosphere and the fact that the owners are dedicated to social commitment.",5,2023-09-12T07:38:33.843193Z,2 years ago
ChIJeeU78IjZfkcReoht8Oi1dQs,Great value for money. I enjoyed both the excellent wine and the delicious food. The menu doesn't offer a wide variety but you can find some regional specialties from different areas of Italy. Recommended.,5,2019-05-11T22:56:03.694829Z,7 years ago
ChIJeeU78IjZfkcReoht8Oi1dQs,"What a great place we found. The owner is so welcoming and nice as well as the staff working there. The owner put a smile on our faces despite the poor weather. The food very very tasty and nice, typical Italian but locally sourced. Very happy with the pappardelle with ragu and the dessert. The price is very low but the quality is outstanding. Also they support many humanitarian causes which makes the place even nicer. Definitely stop there on your way to Padova.",5,2019-09-08T17:32:35.832378Z,6 years ago
ChIJeeU78IjZfkcReoht8Oi1dQs,Good food and fast service. Apparently they put emphasis on support for refugees. Good atmosphere. The evening I spent there was extremely hot and the place is not able to chill or vent,4,2019-06-29T10:27:09.908016Z,7 years ago
ChIJefDK80bdfkcR7bNAUwCCYdo,We had lunch here two times and both were good. All the sushi were done perfectly with great details. The service was fast and friendly. Highly recommended!,5,2024-11-10T01:38:44.661090Z,a year ago
ChIJefDK80bdfkcR7bNAUwCCYdo,"Beautiful place and the food is Superb 10/10, big portions if you order first and second plates unlike other sushi restaurants that's very small portions. The only thing that i have problem with is the atmosphere, it was so hot inside feels like I'm a bit suffocating but maybe something's wrong with the ventilation.",5,2024-03-17T19:08:54.360972Z,2 years ago
ChIJefDK80bdfkcR7bNAUwCCYdo,Nice and affordable asian-all-you-can eat in Padova. Would go back any time.,5,2026-05-29T05:29:37.104180788Z,2 months ago
ChIJefDK80bdfkcR7bNAUwCCYdo,Food is average. The price on their website is different from what is practiced. Staff was overloaded and had bad manners trowing dishes at the table. Many of the items took long to arrive. There are better places in the zone.,2,2025-09-21T15:30:57.667995372Z,11 months ago
ChIJefDK80bdfkcR7bNAUwCCYdo,Very good quality food...not much explanation on how it works...or the extra cost on service. A little expensive...,4,2022-08-06T15:06:45.105333Z,4 years ago
ChIJf4C4fETafkcR-j5eKA5667Q,"This was just beautiful! amazing food, great ambiance and the loveliest service from the sweetest woman! You could just feel the authenticity of the place! And GREAT desserts!",5,2026-07-02T13:14:31.651190188Z,a month ago
ChIJf4C4fETafkcR-j5eKA5667Q,"I visited here in February in Padova, I had a beautiful seafood linguine. The service and the atmosphere were lovely 😍. I am heading back to the region over Easter, and I will definitely visit here for my evening meal.",5,2023-04-07T08:02:35.566539Z,3 years ago
ChIJf4C4fETafkcR-j5eKA5667Q,"Nice for an aperitif, sitting outside. The lady who runs the place fed us what looked like leftovers. Not good. She also wanted to seat us inside in the back saying outside was for aperitifs. Never again.",2,2025-06-18T12:04:53.284110869Z,a year ago
ChIJf4C4fETafkcR-j5eKA5667Q,Amazing place with cozy atmosphere. The old lady so kind. The heart of Padova,5,2023-09-27T20:37:22.442093Z,2 years ago
ChIJf4C4fETafkcR-j5eKA5667Q,"This place is so good. The vibe is grandma's house and the lady behind the bar and taking our order is very nice even if she doesn't speak a lot of English. She recommended me pasta zucca (pumpkin) and I have to say it was a fantastic dish. The place is a bit out of the old town, and absolutely gets my recommendation.",5,2019-09-27T17:08:54.099146Z,6 years ago
ChIJfxPgA-fafkcRaFk7SCN2LeQ,"Super fresh and delicious food!
Very friendly and speedy staff!
Perfect English 😉
Thanks a lot for today’s lunch!",5,2025-10-29T12:30:19.980475756Z,10 months ago
ChIJfxPgA-fafkcRaFk7SCN2LeQ,"No matter where you eat in Italy, you're bound to be satisfied",5,2024-06-22T21:13:19.260837Z,2 years ago
ChIJfxPgA-fafkcRaFk7SCN2LeQ,"Great place on the outskirts of Padua, really good food and excellent wine pairing. Friendly staff. A unique suggestion: the bigoli with duck and thyme!",5,2019-10-06T07:11:29.135585Z,6 years ago
ChIJfxPgA-fafkcRaFk7SCN2LeQ,"Name is fun, and service and food do not disappoint",5,2023-07-01T22:38:40.865041Z,3 years ago
ChIJfxPgA-fafkcRaFk7SCN2LeQ,Very good food 😋 and nice people 😍,5,2020-08-08T21:20:06.940404Z,6 years ago
ChIJfy9L-u3afkcRIMtKujQiQCA,"A destination for several lunch breaks, in the citadel near Europa Park. Fortunately, we almost never had to wait and always found a table (though during the lunch rush, it gets chaotic, both in terms of the noise level of people shouting and the waitresses going crazy due to the rush and chaos all in a short space of time).
There's always a daily menu; some dishes are almost fixed, but there's almost always something new and options for everyone: first courses, second courses, salads, toasted sandwiches, piadinas, sandwiches, etc.
The sandwiches, in my opinion, are very good; the dishes weren't always special; they were edible, but not enough to ask for seconds.
I think the dishes are pre-prepared, and when you order them, they microwave them until they reach a burning temperature, which, however, quickly dissipates, and the dish becomes lukewarm/cold (the effect you get when reheating in the microwave: from hot to cold in a flash).
The staff is helpful, and the coffee and desserts are average.",3,2025-07-10T21:50:06.079818832Z,a year ago
ChIJfy9L-u3afkcRIMtKujQiQCA,"The perfect place for a quick lunch. The space is divided into two areas: a restaurant serving daily house specials and a bar area where you can sit down and grab a quick bite. Both areas are furnished with white wooden tables and chairs. There's also seating outside. The food is quite good at reasonable prices. I ordered a tramezzino and a prosciutto and cheese piadina. Everything was very homemade, though I found the cheese tasteless. The service was friendly.",3,2024-02-04T21:59:17.234024Z,2 years ago
ChIJfy9L-u3afkcRIMtKujQiQCA,"Ideal place for a quick business lunch.
Prices are reasonable.
Various selection of dishes thanks to the daily menus.
The pumpkin and sausage pie is very good.",3,2022-12-20T12:50:15.049694Z,3 years ago
ChIJfy9L-u3afkcRIMtKujQiQCA,"Заклад поганий, користуються тим що знаходиться біля квестури, ціни завищені, продук поганої якості, зранку зайшов взяти кави і круасан з шоколадом висновку шоколаду в круасані не було тільки капля на верху.",2,2026-03-06T08:40:25.394388928Z,5 months ago
ChIJfy9L-u3afkcRIMtKujQiQCA,"Review after a year of frequenting it, and I can certainly confirm: the bar and the staff are delightful and exceeded my every expectation. (I've never been dissatisfied or disappointed, on the contrary 👍😍🙌🔝).
I go there for breakfast, lunch, and breaks during the workday, and I can absolutely recommend it.
They are reliable, professional, clean, tidy, with a wide selection, and show the utmost helpfulness, empathy, and courtesy towards their customers. Since the place is in a business center, I find the prices more than fair, and in line with the quality of the ingredients, the quantity, and also the competition in the area.
The entire staff is extremely empathetic, polite, and pleasant. They offer both cold dishes (sandwiches, tramezzini, salads, etc.) and a varied menu for a delicious lunch break; (You can find the daily menu on the blackboard inside the place, as well as on their Instagram stories).
You can also order and reserve by phone, dine in (tables inside and outside), or take out. Payment is also available by card and ticket.
The clientele is predominantly made up of office workers and employees of the many excellent companies and businesses present in this office building; and international visitors (the local police station, which issues passports and residence permits, is located in the square 🤷‍♂️🙈), so it's a diverse ""human"" crowd.
In conclusion, I can only recommend it, and I'm sure you'll be satisfied and will return when in the area.",5,2024-11-16T15:00:28.019108Z,a year ago
ChIJfz6I4gDbfkcR41z6I9kFOW8,"Kitchen/bar (craft beer not coffee). Feels like it landed in Padova from Brooklyn (not a bad thing considering you might look for something different once in a while) Industrial rustic, design, Pool table, craft beer...very hipster I suppose. Large outside space and a small rooftop, so this place probably goes off in the summer months. I read someone commenting about the noise; we went in a  February afternoon and it was calm and quiet. Would return",4,2026-03-01T16:39:37.036692614Z,5 months ago
ChIJfz6I4gDbfkcR41z6I9kFOW8,"Beer heaven with styles, tastes, and discoveries in all imaginations.
Always a different, excellent selection!

Wonderful service and extremely nice and knowledgeable people - esp. if you find Marco :)

Do yourself a favour and visit when nearby!!",5,2025-08-09T18:32:10.029872153Z,a year ago
ChIJfz6I4gDbfkcR41z6I9kFOW8,Great craft brewery with top quality beers and food. Plenty of games to keep you occupied too. Fun atmosphere,5,2026-07-22T20:03:15.115993842Z,a month ago
ChIJfz6I4gDbfkcR41z6I9kFOW8,"You can't just get one beer here, they're too good! Real new england zinc Wes[ coast IPA.  Other styles are more light, good if you're getting& >no the real stuff. Pricey, because they have no competition...",5,2026-03-14T22:54:01.474953141Z,5 months ago
ChIJfz6I4gDbfkcR41z6I9kFOW8,"Not a place to talk to your friends and family. The music is too loud, blasting out. The food is okay nothing special. Fried mozzarella tricks are tasteless but crunchy, however the burger is ‘okay.’ Honestly padova has better places to try. However, the staff is very kind and friendly. They are a huge positive for the establishment. Une place pour la petite bobo.",2,2023-12-24T18:18:07.916801Z,2 years ago
ChIJg3jd42rffkcRfmFmgIVU7So,"We had a wonderful dinner here and thoroughly enjoyed our experience. The seafood was incredibly fresh and delicious, and every dish was prepared perfectly. The service was excellent—friendly, attentive, and very efficient. Everything arrived quickly, and the staff made us feel welcome from the moment we walked in. We will definitely be back and highly recommend this restaurant.",5,2026-05-31T10:07:29.248648381Z,2 months ago
ChIJg3jd42rffkcRfmFmgIVU7So,"One of the most elegant dining experiences I’ve had in Italy.
Poesia — you surprised me 🤍
I almost didn’t want to share this place…
but this Michelin-level restaurant in Abano Terme truly deserves it .",5,2026-03-16T22:02:06.034422894Z,5 months ago
ChIJg3jd42rffkcRfmFmgIVU7So,"I absolutely loved the food here. Everything is exceptionally delicious and prepared with great refinement. The ingredients are incredibly fresh, and the dishes are beautifully presented. The interior is stylish and elegant, creating a wonderful atmosphere. It truly has a Michelin-quality feel. I enjoyed every single dish and will definitely be coming back. As of today, this is the best place in town.",5,2026-04-30T11:31:25.114824315Z,3 months ago
ChIJg3jd42rffkcRfmFmgIVU7So,"A Hidden Gem in Abano Terme: Ristorante Poesia

During a recent spa getaway to Abano Terme, a happy twist of fate led me to one of the culinary highlights of my trip. After arriving too late for my hotel’s dinner service, the staff kindly recommended Ristorante Poesia — and I’m so glad they did.
From the moment I walked in, it was clear this wasn’t just a meal, but an experience. The atmosphere strikes the perfect balance between elegance and warmth, with thoughtful interior design that complements the refined yet welcoming vibe. The menu is thoughtfully curated, with standout seafood and pasta dishes made from super fresh ingredients. You can really taste the care that goes into everything they serve. A special mention must go to Dimitry, the owner, whose hospitality added a personal touch that elevated the evening even further. His passion for making every guest feel valued truly set the tone for the entire restaurant. I loved it so much that I made a point of returning for my final dinner before leaving Abano Terme. Dining at Ristorante Poesia was not only a memorable culinary experience — it became one of the defining highlights of my trip. If you find yourself in Abano Terme, this is a dining experience not to be missed!",5,2025-06-01T22:05:44.756326Z,a year ago
ChIJg3jd42rffkcRfmFmgIVU7So,"Had a fantastic experience at Ristorante Poesia – Racconti di mare.
The atmosphere is elegant and calm, perfect for a relaxed lunch or dinner. Service was outstanding — attentive, professional, and genuinely welcoming without being overbearing.
The food is where this place really shines. The seafood is incredibly fresh, beautifully presented, and cooked to perfection. You can tell there’s real attention to quality and detail in every dish.
Overall, a top-tier dining experience. If you’re in Abano Terme and enjoy great seafood, this place is absolutely worth a visit.
Will definitely be back.",5,2026-05-01T14:45:31.265925012Z,3 months ago
ChIJg65iXQjbfkcRViFtwPMhrqo,"These people are working in a very warm kitchen and are still so friendly!  Also the food was lovely, never had feta sauce in meat before, nice surprise!!",5,2026-08-03T10:04:04.701053846Z,3 weeks ago
ChIJg65iXQjbfkcRViFtwPMhrqo,"I love this place, by far the best greek place in town. I highly recommend it for the taste, cleanliness and friendly people serving the food",5,2024-05-22T10:09:13.734021Z,2 years ago
ChIJg65iXQjbfkcRViFtwPMhrqo,This is an original a Greek Souvlaki place! Owned and worked by Greek people only and you can tell the difference in the products! You can also find Greek beer and amazing desserts like “kataifi” and “ baklava” ! It’s seriously delicious and everyone there is very friendly! They even deliver!!!,5,2019-06-10T13:15:42.529591Z,7 years ago
ChIJg65iXQjbfkcRViFtwPMhrqo,"We drove all the way from Venice to Padova for this place and it exceeded all our expectations. Delicious authentic greek suvlaki. We tried everything: chicken, pork, pancetta, gyros and all kinds of meat were super fresh and tasty. Super clean place with amazing people who prepare everything with care in very affordable prices for such high quality food. Try it today and thank me later :))",5,2025-03-29T21:01:47.763431Z,a year ago
ChIJg65iXQjbfkcRViFtwPMhrqo,Our first experience with Greek food. Certainly was good. Small outlet but reposnsive and passionate people behind the counter. Wait times are long upto 40mins but that is also because they make everything fresh. They also have a delivery option but with the wait times it is a bit confusing when it would arrive. I chose to go and get food myself. We tried the chicken panini.,4,2021-10-02T13:00:41.723667Z,4 years ago
ChIJg7NrYVTafkcRiB1LYuRYRMA,"Best pizza ever! All the ingredients were fresh, and the dough was perfect. I loved how they combined everything, it was like a perfect melody in your mouth. We were so full, and I even got some to take home. Even though the pizza wasn’t hot and was leftovers when I ate it the next day, it still tasted amazing.",5,2026-03-28T10:40:25.626671598Z,5 months ago
ChIJg7NrYVTafkcRiB1LYuRYRMA,"I'm glad our menu was in Italian. It's a local restaurant.
Good pizza. Thin pie (?), I don't like most crusts - this was good. Buffalo mozzarella 😄",5,2026-04-15T12:15:50.829404399Z,4 months ago
ChIJg7NrYVTafkcRiB1LYuRYRMA,"Everything about this place is amazing, I had pizza and it was delicious, the waiters bring the food quickly and it's pretty cheap given that the restaurant is right near St. Giorgio's Church. I recommend eating here. Most, if not all tables have a ""Reserved"" sign on them, but they are not.  Jist wait for a waiter to notice you and they will seat you at a table.",5,2026-07-24T11:43:06.453316536Z,a month ago
ChIJg7NrYVTafkcRiB1LYuRYRMA,"The food was absolutely delicious!! The pizzas we had were incredibly good, especially after a long day of travelling around Padova. The desserts were just as good, definitely recommend the Torta della Nonna!!!

The atmosphere was also quite cosy and nice, and the service was very friendly and super approachable!! Highly, highly recommended",5,2024-08-21T20:40:33.620552Z,2 years ago
ChIJg7NrYVTafkcRiB1LYuRYRMA,"Nice pizzeria with great pizzas, very good tirami su, a good house wine, friendly service and very reasonable prices. We went as a family, and felt very welcomed. The ordering was fast, and the food was at the table in a couple of minutes. The pizzas were crispy and delicious. They have Italian beer - the IPA was very tasty. As a house wine they serve a regional Merlot di Veneto by the glass.  They also have tables outside by the road but with a view on the basilica St. Antonius. We can only recommend this place - best reserve a table ahead.",5,2024-04-19T10:58:45.153187Z,2 years ago
ChIJgVc-HlDafkcR25X28A28FRw,"The best tartare I've ever had!!!

We had the Vecia Padova and went back for it the next day aswell. Such a good combination of flavors, it's a good idea to get the set with a drink and tartar. If you like tartare, than this place is definitely a must-visit!",5,2026-04-10T07:54:20.770024331Z,4 months ago
ChIJgVc-HlDafkcR25X28A28FRw,"Very friendly owner that introduced and helped us to choose the best tartare from his long menu! Only take out, no seat. Quite big portion, if you just want a snack, consider to buy the small one.",5,2025-09-19T14:20:36.755921824Z,11 months ago
ChIJgVc-HlDafkcR25X28A28FRw,This is literally the best tartare you can ever try. I’d visit Padova just to eat here!,5,2026-05-21T16:16:59.118918815Z,3 months ago
ChIJgVc-HlDafkcR25X28A28FRw,"The food is crazy good, Davide is a gem and I totally recommend it",5,2026-04-24T18:20:46.316689756Z,4 months ago
ChIJgVc-HlDafkcR25X28A28FRw,"Absolutely the best beef tartare I’ve ever had.  Super fresh, perfectly seasoned, and served with real passion. A must-visit spot for food lovers.",5,2026-01-17T15:13:05.289565806Z,7 months ago
ChIJgZV0re_QfkcRZ1HWrpD69vE,Only 1 word. Perfect fish restaurant! Higly reccomended,5,2019-06-04T19:20:32.512419Z,7 years ago
ChIJgZV0re_QfkcRZ1HWrpD69vE,"Love it.  Totally amazing food, wine, and staff.",5,2018-07-29T08:20:43.909Z,8 years ago
ChIJgZV0re_QfkcRZ1HWrpD69vE,Lovely fish dishes and service.,5,2017-10-13T11:46:29.878Z,8 years ago
ChIJgZV0re_QfkcRZ1HWrpD69vE,"I ate very well, featuring fresh, light fish. Excellent, discreet service and a welcoming atmosphere.
The fried food was fantastic.",5,2025-08-08T20:39:05.932112027Z,a year ago
ChIJgZV0re_QfkcRZ1HWrpD69vE,"I wouldn't recommend this restaurant.
I went with my boyfriend. The dining room smelled of fish. The kitchen door was probably open, and all the odors were coming out.
If I were to base my judgment on quantity and value, I'd give it one star. They probably weren't prepared for us. The menu doesn't include side dishes, so the only vegetables were a bagged salad with no dressing, accompanied by polenta made at the last minute, which was very runny and had an unpleasant flavor.
We ate bread and oil, which was certainly plentiful.",2,2026-03-13T19:58:05.388408947Z,5 months ago
ChIJga4DK_DafkcR__KPoqjyB6M,"Best restaurant experience in padova. The owner was super welcoming and nice. I will definitely go there more often.

We got a mixed grilled and as an Iranian i can say that i could feel the premium quality of real kebab!

The design of the place also was telling us the story that owner wanted to tell us with such a good greek music and a welcoming cozy vibe.

All the best!",5,2025-11-11T22:38:55.800804385Z,9 months ago
ChIJga4DK_DafkcR__KPoqjyB6M,"A real Greek taste in Padova and must try if you love Med and Aegean foods.
Big size portions with good prices
Cozy place.
Love it!",5,2026-01-24T19:34:20.890926807Z,7 months ago
ChIJga4DK_DafkcR__KPoqjyB6M,"Amazing food, the portions were very good, especially the mixed grill for two (which was for 3 tbh). It has a nice atmosphere, very relaxed and the restaurant is inside a park. I was thoroughly satisfied.",5,2025-08-15T21:02:36.897475831Z,a year ago
ChIJga4DK_DafkcR__KPoqjyB6M,"Seated quickly without reservation. Staff were kind and realised we were too hot so closed the blinds and put the ac on. Starter came quickly - we shared halloumi - which was hot and tasty. We had the mixed plate for 2 which had a huge amount of meat - 2 chicken, 2 pork and 2 lamb skewers - all delish. Also 3 kofta - a little soft in texture for me. The beef skewer was tough and the minced skewer ok. There was also some nice roast veg, chips, olives and tzatziki. Overall excellent value. The wine (frizzante) was good and excellent value. Staff tried to engage throughout and were friendly. Toilets clean.",4,2025-06-26T20:50:18.940032446Z,a year ago
ChIJga4DK_DafkcR__KPoqjyB6M,"SUPER KIND STAFF, GOOD DISHES, NICE LOCATION, HIGH QUALITY INGREDIENTS. AMAZING PORK SOUVLAKIS, unfortunately GYROS ONLY CHICKEN, FAST SERVICE
HIGHLY RECOMMENDED.",4,2023-08-27T14:46:30.846942Z,3 years ago
ChIJgahnhkTafkcRjOS0yqc05k0,"The restaurant was amazing! Our group had people with gluten and lactose intolerance and the menu here had options for them too. I tried the Parmigiana pizza and it was delicious. Blooming flavours, lightness, and freshness!

I have tried many pizzerias in Italy and this is one of the best ones!",5,2026-06-26T19:08:15.202512554Z,2 months ago
ChIJgahnhkTafkcRjOS0yqc05k0,"I cannot even begin to state how WONDERFUL our experience was at Pizzeria Al Carmine. Our kid had the first time eating his gluten free pizza in a restaurant here. The staff was so welcoming, the pizza was served so quickly and the taste was absolutely superb to both gluten free and normal pizzas . We will definitely recommend this restaurant to everyone.",5,2026-07-15T18:46:40.993229194Z,a month ago
ChIJgahnhkTafkcRjOS0yqc05k0,Walked across Padua to find this restaurant based on the reviews and my daughter being Celiac. Can't begin to tell you how nice it was to see the extensive menu and happy customers filling each table. The food and service does not disappoint. Highly recommend the pasta with chicory and salsiccia.,5,2026-03-18T12:51:11.766424592Z,5 months ago
ChIJgahnhkTafkcRjOS0yqc05k0,"This place is famous for the gluten-free pizzeria of Padova.
파도바에 왔다면 반드시 들러야 할 곳!
If you came to Padova, I think you must come here. (Once or more than once)
Because this is “the best pizza” in my life! 😘😋I really love the pizza of “Al Carmine”.

If you prefer a romantic atmosphere,
I recommend an outdoor table for you.
Of course, a cool indoor table is also good🥰

Thank you for the best pizza and nice service👍
I will definitely visit again. See you again🤗

(I visited again and I upload additional pictures😉😋 Grazie mille🥰)",5,2023-09-11T06:21:50.791874Z,2 years ago
ChIJgahnhkTafkcRjOS0yqc05k0,"Very buzzy restaurant with an extensive menu including a full page of vegan options  lots of vegetarian choices and all the pizzas available as gluten-free.

We had garganelli pasta with porcini and pumpkin, artichoke pizza and a side salad. Excellent prices. A really good lunch.",5,2024-03-28T14:13:31.807728Z,2 years ago
ChIJgd7lGbzbfkcRRmCOYA4ahBI,Great pizza. One of the top pizza places in Padova!,5,2025-02-26T16:31:30.278266Z,a year ago
ChIJgd7lGbzbfkcRRmCOYA4ahBI,Amazing pizza 🍕,5,2024-05-31T20:12:56.768762Z,2 years ago
ChIJgd7lGbzbfkcRRmCOYA4ahBI,"Great takeout pizzeria, they're punctual, and the pizzas arrive hot.

The problem is that my Margherita was very hard and a little burned.

Better with topped pizzas.",3,2024-07-04T14:26:14.059031Z,2 years ago
ChIJgd7lGbzbfkcRRmCOYA4ahBI,"We ordered 7 pizzas, we arrived right on time but they gave them to us 15 minutes late, we got home and found the pizzas very bitter due to too much flour underneath",1,2025-05-30T08:56:22.061387Z,a year ago
ChIJgd7lGbzbfkcRRmCOYA4ahBI,"Very nice place, basic to stop for a meal but still very pleasant, fast and friendly service but above all quality, varied menu, from simple to sophisticated up to seasonal pizzas, really excellent, rather high price but reasonable, good if you want to treat someone from out of town to a good pizza.",4,2024-11-08T13:12:39.583303Z,a year ago
ChIJgxBB_LrbfkcR4vPJOeFgUw8,"A very nice restaurant that is a little more upscale and closer to fine dining in Padova.

The food here while smaller in portion was excellent. I recommend the spaghetti with urchin, it was absolutely delicious. The eggplant tart was also very well made and tasty.

The servers were very good and helpful. One even offered to keep my partners wine on ice and came by regularly to make sure his glass was kept full.",5,2024-08-07T19:26:31.820889Z,2 years ago
ChIJgxBB_LrbfkcR4vPJOeFgUw8,"Service 10/10 the waiter name is Antoine. Great service and great manners.
Food 9/10 The beef tartare (battuta cruda di manzo) was fabulous. They helped to divide the portion for me and my husband. The spaghettoni with sea urchin were great too. The Tuna had a nice spice twist to it. The dessert( pazientina padovana) was very nice however, based on my personal opinion, a little too much alcohol for it. Please do note that I don't drink that much and zabaione cream need to have alcohol inside but, for my personal taste as a closings plate, there was a little too much of it. But I repeat, is just my opinion coming from an Asian prospective. My Italian husband loved it.
Atmosphere 10/10 Great music and the happy atmosphere between the service made it awesome!

Please please please if you have the opportunity do visit this restaurant(opened in 1934). It is really worth a visit ❤️😊.",5,2022-10-18T07:48:39.698363Z,3 years ago
ChIJgxBB_LrbfkcR4vPJOeFgUw8,"Me and my husband have been here twice and both times the food and service were excellent. We had the bigoli, tris di mare and the risotto, and I highly recommend the risotto. The wine selection is good and the prices are reasonable too. Their pazientina is the best I have ever tried.",5,2025-03-24T17:01:26.535481Z,a year ago
ChIJgxBB_LrbfkcR4vPJOeFgUw8,My dad and I tried a few dishes and everything was just delicious. I would definitely recommend to try the “frittura mista” - it’s amazing!! The atmosphere is also really lovely and the staff very kind and friendly.,5,2024-08-20T20:59:24.876140Z,2 years ago
ChIJgxBB_LrbfkcR4vPJOeFgUw8,"Coperto 4 Euro very expensive.
Very small portions.  Small menu.
Expensive for what they offer.
Restaurant too small.

It´s ok for 1-2 Pers. Not for kids.",2,2026-06-08T07:37:41.757925800Z,2 months ago
ChIJgyc_Yc3afkcRCn2oHZFoDrQ,super 💜,5,2026-08-03T16:26:22.976031488Z,3 weeks ago
ChIJgyc_Yc3afkcRCn2oHZFoDrQ,"The environment is great, the food is delicious, and the dishes are exquisite.

—The staff at the door were very welcoming, making the entrance a very pleasant experience.

Dining Environment: I was pleasantly surprised upon entering; it was very clean, and it felt impressive to have it with friends. They also recommended dishes during the ordering process, and the prices were truly reasonable.",5,2026-01-04T20:58:11.214856892Z,7 months ago
ChIJgyc_Yc3afkcRCn2oHZFoDrQ,"Restaurant serving traditional Chinese cuisine and excellent value. The staff was friendly, even recommending dishes we weren't familiar with that might suit our tastes. The place is clean and has parking.",5,2024-10-09T11:20:53.722625Z,a year ago
ChIJgyc_Yc3afkcRCn2oHZFoDrQ,"This is a restaurant without table service: they hand you a tray of food, and you carry it to your table yourself, setting it with glasses and silverware. The food is already prepared, displayed in the counter, ready to be reheated. You pay when you order, not at the end of the meal. The staff doesn't understand Italian, so you have to point to the food you choose in the display, without knowing what it is. Rice isn't on display. Confident I'd be understood, I ordered rice with shrimp, but they gave me Cantonese rice. I avoided telling them that wasn't what I'd asked for, because they wouldn't have understood anyway...",3,2026-02-24T17:38:14.638061735Z,6 months ago
ChIJgyc_Yc3afkcRCn2oHZFoDrQ,"The prices are reasonable, and it's self-service. However, hygiene needs improvement. There was no cabbage in the boiled beef, but there were flies 🪰.",3,2025-09-14T12:32:02.192622131Z,11 months ago
ChIJh2G3j1bafkcRM1xE2KcZBJ0,"solid good Italian food! the fried calamari and seafood were particularly nice, they didn’t taste oily at all and were so light and crispy. very big portion too, 5 of us shared one plate. pizzas are nice with interesting toppings. the desserts are incredibly sweet which is something to watch out for. the tiramisu and the pastiera napoletana were too sweet for me, couldn’t finish the tiramisu even. the panna cotta was perfect though! restaurant is pretty and the staff are kind.",4,2025-11-26T14:12:38.710785341Z,9 months ago
ChIJh2G3j1bafkcRM1xE2KcZBJ0,"We absolutely loved our experience at Pago Pago Pizzeria con Ristorante. From the moment we arrived, the service was outstanding – attentive, kind, and genuinely welcoming. Everything we ordered was excellent, from the frittino misto napoletano to the focaccina fatta in casa.

However, what truly stole the show was the spaghettoni alla carbonara tartufata. Without a doubt, it was the best pasta we’ve ever had. As frequent travellers throughout Italy with a good knowledge of its cuisine, we can confidently say that this dish was simply exceptional. So good, in fact, that we returned just to enjoy it once more before leaving the city.

We can’t recommend this little gem in the heart of Padua highly enough. Whether you’re a visitor or a local, it’s absolutely worth a visit. A truly memorable lunch. Bravo!",5,2025-06-02T19:51:14.503625Z,a year ago
ChIJh2G3j1bafkcRM1xE2KcZBJ0,"Padova Padova, a beautiful city that is not as touristy as Venice or Florence is but oh mannnn what a pain it was to find a decent place to eat for dinner.

Pago Pago was one of the few places open late and had good food. Their pizzas were very good with a nice fluffy crust. The fried zucchini flowers were good but could have used a little more seasoning in the batter.

Service was quick and our food arrived fairly quickly.
Check it out if you're looking for a good place to eat.",5,2024-08-07T19:21:44.983394Z,2 years ago
ChIJh2G3j1bafkcRM1xE2KcZBJ0,"This is a relaxed family-style neighborhood restaurant and is frequented by locals. They have both indoor (with air conditioning, I think? At least it felt cool enough) and outdoor tables. Nowadays they even have English menus and some of the waiters speak English.
The service is very fast and the portions are extremely generous. Pasta dishes are hearty and tasty. They have many classical pasta dishes. They specialize in pizzas and offer a very wide range of pizzas at very good prices.",5,2024-08-07T15:13:33.419467Z,2 years ago
ChIJh2G3j1bafkcRM1xE2KcZBJ0,"Me and my friend went for a pizza and we found a secluded spot with very good pizza but mushrooms were a bit too squish for my liking but everything else was perfect, staff act like friends and when you need to charge your phone you can ask and they will allow it. Would come back if i visit Italy and Padova again. Ciao!",5,2026-05-07T11:49:59.057221372Z,3 months ago
ChIJh3U8rljbfkcRkgPPalaN4NU,"Definitely the best burger house in Padua
All freshly prepared with fresh, seasonal ingredients.
So many options to choose from.
Really very nice staff.",5,2022-07-18T16:21:05.462486Z,4 years ago
ChIJh3U8rljbfkcRkgPPalaN4NU,The schedule is to be closed at 10:30.We arrived at 10:02 but they said that they are already closed.Not able to order.But anyway we will come again soon.,3,2024-05-29T20:58:14.374951Z,2 years ago
ChIJh3U8rljbfkcRkgPPalaN4NU,Bonoooo,5,2024-04-09T18:55:16.888128Z,2 years ago
ChIJh3U8rljbfkcRkgPPalaN4NU,"Gli hamburger migliori che abbia mai mangiato! Siamo amanti del genere e abbiamo girato tanti posti anche più costosi...ma qui andiamo sempre sul sicuro! Per i vegetariani è consigliatissimo il Biologia! Io non sono vegetariana eppure è uno dei miei preferiti...
Personale sempre gentile e paziente. Anche consegne a domicilio puntuali e precise! Il top!",5,2026-06-14T18:21:05.861562319Z,2 months ago
ChIJh3U8rljbfkcRkgPPalaN4NU,"It's a legend!!!!!!

Now instead of saying I want a burger, I say I want a Storia.

A wide selection of classic ingredients, but also alternative and sophisticated ones (like the BBQ sauce imported from the US or their own honey mustard).

Crispy bun, excellent quality meat, always very succulent. Crispy bacon and very tasty tomatoes.

Storia is incredible. A must-try. I also recommend the Archeologia, with the chicken cutlet. You can choose to have it with one or two cutlets. They make them thin so you can taste the other ingredients.

The selection of fried foods is also excellent; both the nuggets and the stick fries are delicious, extra crispy and just the right amount of salt.

Always very fast and helpful. You can pick them up on-site or have them delivered to your home.

The prices are also very good. If you want a sandwich without spending more than €10, you have a huge selection.

Recommended! Don't call the website number because they'll put you on hold; use Google's.

You can also eat in front of the shop at two high tables with stools.",5,2024-05-24T11:49:51.616906Z,2 years ago
ChIJh3amc1rbfkcRsUfx3EC_jfE,"The whole experience was amazing. Location right in front of the San Antonio church with seats outside, but also inside. Waiter was friendly and was totally fine with us changing seats (because of the cigarette smoke outside). And now to the best part: the pizzas. We ordered two different pizzas, both of them were absolutely delicious. Perfect crust and toppings. But the winner by FAR was the Pizza Mulignana with the eggplants and smoked Provola! Will recommend this pizza for anyone, not just vegetarians!",5,2026-05-29T19:54:30.677409925Z,2 months ago
ChIJh3amc1rbfkcRsUfx3EC_jfE,"Worst experience... We order negroni, aperol sprits, coca cola, ravioli and pizza, waiting for someone to take order 20 minutes in empty restoran, then we get food without drink, beside waiter took order wit phone app.
Asked again for drink, and after additional 5 minutes we just wake up and left the place...",1,2025-06-27T13:06:53.195817202Z,a year ago
ChIJh3amc1rbfkcRsUfx3EC_jfE,"After finishing a 50 hour plus journey,  it was nice to be greeted by the manager with smile and friendly spirit. This is a casual place for people to come grab a bite or for people to relax enjoying the view of St Anthony Basilica.  Soft and yummy pizza , try their Spaghetti Alla Nerano and maybe Pizza, you will not regret it.",5,2022-03-24T14:10:29.877888Z,4 years ago
ChIJh3amc1rbfkcRsUfx3EC_jfE,"Terrible service, the worst ever seen in Italy, and that's a quite challenge. 10 minutes waiting to order, then 30 minutes waiting for 2 coffees and 2 croissants. All together after 40 minutes, got one croissant, the wrong one, tried to bill two. Waiters dazed and confused. Do everything to avoid!",1,2026-01-01T16:29:25.664760911Z,7 months ago
ChIJh3amc1rbfkcRsUfx3EC_jfE,"Real Neapolitan pizza.  I'm often in Napoli and this pizza is identical.  The family atmosphere, the rest of the food is also excellent.  One small minus, the Neapolitan owner should have a picture of Diego Maradona in the restaurant. ☺️",5,2023-12-22T07:19:40.419483Z,2 years ago
ChIJh6G1xFzafkcRtdrl8_Edep8,The best pizza in the town. Don’t miss pizza kebab.,5,2022-08-05T22:44:22.343272Z,4 years ago
ChIJh6G1xFzafkcRtdrl8_Edep8,"Really generous portions and prizes, amazing taste too.",5,2026-03-09T14:19:32.183895492Z,5 months ago
ChIJh6G1xFzafkcRtdrl8_Edep8,"Nice kebab, value for money",5,2025-02-04T17:32:02.002276Z,a year ago
ChIJh6G1xFzafkcRtdrl8_Edep8,Very good falafel :),5,2024-10-16T19:57:13.990259Z,a year ago
ChIJh6G1xFzafkcRtdrl8_Edep8,Not bad,3,2022-12-10T21:31:30.132845Z,3 years ago
ChIJh948sIXQfkcRajkKW3gxQSU,"We had a wonderful dinner at this cozy Chinese restaurant. The atmosphere was warm and welcoming, with tasteful decor and traditional touches like red lanterns hanging from the ceiling. The staff were incredibly friendly and attentive throughout our meal.

The food was outstanding – fresh, flavorful, and beautifully served. From the shrimp stir-fry and tender chicken dishes to the fluffy scrambled eggs and stir-fried cabbage, everything was cooked to perfection. We especially appreciated the generous portions and variety of dishes.

Another big plus: the restaurant has a large parking area that's perfect for buses, making it ideal for groups or travelers on the road.

Highly recommended for anyone craving authentic Chinese cuisine in a relaxed, clean, and professional setting. Will definitely be coming back!",5,2025-07-29T10:06:12.201065079Z,a year ago
ChIJh948sIXQfkcRajkKW3gxQSU,"There was plenty of parking. Service was fast. The food, however, was quite normal, some dishes were tastless and came in small portion. It was quite hot as our table was facing the West in the late afternoon and the staff did nothing to help us.",3,2026-04-09T20:25:54.336971484Z,4 months ago
ChIJh948sIXQfkcRajkKW3gxQSU,I felt like I was in Asia. Food was great and portions were good. Vegetables were nice and crispy. Tofu was soft and delicious. Lots of parking outside also. Staff were speedy and polite. There is an English menu available.,5,2025-09-09T11:23:10.009679260Z,11 months ago
ChIJh948sIXQfkcRajkKW3gxQSU,"The service was good, and the staff were friendly. However, the communication was not good. It was difficult to communicate with customers from different backgrounds, which led to misunderstandings.

We were also told that we could keep the chopsticks, but later they were taken away from us. This was confusing and felt unprofessional.

Overall, the experience was disappointing because of the poor communication, and I would not recommend this restaurant.",1,2026-08-07T18:53:56.475461897Z,2 weeks ago
ChIJh948sIXQfkcRajkKW3gxQSU,Absolutely amazing fine Chinese restaurant dining experience!!! Great menu selection with desserts and wide wine and beer list. The service is unmatched. The staff truly cares about your experience. The food is delicious and well presented. Absolutely the best Chinese cuisine we have ever had in  Padua!!!,5,2023-05-29T12:34:05.628596Z,3 years ago
ChIJhRnu59zbfkcRmFyue2mzjH8,Very nice restaurant with super friendly staff. The meat was sooo good. We unfortunately haven’t made pictures because it locked so good and we just eat it. We asked the waitress about the wine and we had a really good glass of withe wine. We enjoyed the evening and the waitress spoke good english.,5,2026-02-19T21:20:03.063802565Z,6 months ago
ChIJhRnu59zbfkcRmFyue2mzjH8,"This restaurant truly exceeded my expectations. The steak was perfectly cooked — tender, juicy, and full of flavor. The grilled vegetables were fresh and beautifully seasoned, complementing the dish wonderfully. The tomato bruschetta served as a refreshing and flavorful starter that set the tone for an excellent meal. Every detail, from the quality of the ingredients to the attentive service, reflected great care and professionalism. A delightful dining experience that I would highly recommend.",5,2025-10-23T18:14:56.100560533Z,10 months ago
ChIJhRnu59zbfkcRmFyue2mzjH8,"Great food, kind welcoming staff. Definitely will come back!",5,2026-05-24T14:34:32.111301631Z,3 months ago
ChIJhRnu59zbfkcRmFyue2mzjH8,"Stopped at the restaurant while looking for a place for lunch on our way from Bologna to Padua. What a nice surprise! Great food and wonderful service. Went back for a second time, this time for dinner before continuing our trip in Italy and the service, food and atmosphere was even better - a must in the area!",5,2024-08-07T22:03:20.651035Z,2 years ago
ChIJhRnu59zbfkcRmFyue2mzjH8,Good place where to go also on the road through .  Excellent meat also the other delicious dishes on the menu .,5,2025-09-28T14:29:40.281076894Z,11 months ago
ChIJhSMMx2XafkcR47OvRXJlcOU,"We visited this restaurant as part of a group tour, and it was easily the best authentic Indian meal we had during our entire trip across Europe. The vegetarian spread was excellent—we were served fresh roti, dal, corn Palak curry, curds, and a fresh salad of onions and cucumbers. The meal was rounded off perfectly with sweet vermicelli Payasam. The service was impressively quick and efficient, and the ambiance made for a very pleasant dining experience. Highly recommended!",5,2026-04-26T10:52:48.603059082Z,4 months ago
ChIJhSMMx2XafkcR47OvRXJlcOU,"Rangoli Indian Restaurant is situated on the main road near the bus stop in Padova. It offers ample indoor seating space. During our visit, we tried their Indian vegetarian dishes, which were flavorful and neither too spicy nor bland. We ordered Dal, rice, corn spinach veggie, roti, potato beans, and salad.

We particularly enjoyed the Dal and Corn spinach veggie. The service was prompt, and the staff was polite. I appreciated their hospitality and the quality of the food.

The ambience could be improved, but they did have clean restrooms. It's a good place to visit with family or a group to enjoy Indian cuisine.",4,2024-09-22T21:18:41.615146Z,a year ago
ChIJhSMMx2XafkcR47OvRXJlcOU,"Went here with extended family for dinner on a group tour. Place was easily able to handle our large group with table service.

Food was just OK, and was pretty bland, and very much European version of Indian food.",3,2024-09-24T08:08:04.049845Z,a year ago
ChIJhSMMx2XafkcR47OvRXJlcOU,"We went to this Indian restaurant for the first time, and the food was very nice! The spices were good, the price was fair, the quality of the food was very good, It was worth it, we really enjoyed our time.",4,2025-02-10T07:14:12.622130Z,a year ago
ChIJhSMMx2XafkcR47OvRXJlcOU,"In the beginning the service was very slow and inattentive. After bringing it to their attention however, they picked up the pace and were very friendly about it. The food was good. The tandoori, palak paneer and naans were amazing. The biryani and the chicken madras were a bit too mild for us. If you like mango lassi, absolutely try it from here, I think it was one of the best ones I've had..ever.",4,2019-10-12T21:09:53.832123Z,6 years ago
ChIJhZBQ64nbfkcRlIU7ktc4TC0,"The best meatballs in town! Nice service, yummy food and cozy atmosphere :)",5,2024-01-29T08:49:48.497436Z,2 years ago
ChIJhZBQ64nbfkcRlIU7ktc4TC0,"Wonderful place, beautiful people, great food, amazing cocktails.",5,2024-03-28T13:33:58.328060Z,2 years ago
ChIJhZBQ64nbfkcRlIU7ktc4TC0,"Food, drinks and people are great. Cozy and arty. I love the place.",5,2024-03-26T05:54:55.652120Z,2 years ago
ChIJhZBQ64nbfkcRlIU7ktc4TC0,"The place is beautiful and welcoming, with colors and an atmosphere that make you feel at home. The service is excellent: courteous and helpful. The dishes are tasty and beautifully presented, from the cicchetti to the main courses (the second courses are highly recommended, they're delicious!).
There's also a wide selection of wines, beers, and, above all, fantastic cocktails to try!
The owners are friendly and approachable, always ready to answer your questions.
In short, a place worth stopping by for an aperitivo and even more so for dinner!",5,2024-01-27T08:34:13.314706Z,2 years ago
ChIJhZBQ64nbfkcRlIU7ktc4TC0,"We've been waiting a long time for such a lovely place in the heart of the Sacra Famiglia neighborhood, with a wide selection of wines and cocktails. It's the perfect place for an aperitif or dinner. The plain tartare, the focaccia nuvola, and the mozzarella in carrozza are my favorites. Well done guys.
You're also very friendly.",5,2025-01-22T12:41:33.452952Z,a year ago
ChIJhx51N2_bfkcRhU5UA82pJqY,"New staff, kind and fast service, cozy atmosphere, beautiful neon signs, AMAZING INGREDIENTS, DELICIOUS PIZZA.
Only small negative (personal) the pizza it’s on the THIN TYPE.
RECOMMENDED.",4,2023-02-26T16:05:55.174126Z,3 years ago
ChIJhx51N2_bfkcRhU5UA82pJqY,"Everything is great, from the staff to the food. The English-speaking waitress took care of me nicely and made a very good atmosphere to make me comfortable.",5,2026-01-27T19:30:17.964109702Z,7 months ago
ChIJhx51N2_bfkcRhU5UA82pJqY,"I had the best experience at this restaurant.
The service was super fast and the staff very kind. Our pizza was fabulous as well as the rest of our food.
I really recommend it!",5,2025-05-21T20:35:56.608947Z,a year ago
ChIJhx51N2_bfkcRhU5UA82pJqY,Great food. Pizza looked big but was light and delicious. Great wine choices too. Highly recommend. Also has its own car park (bonus),5,2017-09-25T18:05:06.360Z,8 years ago
ChIJhx51N2_bfkcRhU5UA82pJqY,"Have been here 30 years ago when I was living in Padova.  The atmosphere was great, but the pizza was just OK. The atmosphere is still great, but the pizza is now really good. I enjoy very much dining here. If you are looking for something different and good food this is your best choice.",5,2023-06-28T16:23:07.803355Z,3 years ago
ChIJhxiq3h3XfkcRRNNAL9BDmGs,"Great and satisfying Chinese culinary experience. The food quality and variety are commendable, making it a correct choice for those seeking authentic Chinese cuisine.
Although the service staff may come across as slightly inexperienced or unsure at times, they compensate with their friendly approach. Our waiter, Matteo, kindly suggested some recommended dishes, which I personally appreciated.
The restaurant offers well-furnished interior, reminiscent of an authentic Asian setting.
The prices are reasonable considering the quality of the food.
Overall, I would consider returning to this restaurant for future Chinese dining experiences with friends or family.",4,2024-03-06T09:31:15.493545Z,2 years ago
ChIJhxiq3h3XfkcRRNNAL9BDmGs,Little ways from padova but worth the trip if you are looking for a good Chinese meal.,4,2021-11-02T01:00:48.897558Z,4 years ago
ChIJhxiq3h3XfkcRRNNAL9BDmGs,"Always super good.. I always go there when I want a good chinese food
I try new plate everytime I go there and it tastes really good
I suggest the ravioli al vapore and manzo in salsa agropiccante",5,2022-10-17T19:22:03.960909Z,3 years ago
ChIJhxiq3h3XfkcRRNNAL9BDmGs,"The best chinese food I've ever eaten.. I went just because they said was good but after trying I went back the day after
Super suggested!",5,2021-11-17T17:58:41.317836Z,4 years ago
ChIJhxiq3h3XfkcRRNNAL9BDmGs,Excellent cantonese cuisine and the owner is from hongkong. Excellent service and delicious food. Reasonable price.,5,2019-09-04T12:43:28.509500Z,6 years ago
ChIJi2j8xKzafkcR9oQEix1qbPY,"The food at Mode Sushi is really amazing, and the service is just as good. The atmosphere is chill and nice, with soft lighting that creates a lovely vibe. If you are in the area, I highly recommend trying this place. I’m still dreaming about the veggie gyoza",5,2026-03-27T21:07:54.001156786Z,5 months ago
ChIJi2j8xKzafkcR9oQEix1qbPY,"Beyond amazing service. My gosh they were so kind. We first ordered to go because my blood sugar was low and I needed to eat. Ordering to go was open first. Then once it was done we could sit and dine in the restaurant. The waitress was sooo attentive. Sooo kind. I'm so happy they have eel too. They had my husband favorite fish eggs. 🐟
We can't wait to go back. This is the best sushi 🍣 restaurant in Padua. So close to sushi 🍣 you get in Hawaii or Japan.",5,2024-04-22T12:24:37.162393Z,2 years ago
ChIJi2j8xKzafkcR9oQEix1qbPY,My first day in Padova and I was lucky to find this place on Google Maps now the hours have changed so I showed up at 5:30 and they don’t open till 630 but it was worth the wait.,5,2024-08-31T18:16:27.820124Z,a year ago
ChIJi2j8xKzafkcR9oQEix1qbPY,"very professional stuff, but also polite. Service is at the level of high-end restaurants. Food is great and prices very decent. I would recommend",5,2025-01-10T20:25:04.498793Z,a year ago
ChIJi2j8xKzafkcR9oQEix1qbPY,"A really nice place, food is delicious and nicely served. The staff is extremely friendly, you don’t have to wait for a long time to receive your order. Everything is done the right way!!!!",5,2025-01-12T18:34:45.334744Z,a year ago
ChIJi62uCQnbfkcR5PJnoBVC1_E,They are best in Padova. I will miss the poke time when I return my country. Staff are kind and everything is fresh. Price is affordable,5,2025-10-16T16:44:54.552685736Z,10 months ago
ChIJi62uCQnbfkcR5PJnoBVC1_E,"After having tried multiple Poke shops in Padova, I can say this is absolutely the one! So much choice, kind staff and the bowl was so good🙂‍↕️ Would definitely recommend going.",5,2026-04-09T08:45:50.088415368Z,4 months ago
ChIJi62uCQnbfkcR5PJnoBVC1_E,"Got my Poke Bowl here yesterday evening to-go. The portions of fish or even everything in general are very generous and the prices very fair! I paid 11.90€ for a big bowl. I really enjoyed it!
Very recommended!",5,2023-09-17T08:26:12.024296Z,2 years ago
ChIJi62uCQnbfkcR5PJnoBVC1_E,Delicious poke! We enjoyed here in Padova. 5 stars ⭐⭐⭐⭐⭐🤌😘,5,2025-04-08T16:02:02.059579Z,a year ago
ChIJi62uCQnbfkcR5PJnoBVC1_E,"Very fresh and tasty poke bowls! Worth to visit..

Value for money! 100%",5,2025-02-09T17:09:26.996380Z,a year ago
ChIJiWQpSV3afkcRym5yGwuww7E,"Very good kebab and taste, it was very crunchy the meat, Guys are very kind!",5,2025-03-10T19:11:33.072983Z,a year ago
ChIJiWQpSV3afkcRym5yGwuww7E,Bad attitude. Poor conditions.  Rude to Europeans.,1,2025-09-30T16:49:53.752069133Z,10 months ago
ChIJiWQpSV3afkcRym5yGwuww7E,"Great kebab chef
my favorite",5,2025-08-27T14:24:45.687282326Z,12 months ago
ChIJiWQpSV3afkcRym5yGwuww7E,"We liked the sandwiches.
The place is quite small.
We had a quick dinner for two.
Strength: Convenient to get to from the train station.
Criticism: I wasn't thrilled with the decor and general state of repair. We preferred to finish our bus wait in a park a little further away, towards the city center!",3,2022-05-24T23:08:31.055052Z,4 years ago
ChIJiWQpSV3afkcRym5yGwuww7E,"Probably the best kebab in the Padua station area, after trying all the others. Very spicy, flavorful, and the bun is nice and full.",5,2022-03-08T06:05:24.156777Z,4 years ago
ChIJicwONjTbfkcRLhK544SIGJo,"Confused by the mediocre reviews. Was in padova for a week and overall had some good meals but also some forgetful meals at a few of the highly regarded restaurants. Found this place on the Michelin guide but was surprised to see so few reviews. menu looked good so I gave it a try and so glad I did. The food was the best I had all week. Eggplant parmigiana, pumpkin flan, and testaroli with pesto. Testaroli was incredible! Service was nice too. Definitely recommend!",5,2025-12-05T20:02:22.032961821Z,8 months ago
ChIJicwONjTbfkcRLhK544SIGJo,"Cannot understand the high rating. Maybe the hotel reviews get mixed with the restaurant? The restaurant is nice but food is nothing special.  Scallop starter was poor as was chicken dish. Pasta with shrimp was good. Fried fish was good. Again, nice but nothing special to merit a high recommendation.",3,2024-04-05T16:22:29.856254Z,2 years ago
ChIJicwONjTbfkcRLhK544SIGJo,"Restaurant is pretty good (reviews are mixed up with the hotel too). Nice variety of regional dishes. Nothing amazing, it's the hotel restaurant, but a good meal if you're right there. Try others in the historic center nearby.",4,2024-05-30T19:37:58.254864Z,2 years ago
ChIJicwONjTbfkcRLhK544SIGJo,"Spontaneous stop for dinner; friendly staff, great food, overall a very nice experience.",5,2023-11-29T21:25:06.439213Z,2 years ago
ChIJicwONjTbfkcRLhK544SIGJo,"My daughter and I stayed at the Hotel Europa for two days, and on two evenings we dined at the Zaramella restaurant.
I had called ahead to inform the staff of my food allergies. As soon as we arrived, we were greeted by Mrs. Sara, a delightful and kind person, who gave us all the information we needed to enjoy a delicious dinner, taking into account my numerous allergies. Mrs. Sara went out of her way and, in consultation with the chef, prepared special dishes for me. I had delicious pasta and excellent fried food on the first night, and on the second, a chicken with a side of homemade French fries, truly delicious!
Thank you again for your hospitality, your kindness, and your ability to understand and accommodate the needs of even the most particular guests like me, given my dietary restrictions. We will definitely be back!
A special thanks to Mrs. Sara and the blonde waitress, whose name we don't know, who was very kind and very friendly!
Paola",5,2026-05-13T09:09:32.697712928Z,3 months ago
ChIJifE3wM7bfkcRvKpR4bfdkbI,"Great place for Pizza and Kebab. We tried all pizza places on this street and agreed, the pizza tasted best here. Fresh, hand crafted, and perfectly thin and crispy yet supportive. If you are in Padova, stop by. Our recommendations are the Kebab and Vegetarian Pizza.",5,2026-06-27T16:26:32.569105717Z,a month ago
ChIJifE3wM7bfkcRvKpR4bfdkbI,"Foods are amazing, combination of Asian and Italian tastes together. Very welcoming environment!",5,2026-05-24T00:01:31.168220256Z,3 months ago
ChIJifE3wM7bfkcRvKpR4bfdkbI,Foods are very delicious specially kebab !!,5,2026-03-29T18:59:44.764868631Z,4 months ago
ChIJifE3wM7bfkcRvKpR4bfdkbI,Their food is very delicious and the service is very good.,5,2026-03-29T18:54:25.019814087Z,4 months ago
ChIJifE3wM7bfkcRvKpR4bfdkbI,"If you're in the Portello area of ​​Padua and want to eat well without spending too much, Gausia is a real guarantee. 🌯🍕🔥

The kebab meat is truly top-notch: flavorful, well-spiced, cooked to perfection, and never dry 😋👌 You can taste the quality right away, and it's one of those kebabs that really sticks in your memory!

But it doesn't end there: the pizza is also a pleasant surprise 🍕✨ Light dough, well-cooked, fresh, and flavorful ingredients. It's not at all easy to find a place that does both well, but here they succeed brilliantly 💯

Plus, Islam, the owner, is a truly kind and friendly person 🤝😊 Always smiling, helpful, and attentive to customers... he really makes a difference!

Clean place 🧼, fast service ⚡, generous portions 🍽️, and very fair prices 💸 One of those places you'll happily return to... and often 😄

👉 Take a look at the attached photos 📸 and, if you liked the review, leave a like 👍❤️",5,2026-04-13T15:14:27.120952654Z,4 months ago
ChIJiw3TIs3bfkcROwaq-zlrLEo,"The dishes were beautifully presented and absolutely delicious, and the staff were friendly. The rib was truly outstanding. Although a bit on, it is certainly well worth recommending.",5,2026-01-10T18:20:48.552925914Z,7 months ago
ChIJiw3TIs3bfkcROwaq-zlrLEo,"Hands down, that was the finest T-bone I’ve ever eaten.",5,2025-12-06T20:04:45.682412879Z,8 months ago
ChIJiw3TIs3bfkcROwaq-zlrLEo,"Good food, sublime grill and great wines & drinks;
i love this ""unconventional ""location.
Viva los hermanos DALTON",5,2020-06-24T08:27:42.501737Z,6 years ago
ChIJiw3TIs3bfkcROwaq-zlrLEo,"Great place for as quick lunch. Food is good... A bit pricey, but good.",4,2019-10-18T16:18:40.401032Z,6 years ago
ChIJiw3TIs3bfkcROwaq-zlrLEo,"Food was great, really!
Bit pricy.",4,2024-07-16T05:24:50.644412Z,2 years ago
ChIJixH89bzRfkcR6AJZWybxgf0,"We discovered this place by chance and absolutely loved being there. It is a state of art Cantonese restaurant run by a  sympathetic family (I guess). All the dishes were fresh, well-made and delicious. It is only about 10 Min by tram from the centrual station and worths a visit or two. The place is also charmingly glamourous and you can definitely go for a date, a family banquet, or an important business talk. Don't miss it.",5,2025-09-17T20:43:00.213701258Z,11 months ago
ChIJixH89bzRfkcR6AJZWybxgf0,"A truly elegant Cantonese restaurant offering an impressive variety of dishes, each prepared with care and using exceptionally fresh, high-quality ingredients. The staff were remarkably kind, professional and offered excellent recommendations that made our dining experience even better. The atmosphere is distinctive, perfectly balancing tradition and modernity in both its décor and overall feel.
Highly recommended!",5,2025-10-19T09:35:20.000642716Z,10 months ago
ChIJixH89bzRfkcR6AJZWybxgf0,"We are missing HK Dim Sum a lot, hence we went there and tried, ordered a lots too. All came out really good, delicious. Some of food still missing, but we are happy what we had already. Thanks for the boss. We will come back soon.",5,2024-01-08T21:31:07.388660Z,2 years ago
ChIJixH89bzRfkcR6AJZWybxgf0,I'm here with a friend for lunch. The dimsums are surprisingly good. I'll definitely be back to try the whole menu.,5,2025-09-21T15:55:21.999317963Z,11 months ago
ChIJixH89bzRfkcR6AJZWybxgf0,Authentic HK flavor restaurants. I like the beef with mushrooms and steam pork ribs with black bean sauce especially. Highly recommend.,5,2025-11-07T19:28:54.132673176Z,9 months ago
ChIJizyZQUTafkcRJmcdbJCiBlY,"I was totally disappointed by Mr. Krupon  inaccurate review given that he does not understand local culture or .... Please note the following:
This is a 100% neighborhood restaurant and serves its neighbourhood clients, totally authentic, delicious italian food.
It has 3 areas to serve their delicious food.  2 areas are mostly filled with families and friends and one area is for walk-ins. All 3 areas are very clean and served promptly by excellent servers. We had no issue with our seating. Food is made with  quality Italian ingredients and is absolutely delicious . Fine wines

Notes:
No parking space, take a taxi or walk
It is not open till 7:00pm
Have a good appetite",5,2024-03-12T20:49:45.007401Z,2 years ago
ChIJizyZQUTafkcRJmcdbJCiBlY,"Delicious food, great service and a lovely ambience to the restaurant with options to sit indoors or outdoors. Menu has lovely options to chose from but not so many they overstretch. The quality of the food was fantastic!",5,2025-09-25T08:15:22.474356937Z,11 months ago
ChIJizyZQUTafkcRJmcdbJCiBlY,"This spot is really welcoming and the staff are super kind (special mention to Liam). They have English menus, offer a good selection of pizzas, and the prices are fair for the quality you get. The Nutella panna cotta was a personal favorite. Will definitely recommend  💯💯",5,2023-11-30T22:48:32.541540Z,2 years ago
ChIJizyZQUTafkcRJmcdbJCiBlY,A great experience! The food arrived really quickly and was absolutely delicious. The wonderful tiramisu was a real highlight.,5,2026-05-22T08:55:58.111631213Z,3 months ago
ChIJizyZQUTafkcRJmcdbJCiBlY,"The restaurant came recommended by our airbnb host in Padova and we were very happy we went. We had a delicious dinner… pizza, pasta, salad and desert were excellent. The service was prompt and very friendly. We enjoyed sitting outside under the portico. Prices are also really fair. :)",5,2025-06-06T09:33:29.365307172Z,a year ago
ChIJj32mcQDbfkcRdz_XMnh49QY,"We had a wonderful experience; you can listen to records continuously throughout the night. The sound system is high-quality, but thoughtfully designed so as not to interrupt your conversations. We tried Spritz and the shared snacks; the fact that all options were vegan was an added bonus. Everything was delicious, and the atmosphere was amazing.",5,2026-01-27T08:10:53.448907179Z,7 months ago
ChIJj32mcQDbfkcRdz_XMnh49QY,"Amazing vibes, great music and really welcoming staff who are clearly passionate about their job and products. Cannot recommend this place enough if you want to enjoy a jazz night with friends!",5,2026-06-12T08:32:25.697577677Z,2 months ago
ChIJj32mcQDbfkcRdz_XMnh49QY,"Had a really disappointing experience here after I was really excited to try this osteria.

I arrived and asked in Italian for a table for 3. The waitress (dark hair in a ponytail, large black glasses) asked me if I meant 6? I repeated “no 3” and held up 3 fingers (I have a strong english accent when speaking Italian). She turned towards her colleague and mocked my pronunciation repeating “3”. It felt cruel and a strange way to behave towards three people asking for a table in a near empty restaurant. We were really shocked so didn’t say anything.

Her colleague brought us to a table with 2 chairs. We repeated again we were 3 people (understand clearly at this point by everyone) and he told us to add a stool to the table or take one from another table.

When our wine arrived (delicious) 2 of the 3 pours were visibly underneath the pour line on the glass which was especially ridiculous for wine that cost us 6.5 and 7.5€ per glass.

We had planned to try the menu but left because of our experience. I wouldn’t return after the service.",2,2026-04-01T09:35:26.828423816Z,4 months ago
ChIJj32mcQDbfkcRdz_XMnh49QY,10/10 place!,5,2025-10-26T00:06:07.657998854Z,10 months ago
ChIJj32mcQDbfkcRdz_XMnh49QY,"A delightful, completely vegan place! The cuisine revisits traditional dishes with a plant-based twist, and I must admit, even non-vegans love it.
They have an excellent selection of alcoholic and non-alcoholic wines (incredible, one of the few places that stocks Feral's non-alcoholic ""wines""). They don't have commercial labels, but the cola is Baladin, like the other drinks.
The dishes were truly balanced in flavor, and it was a wonderful experience to be able to taste traditional, yet plant-based dishes! They allow everyone who makes this kind of choice to sample tradition while remaining true to their values.
What can I say... thank you!",5,2026-06-18T19:05:27.410148930Z,2 months ago
ChIJjQsPbBnafkcRrgTNIgVSN70,"The best: cute place to eat, inside and outside. Attention is not that fast but is kind. Special pizzas and also the traditional ones. Parking is one block away. Prices are high.",4,2025-09-10T07:37:41.651998551Z,11 months ago
ChIJjQsPbBnafkcRrgTNIgVSN70,"Excellent pizza in Padua! My friends and I sat outside, when the warm July allows to do so. The terrace is just in front of a rather trafficked streed, but the noise is not that bad. The price of pizzas and beverages is a bit above average, but pizza here is totally wirth it. The crust was high and soft, and the dough was well prepared and not heavy at all. For my taste, it was a bit too cheesy, and covered a bit the flavour of the tomato sauce. However, that doesn't mean that I didn't enjoy my pizza. On the contrary, I think it's one of the pizzas I've ever had in Padua!",4,2023-11-05T07:07:59.525685Z,2 years ago
ChIJjQsPbBnafkcRrgTNIgVSN70,"Very very tasty pizzas! Especially the crust, it's different and delicious. Good desserts as well. The place looks pretty old and very simple, but food is amazing 🤩",5,2025-01-15T22:21:54.957411Z,a year ago
ChIJjQsPbBnafkcRrgTNIgVSN70,"Good pizzas at fair prices, but very few beers to choose. Perfect location before/after a visit to the stadium.",4,2023-07-12T14:29:05.992066Z,3 years ago
ChIJjQsPbBnafkcRrgTNIgVSN70,"Very nice place. The owner takes time for you to find the right meal, speaks fluent english and is very patient and polite. The food is delicious. Everything is clean. Recommended!",5,2016-08-19T18:44:13.124Z,10 years ago
ChIJjS-_iezbfkcRGq60nV7vOEQ,"I visited this shop and first asked if they had Wi-Fi. The employee said there was no Wi-Fi and that it was free and that I could have access. Then I asked what the network was called, and she looked briefly but said she didn’t find it. I then paid for what I had bought on the assumption that the shop would have Wi-Fi and left. Before leaving, I asked if there was another café nearby with Wi-Fi, and she said she didn’t know.
However, there was another employee — a very polite young man — who helped me with a smile. I really can’t understand why answering such a simple question was so difficult.",3,2026-02-06T00:10:14.129678466Z,6 months ago
ChIJjS-_iezbfkcRGq60nV7vOEQ,I’d die for the latte macchiato they make here. The exterior tables’ outdoor vibes are amazing too.,5,2025-12-29T15:01:14.170873718Z,8 months ago
ChIJjS-_iezbfkcRGq60nV7vOEQ,"Excellent service. The food is quite good, and they have excellent sandwiches. Is always clean and organized.",5,2022-09-07T15:53:21.800794Z,3 years ago
ChIJjS-_iezbfkcRGq60nV7vOEQ,Always kind waitresses and very good food too! Perfect for students.,5,2018-06-18T09:48:18.216Z,8 years ago
ChIJjS-_iezbfkcRGq60nV7vOEQ,Good quality food at really great price. Absolutely recommend for students.,5,2019-11-13T17:03:38.613749Z,6 years ago
ChIJjTjl1zvXfkcRkjjVqdMHEow,We had a great time and really enjoyed the food. The burgers were very tasty and well prepared. Friendly atmosphere and good service. We would definitely come back!,5,2026-05-28T20:09:21.886479771Z,2 months ago
ChIJjTjl1zvXfkcRkjjVqdMHEow,"Excellent tasty burgers, great fries too. Out  of town but well worth it despite the quiet location.",5,2024-10-25T10:27:38.668717Z,a year ago
ChIJjTjl1zvXfkcRkjjVqdMHEow,"Nice pub for burgers and beers! The atmosphere is great, with good music playlist in the background, not too loud. The burgers & fried are tasty, for a right price (15-16€). Beers are also nice, they have a small but good selection.",5,2024-03-09T21:52:56.487723Z,2 years ago
ChIJjTjl1zvXfkcRkjjVqdMHEow,"Most expensive burger (14euro)in my life (and i tasted loooot great burgers) with a worth quality of 8 euro.
Bun good, meat good.but heeey...whats wrong with you.now i understand why Italians make vacation elsewhere",2,2025-02-27T21:34:17.114106Z,a year ago
ChIJjTjl1zvXfkcRkjjVqdMHEow,The Best Company,5,2023-11-29T17:02:33.911905Z,2 years ago
ChIJjTvUwo_bfkcR96gI8Nd2E0g,"Great Food, friendly helpful staff, I love it!",5,2026-08-25T19:09:06.355115238Z,in the last week
ChIJjTvUwo_bfkcR96gI8Nd2E0g,Great food! Ottimo! Many selections of meat and also several korean dishes,5,2026-08-25T18:56:17.252087562Z,in the last week
ChIJjTvUwo_bfkcR96gI8Nd2E0g,"All food is fresh, fast service, cozy ambience. We went for dinner, all is good",5,2026-08-24T20:14:12.310498952Z,in the last week
ChIJjTvUwo_bfkcR96gI8Nd2E0g,Top,5,2026-08-24T20:09:42.207146457Z,in the last week
ChIJjTvUwo_bfkcR96gI8Nd2E0g,Super!,5,2026-08-24T19:19:00.512030934Z,in the last week
ChIJjZuyhzbFfkcRWyrjPOxWuWQ,Excellent !!!,5,2023-02-06T21:30:28.055002Z,3 years ago
ChIJjZuyhzbFfkcRWyrjPOxWuWQ,A small and special place to enjoy high quality seafood prepared to perfection and served by a friendly family who are clearly experts in what they do. We stumbled across this restaurant by chance and left blown away by how fresh and flavourful everything was.,5,2026-08-23T13:41:10.993068844Z,in the last week
ChIJjZuyhzbFfkcRWyrjPOxWuWQ,"The owners were great. The fish was super good. The dessert was excellent. Friendly service. The price was fair for the quality of the food. I was just passing through, but I'll definitely be back. Compliments.",5,2026-05-05T14:00:04.283208674Z,3 months ago
ChIJjZuyhzbFfkcRWyrjPOxWuWQ,"Lovely place. Small, cozy, and elegant. Excellent food. Fresh and well-prepared. We were lucky to have found it. I'd gladly return if I ever come back to Padua.",5,2026-02-17T16:55:03.742039093Z,6 months ago
ChIJjZuyhzbFfkcRWyrjPOxWuWQ,"A true gem for seafood lovers! I had the pleasure of dining at this restaurant and was thrilled. The fish is incredibly fresh, expertly cooked, and brings out the flavor of the sea. The intimate and cozy atmosphere, with limited seating, makes the experience even more pleasant and relaxed. Perfect for a quiet evening. A special shout-out to the owners, who are truly kind and passionate, and who make you feel right at home. A genuine hospitality that is increasingly rare these days. I will definitely be back.",5,2025-06-18T13:26:40.881351281Z,a year ago
ChIJjxV7pLrEfkcRqI4H4UMeFpg,The quality of meet is very good. We shared a dish for three will all types of meat. The service was excellent. They made sure that we were well served. It was a very good family experience.,5,2023-12-29T06:05:46.127937Z,2 years ago
ChIJjxV7pLrEfkcRqI4H4UMeFpg,Over all not bad. The food tasted pretty good. Attentive good service 100% well Decorated. Felt American style. Price was good too.,4,2024-03-31T15:38:23.004821Z,2 years ago
ChIJjxV7pLrEfkcRqI4H4UMeFpg,"The place is very friendly and familiar. Very good for big groups, since they have a big area outside.

I tried the ribs and we're absolutely delicious and the price I thought I was fair.

There's music around the place and it was very entertaining to have a chat with friends.",4,2022-06-12T08:05:04.191920Z,4 years ago
ChIJjxV7pLrEfkcRqI4H4UMeFpg,"The overall place experience and feeling is not bad.
However, a couple of orders were wrong and others didn't arrive, even after asking multiple times for them. A couple of people at the table ate almost 90 minutes after everyone else has already finished.
We also had trouble with the final bill, there were errors in the total amount to pay (higher than actually consumed).
We didn't have any apologies or discount for the inconvenience caused and only after confrontation they offered us a 10€ price reduction for a total consumation of 380€.

The food Is not bad but overall overpriced for it's quality.

This review comes after multiple visits at this place where everytime the service is lackluster.
Last 5 visits had each time errors in the orders.

Overall do not recommend.",2,2025-10-25T21:15:15.530665329Z,10 months ago
ChIJjxV7pLrEfkcRqI4H4UMeFpg,"Very good food, great service",5,2025-09-18T10:48:54.181120944Z,11 months ago
ChIJk2SI6ePFfkcR7uzzp1xTMCA,"If you love sushi 🍣🍣 and asian food, that place is definitely for you 🤩🔥🔥🔥",5,2025-10-02T06:55:44.980181741Z,10 months ago
ChIJk2SI6ePFfkcR7uzzp1xTMCA,First time coming here. I was so happy with everything we ate. The presentation of the food was faultless. Everything was beautiful and delicious.,5,2022-05-19T19:58:21.339666Z,4 years ago
ChIJk2SI6ePFfkcR7uzzp1xTMCA,"I have been in a few places around the area. The lunch sushi selection is not a wide as other places, however, great quality, fresh food... and they  make it to our liking, most places do not make any adjustments. Staff is great.... specially Joy! She is great, treats you as if you are the only one in the restaurant.",5,2022-05-13T15:02:53.515434Z,4 years ago
ChIJk2SI6ePFfkcR7uzzp1xTMCA,"I often eat at this restaurant, their service is very good. And their food quality is very good. You can check here.",5,2025-04-16T12:18:37.479496Z,a year ago
ChIJk2SI6ePFfkcR7uzzp1xTMCA,Nice,4,2021-08-17T08:32:57.124864Z,5 years ago
ChIJk4stUyjafkcRt5KYiQpXTZ4,Excellent food in a very friendly environment at a good price.  Worth driving a little longer,5,2024-06-27T13:37:14.504155Z,2 years ago
ChIJk4stUyjafkcRt5KYiQpXTZ4,The Best Italian food I have ever had!,5,2023-12-31T08:32:46.067892Z,2 years ago
ChIJk4stUyjafkcRt5KYiQpXTZ4,Top!,5,2020-10-25T13:04:18.535022Z,5 years ago
ChIJk4stUyjafkcRt5KYiQpXTZ4,Top,5,2019-03-27T15:30:18.706928Z,7 years ago
ChIJk4stUyjafkcRt5KYiQpXTZ4,"They're always very nice and helpful.
The quality/price ratio is excellent, the food is carefully prepared, the place is always tidy and clean, and you can also eat inside—what more could you ask for?!
I highly recommend it, and I congratulate the people who work there—well done 👍👍👍👍👍",5,2026-05-21T05:14:10.892315263Z,3 months ago
ChIJk6LMdwjbfkcRqTV3lF8bJ2c,"Kind staff, good ingredients, but the pizza it’s really thin and crunchy. Not for thick/napoletana style pizza lovers 🍕",3,2026-07-15T07:50:21.474887657Z,a month ago
ChIJk6LMdwjbfkcRqTV3lF8bJ2c,"Pizzeria Al Vecio Cason offers a solid selection of pizza options at affordable prices, making it a great spot for locals. Located outside the city center, it provides a more authentic, local experience.

The dough is well-prepared, with a satisfying texture, and the ingredients are fresh and served in generous portions. While it may not be in the heart of town, it's worth a visit for a good, no-frills pizza experience. A perfect place to enjoy quality pizza without the tourist crowds!",4,2024-11-29T15:05:41.266978Z,a year ago
ChIJk6LMdwjbfkcRqTV3lF8bJ2c,"This spacious pizzeria with plenty of indoor seating is perfect for a cozy meal with friends or family. The pizzas are delicious, and you get to choose from classic thin crust, Neapolitan-style thick crust, or whole grain dough - a nice touch for all preferences.

We went with the Neapolitan pizza, and it did not disappoint: chewy, airy crust, a flavorful tomato sauce, and fresh, high-quality toppings. The menu is extensive, ranging from the beloved classics to more creative choices like pizza with porchetta - so take your time browsing!

The dessert of the day was a highlight: a crunchy amaretti base topped with a light, nutty pistachio mousse - airy, fluffy, and full of flavor.

The service was friendly and efficient, and the prices are fair for the quality you get. A fantastic spot to enjoy a truly satisfying pizza night!",5,2025-04-21T14:31:40.020872Z,a year ago
ChIJk6LMdwjbfkcRqTV3lF8bJ2c,"I was finally able to go to Vecio Cason, and I really liked the pizza I had, and my dinner mates as well. Also Tiramisù was good.
Service really nice and gentle! Maybe a little slow but nothing major at all (the place was very crowded)",5,2023-08-24T15:29:47.710845Z,3 years ago
ChIJk6LMdwjbfkcRqTV3lF8bJ2c,"Very good pizza! Choice between four types of pizza doug. The tiramisu was not very good. The pistacchio mousse, however, was pretty good!",4,2023-01-29T21:13:31.370240Z,3 years ago
ChIJk9CFgpzbfkcRxuNsgs0etG0,"We had breakfast and the pastries were okay, but not great.",4,2026-08-24T07:33:17.184189191Z,in the last week
ChIJk9CFgpzbfkcRxuNsgs0etG0,"The manager and bartender Antonio were super kind and welcoming, the service impeccable and accompanied by a lot of charisma!! Even though they removed sushi from the menu, the meal options were vast.",5,2026-07-30T23:32:10.291155270Z,3 weeks ago
ChIJk9CFgpzbfkcRxuNsgs0etG0,"I will definitely be back, very peaceful environment.",5,2026-05-25T07:53:43.356601015Z,3 months ago
ChIJk9CFgpzbfkcRxuNsgs0etG0,"I had breakfast here the other day. Beatrice, a super kind girl, served me, excellent service.
I'll definitely be back!!",5,2026-07-12T01:52:30.201432167Z,a month ago
ChIJk9CFgpzbfkcRxuNsgs0etG0,Non-existent and impossible parking,2,2026-07-05T19:23:18.479759600Z,a month ago
ChIJkUI1If7afkcR0E2W3YadCTU,"I was between 3 and 4 stars but gave 4. My friend ordered her cappuccino ben caldo but it wasn’t hot. Also the desserts are nice and are created with high techniques but when it comes to the taste, it doesn’t have something makes its price higher than other shops in Padova. For example the sugar level in these deserts (sacher, perla nera and settevoli) extremely high and it was like you’re eating forks of chocolate instead of enjoying the harmony in the dessert. Apart from that, I liked the place and interior design, hygiene and the attitude of the staff.
Will I come here again? Idk.",4,2026-01-08T13:48:36.352975542Z,7 months ago
ChIJkUI1If7afkcR0E2W3YadCTU,Ginseng Cappuccino was Yumm. The desserts were good but not any extraordinary. The prices are definitely higher and not worth it imo. You could visit once.,3,2025-05-17T11:30:35.299046Z,a year ago
ChIJkUI1If7afkcR0E2W3YadCTU,"I bought 10 fritoe (Carnival traditional stuffed fritters), they were very small and not good...they just tasted of the huge amount of sugar they were coated with. And the fritoe cost 1,8 euro each ...18 euro for 10. Too much for something not impressive at all.",3,2026-02-03T15:10:23.923741350Z,6 months ago
ChIJkUI1If7afkcR0E2W3YadCTU,"Very nice, fancy looking place. Great that you can see the desserts being prepared (kitchen is right next to the bathroom, with a glass wall). Taste vise good, but on an expensive side. I got sole mio - good, but not 8€ good.",5,2025-06-18T12:08:37.261515942Z,a year ago
ChIJkUI1If7afkcR0E2W3YadCTU,"Nice place to relax and socialize. Delicious and fragrant coffee, gourmet desserts and high quality chocolates. We come here to enjoy life!",5,2023-08-24T14:15:19.738486Z,3 years ago
ChIJkUS3BADbfkcREQveBdcmOtA,"I usually order from this place, and I really love their kebab piadina, it’s so delicious! The staff are also very kind. Tonight, I ordered online, but due to a problem, I couldn’t receive my order when it was delivered (at 11:40 pm). Then I called them at 1 AM, they prepared the food again and delivered it very quickly. I’ll definitely be back!",5,2024-12-30T02:14:57.528555Z,a year ago
ChIJkUS3BADbfkcREQveBdcmOtA,Best kebab I ate in a long time! Big portion and not expensive. I grew up eating kebab in Germany and this place makes it how I know it should taste. Love it and would recommend it.,5,2024-06-01T23:41:49.620666Z,2 years ago
ChIJkUS3BADbfkcREQveBdcmOtA,"Excellent. Taste was great, price is fair, and quality is good. Kafteji is not quite like the Tunisian version but very tasty anyway. Highly recommended.

5/5.",5,2024-06-16T17:31:17.956083Z,2 years ago
ChIJkUS3BADbfkcREQveBdcmOtA,Best kebab in Padova! 👌🏼 10/10 would recommend.,5,2018-10-24T18:23:16.554732010Z,7 years ago
ChIJkUS3BADbfkcREQveBdcmOtA,"I ordered via justeat, everything was on time, clean and delicious. Thank you!",5,2020-03-29T20:43:39.176172Z,6 years ago
ChIJkUkA2G3bfkcRQd_9nhNSKmM,"We visited this place last night and it was a huge disappointment. The value for money is shocking. I ordered a sandwich for €13, and it was tiny—not filling at all. To make matters worse, we asked for French fries but were served potato chips instead. The worst part was the bill. They charged us €15 per sandwich instead of the €13 listed on the menu (overcharging us by €4 total). When we caught the mistake, they just said, ""Oh sorry, it was a mistake."" It is hard to believe that an owner doesn't know the price of their own food. Since they didn't even provide a receipt initially, I strongly suspect this was intentional. Avoid this place.",1,2026-01-15T11:17:56.446612578Z,7 months ago
ChIJkUkA2G3bfkcRQd_9nhNSKmM,The bomba are so good we returned twice. Be ready to need to go and wash your face there is so much filling. Great breakfast deal means coffee is free with the Pastry.,5,2025-06-27T08:01:35.442227623Z,a year ago
ChIJkUkA2G3bfkcRQd_9nhNSKmM,"We went there last night. The food quantity was very small compared to the price. The quantity is same as mcdonalds but 13 euros for a small burger!
He asked us 3 times if we want water, and in the end they was just brought overpriced tap water.
At the exit when we paid i noticed he charged us 15 euros for the burgers which should have costed 13. Then i told the cashier at first he denied it being 13 euros. Then i showed him on the menu and he gave us back 4 euros (for 2 sandwiches).

PURE FRAUD",1,2026-01-15T11:23:25.183053888Z,7 months ago
ChIJkUkA2G3bfkcRQd_9nhNSKmM,"We bought sandwiches and coffee here, everything was delicious. The people working there were very friendly and spoke good English. Thank you!",5,2025-07-30T12:05:32.407481553Z,a year ago
ChIJkUkA2G3bfkcRQd_9nhNSKmM,"The food is spectacular, unlike the restaurants next door. For the same price as a McDonald's menu, at ALT you can find dishes made with fresh ingredients and simple flavors, yet the result of research and experimentation.
You can taste the quality with every bite, at a truly incredible price.
Not to mention that the place is beautiful and well-kept, the staff is truly friendly and polite, and the wait time is very short.

My partner and I ordered a pork savory bomb, a sausage focaccia, tiramisu, and a cream bomb, and it was truly a memorable lunch.

The quality you'll find is due to the meticulous care and attention in selecting the dishes by the three-Michelin-starred chef.

We'll definitely be back to try the fried chicken.",5,2025-08-03T14:34:44.053271487Z,a year ago
ChIJlcxcI7vbfkcRrbx2pQJOEO0,"Served a delicious panzerotti - our first ever- by the LOVELIEST man. Have had millions of pizzas and calzones. This was really lovely, thank you. We are only here 2 days but hope to come back to try another flavour.",5,2024-08-07T21:27:21.400875Z,2 years ago
ChIJlcxcI7vbfkcRrbx2pQJOEO0,"open late and faithful. these guys will give you the most amazing bread. charcoal roasted bread with some good fillings. cheap and warm and divine oh my god. the savory ones are amazing, come back later in the night for a second round of the chocolate milk bread. the dude who gave me the bread was so kind I love him miss you bread man miss you bread. .. .",5,2025-04-28T21:12:05.017969Z,a year ago
ChIJlcxcI7vbfkcRrbx2pQJOEO0,"Good place to get good quality calzone, friendly staff and open early and late, great for food during a break from college or during a night out. Would recommend.",5,2025-06-09T13:16:16.895298Z,a year ago
ChIJlcxcI7vbfkcRrbx2pQJOEO0,"Mid July 2023 on Sunday evening. We took 5 pieces , marguerita, salami, ricotta. All hideous (and I'm being generous) the filling of the margueritta  I threw it away after one bite must've been sitting there all day and a few more maybe. The number 8 was edible. Tough dough, not fresh. I mean, bad, bad.
The seller was stoned. No problem with that as long as he can keep the shop in order. Obviously he and/or his boss couldn’t. Nearly 30 euros down the trash.",1,2024-01-27T07:22:45.708899Z,2 years ago
ChIJlcxcI7vbfkcRrbx2pQJOEO0,Tasty bites . My favourite one is N 4 spinach panzerroti . The best part of this place open daily and long working hours even in month of August that most of the places are closed in city🤦‍♀️ .value for money with good quality ingredients. Friendly staffs 🤗Recommended for every one specially for students since near by portello 👍,5,2022-08-11T11:21:38.308405Z,4 years ago
ChIJlcyFO1vbfkcRqAtvkvtHHaE,Really enjoyed having drinks and watching the World Cup Football match.  But how is anybody ever going to find this tap room/bar or even know that there is a bar here??? THERE IS NO SIGN.  YOU NEED A SIGN!  Here are some examples.  If you put up a sign you will have so many people come into your bar.,4,2026-07-12T21:59:10.196199219Z,a month ago
ChIJlcyFO1vbfkcRqAtvkvtHHaE,"We had pre-booked a table, so we were seated immediately without any wait. The burgers were honestly delicious. My only small suggestion would be to offer more bun varieties to really take the flavor to the next level. The staff was also super sweet. We loved the overall experience.",5,2026-03-01T10:13:36.628722558Z,5 months ago
ChIJlcyFO1vbfkcRqAtvkvtHHaE,"The place is nice, as well as beer selection and atmosphere. If you come as a group of ppl you can take some table games they have. There are TV screens for sport translations. The girl Patty (I hope I’m not wrong with spelling) is very helpful and friendly:) the only thing that most probably you won’t find a place if you don’t know where it is since there is no sign. I hope that soon you will have a sign and more people will come here 🥰",5,2026-08-03T10:46:46.613674324Z,3 weeks ago
ChIJlcyFO1vbfkcRqAtvkvtHHaE,Nice place to get a beer and watch the game,5,2026-06-22T22:07:14.563890532Z,2 months ago
ChIJlcyFO1vbfkcRqAtvkvtHHaE,Excellent quality food and beer !,5,2026-01-10T20:10:49.502025554Z,7 months ago
ChIJlxF2AwDRfkcR-5HY6tPYzOU,"Spectacular sushi with an all-you-can-eat menu, affordable prices, and sublime quality.
The place has plenty of space and is very beautiful inside.
The service is excellent, super fast, and it's rare they don't have food.
I highly recommend it.",5,2026-03-05T11:47:34.837101804Z,5 months ago
ChIJlxF2AwDRfkcR-5HY6tPYzOU,"When we arrived, they greeted us immediately and we started ordering. As soon as we placed our order, everything arrived immediately—the speed was unheard of. The ravioli are delicious, and the sushi pieces are small, so you can try much more than the usual ones. Highly recommended!",5,2026-04-26T08:42:32.748763935Z,4 months ago
ChIJlxF2AwDRfkcR-5HY6tPYzOU,"I come here often. The fish is incredibly fresh, the staff is always helpful, very kind and friendly, parking is convenient, and the food is excellent. They have a wide variety of Chinese, Japanese, and even Italian dishes. The food is served very quickly. In my opinion, this is the best Japanese restaurant in Padua.",5,2025-12-01T21:37:35.018447117Z,8 months ago
ChIJlxF2AwDRfkcR-5HY6tPYzOU,"I've been to this sushi restaurant and I must say I was truly impressed. The food is excellent, with dishes crafted with attention to detail and excellent flavor. The place is beautiful, welcoming, and well-decorated, perfect for both a quiet dinner and company.

The service is quick and efficient: the dishes arrive quickly without long waits. The price is also fair for the quality, which makes the experience even more enjoyable.

Definitely a place I'll gladly return to!",5,2026-05-04T14:16:45.880441383Z,3 months ago
ChIJlxF2AwDRfkcR-5HY6tPYzOU,"I was here today for lunch and had a great time.
Fresh sushi, fast service, and friendly staff. I'll definitely be back, I recommend it!",5,2026-07-25T14:33:20.583863088Z,a month ago
ChIJlyxYRbDbfkcRORBCU2FGMDo,"What a great place! Found myself at a loose end after a hard week of conferencing and was craving craft beer & a burger.
Sat outside for a while & then went in. Beer is great. They had some strong ones on, which is always good. Oh and the beers are fixed price, depending on size!! €5 for a medio 😃
If only every craft beer joint did this!!
Ordered the smoked burger to eat & it was absolutely banging!
Really pleased to have found this place. Great find!",4,2026-06-17T20:44:46.879145997Z,2 months ago
ChIJlyxYRbDbfkcRORBCU2FGMDo,"We stumbled across this gem a little off the beaten track,  but well worth a visit. Good selection of beers and an awesome sharing platter. Recommend!",5,2025-11-15T13:17:06.600986743Z,9 months ago
ChIJlyxYRbDbfkcRORBCU2FGMDo,"The beer was good but the stuff is very rude. No smiles, working like not caring about clients. I am Asian and for me it was kind of racist. It was my second time going here, but after this kind of experience I am not sure if I come again or recommend this place to my friends…",1,2025-12-12T22:13:06.262646191Z,8 months ago
ChIJlyxYRbDbfkcRORBCU2FGMDo,"Nice place I have come several times with friends, they have a very good variety of beers and also food that can be used as an accompaniment or dinner which is very good, orders arrive quickly, there is no danger of not finding average parking prices.",5,2022-10-18T11:05:20.293149Z,3 years ago
ChIJlyxYRbDbfkcRORBCU2FGMDo,"This place is quite a hidden gem, at least for tourists. The surrounding area looks a bit sketchy and not very inviting, but this 'beer house' is definitely worth it. The bar is unexpectedly big with quite a lot of tables and even aN air hockey table.
The beer was good and the food was amazing. The guy behind the bar was very friendly and quite helpful. He even told us about a couple of festivals in the area and seemed genuinely interested in our holiday.
10/10 would visit again and I would recommend everyone to have a beer and a snack here.",5,2025-07-07T21:06:59.952931682Z,a year ago
ChIJm-JhC3PbfkcRoHJ_HHAxz3Q,"Terrible experience! I ordered a pizza online, but after one hour nothing had changed on the site (no preparation or delivery update). Then I cancelled the order, and to this day I haven’t received my money back.",1,2026-03-19T16:34:38.275518834Z,5 months ago
ChIJm-JhC3PbfkcRoHJ_HHAxz3Q,"Friendly atmosphere  , good food and they even do discount or give free drinks when some came for the first time",5,2026-06-08T21:02:48.635463399Z,2 months ago
ChIJm-JhC3PbfkcRoHJ_HHAxz3Q,"Overall very good, the local atmosphere wasn't the best though, I would add some light background music for ambiance",4,2026-03-19T20:45:30.668216330Z,5 months ago
ChIJm-JhC3PbfkcRoHJ_HHAxz3Q,Very good service,5,2025-06-15T19:43:18.739979649Z,a year ago
ChIJm-JhC3PbfkcRoHJ_HHAxz3Q,"I hadn't expected it to be so tasty. It tastes like a good burger from KFC or McDonald's, for example, but a lot less greasy. By the way, we received great service and thoroughly enjoyed our meal.",5,2026-07-24T20:55:41.340761400Z,a month ago
ChIJm1jBqj_bfkcRZK2pv_5A6so,"The menu has a great range of choices, personally I recommend you he pizzas with kebab meat which, imo, are the best. The price-quality ratio is adequate but sometimes you wish the ingredients were higher quality.",4,2025-11-28T23:28:30.676284545Z,9 months ago
ChIJm1jBqj_bfkcRZK2pv_5A6so,"The staff was really friendly  and the pizza was absolutely amazing!! It’s honestly one of the best pizza places I've ever been to. I highly recommend everyone to eat here, you won't be disappointed!",5,2025-10-04T14:22:46.154298844Z,10 months ago
ChIJm1jBqj_bfkcRZK2pv_5A6so,"Pizza was prepared in very short time (peperoni), it was tasty. Decent size, excellent value for price paid (5.5€). Owner George is very polite, helpfull. We can reccomend it without doubt, excellent choice.",5,2024-02-18T12:08:47.380558Z,2 years ago
ChIJm1jBqj_bfkcRZK2pv_5A6so,"Delicious pizza, I recommend!",5,2023-11-13T16:53:39.368110Z,2 years ago
ChIJm1jBqj_bfkcRZK2pv_5A6so,Best kebab in Padova,5,2023-06-02T19:57:54.504147Z,3 years ago
ChIJm3NZzLvFfkcR4TMB4h-ZCwg,"Loved the place and their kebab was superb, I had to keep getting it every time I pass by there.",5,2025-11-17T11:25:11.096188766Z,9 months ago
ChIJm3NZzLvFfkcR4TMB4h-ZCwg,Delicious brioche/piadina kebab for €5. Friendly staff and atmosphere.,5,2025-01-20T01:36:00.220979Z,a year ago
ChIJm3NZzLvFfkcR4TMB4h-ZCwg,Good,5,2025-06-17T16:07:04.773121859Z,a year ago
ChIJm3NZzLvFfkcR4TMB4h-ZCwg,"I Googled a kebab place nearby and it pointed me to this one, five minutes away. Easy parking even though the road is very busy. The sandwich I ordered was good, the fries 🤔 and the oil 😂. They often say you should ask to use the restroom before eating. Luckily, I ate first. I won't add anything else, and not just because of the restroom.",2,2025-11-12T20:17:07.159122327Z,9 months ago
ChIJm3NZzLvFfkcR4TMB4h-ZCwg,"A truly delicious 66cl Moretti beer. Fairly priced, only €2.50.",5,2026-01-20T22:25:27.334350325Z,7 months ago
ChIJmShy2QTbfkcRoPeMDtwZ6pE,"Delicious pizza!! One of them had a crust filked with high quality ricotta, it was trult amazing! Worth the walk out of the city center.",5,2026-02-01T22:07:54.726520090Z,6 months ago
ChIJmShy2QTbfkcRoPeMDtwZ6pE,"A Wonderful Dining Experience

We had a fantastic time at this restaurant. From the moment we arrived, everything was perfectly arranged. We didn’t have to wait for a table as it was already booked and it was beautifully presented with a clean, neat tablecloth.

Service was quick and professional. We were approached promptly by a friendly waitress who brought us the menu and we didn’t have to wait long for our food after ordering. We chose pizzas and drinks — and they did not disappoint. The food was absolutely delicious. I ordered the house speciality pizza, which was a delightful combination of different flavours. It was expertly prepared and very satisfying.

As we dined, the restaurant gradually filled up, yet it remained spacious and comfortable. Despite more people coming in, it was easy to hold a conversation without being disturbed by the surrounding noise — a real bonus.

One of the highlights was being able to watch the chefs preparing pizzas right in front of us. It’s always nice to see your food being made fresh with such skill and care.

The atmosphere was very pleasant overall. When we first arrived, the restaurant played charming Neapolitan music, which really added a unique and cozy touch. However, later on, the playlist switched to more commercial American music, which slightly took away from that special Italian vibe. If I could make one suggestion, it would be to keep the traditional Neapolitan music going — it truly made the experience feel authentic and memorable.

All in all, this was a very enjoyable visit. Great food, warm atmosphere, attentive service — I fully recommend this place and would definitely come back!",5,2025-05-26T21:00:48.872252Z,a year ago
ChIJmShy2QTbfkcRoPeMDtwZ6pE,"Locals say it’s the best Neapolitan pizza in Padova.

Great pizza, friendly and fast service!",4,2023-10-25T04:41:17.665382Z,2 years ago
ChIJmShy2QTbfkcRoPeMDtwZ6pE,"Very nice place...
Price / quality totally satisfied 😌
They don't speak English but they are very helpful
Enjoy a gathering moment...
Go for a pizza 🍕 😋",3,2022-08-17T04:50:15.666846Z,4 years ago
ChIJmShy2QTbfkcRoPeMDtwZ6pE,all I can say about this place is WOW! you have no idea how good the food is.,5,2024-07-15T14:32:11.206560Z,2 years ago
ChIJmUzO803afkcRK7bzJJJC1bQ,"Had a delicious salad for lunch, we had a huge group of 8 people that they were able to accommodate. Both of our servers were very helpful and spoke English. I will return :)",5,2026-03-22T13:59:26.427054089Z,5 months ago
ChIJmUzO803afkcRK7bzJJJC1bQ,We had a big party and service was welcome and patient. Good food,5,2026-03-22T14:00:17.109057052Z,5 months ago
ChIJmUzO803afkcRK7bzJJJC1bQ,"You just have to be sure what you've ordered and what you've been served. Doesn't matter Italian or English, just be sure. If I were you order only Italian language. Serving is not really good. Generally if you are sitting some place and if they are the only one in the neighborhood that lack of service, intention and care.",3,2025-06-09T14:27:22.426982Z,a year ago
ChIJmUzO803afkcRK7bzJJJC1bQ,Francisco is the best guy working there. Great experience,5,2026-01-09T16:52:41.294171710Z,7 months ago
ChIJmUzO803afkcRK7bzJJJC1bQ,"Great cappucino and their chicken sandwiches are also very tasty.
The staff was also very friendly.",5,2025-12-31T11:57:59.517935310Z,7 months ago
ChIJmWk1-FDafkcRdVFXxyjoCPs,"Very cute place with its own atmosphere and idea. I had latte macchiato and it was great, I really recommend this one.",5,2024-01-03T17:36:14.640514Z,2 years ago
ChIJmWk1-FDafkcRdVFXxyjoCPs,Classic cafe. Very good cappuccino and fresh bakery.,5,2025-04-08T05:21:26.016967Z,a year ago
ChIJmWk1-FDafkcRdVFXxyjoCPs,The best: the small confy coffee place. The tables are confortable with some cushions on it. Also the attention was quite fast. The carrot cake was awesome. I saw they have veggie toast and they also offer lunch menu every day.,5,2022-11-16T22:16:21.761630Z,3 years ago
ChIJmWk1-FDafkcRdVFXxyjoCPs,Great Donuts and fantastic coffee,5,2021-05-26T14:57:14.927902Z,5 years ago
ChIJmWk1-FDafkcRdVFXxyjoCPs,A delicious treat in this clean and welcoming café. Excellent coffee and cappuccino!,5,2026-03-19T17:06:26.972610518Z,5 months ago
ChIJmWnOJNvbfkcRYFHEwfkjaPA,"The combination of fresh ingredients, spices, and I love their pulled chicken and pulled beef.

The flavors are well-balanced, with a mix of savory, spicy, and tangy tastes.

The portions are generous, and the variety of options makes it enjoyable for different preferences such as burrito which I preferred.

Overall, the staff were courteous, helpful, and attentive. The restaurant was easy to find and conveniently located.

For me, excellent location and outstanding service. Would definitely visit again.",5,2026-06-15T17:37:15.509499745Z,2 months ago
ChIJmWnOJNvbfkcRYFHEwfkjaPA,"This is my first time trying mexican food, i ordered their quesadilla (which is every Tuesday it only cost €5 the normal price is €8) it was so delicious lots of meat and surely you'll get really full. Their staff is so kind and super friendly i love her aura 🫶🏽 the atmosphere is nice and cool details of their display. Definitely coming back to try the rest 😍",5,2026-04-28T18:21:20.568481417Z,3 months ago
ChIJmWnOJNvbfkcRYFHEwfkjaPA,"We ordered in using Deliveroo.
We ordered 1 Quesadillas and 2 Burritos (one ham and one chicken)
The Quesadillas was one of the best that we have tried. And BTW, their Guacamole is awesome!
The ham burrito was also one of the best that we have tried. But the chicken burrito was okay - there was some sweet taste in it that we found a bit weird, but it was okay overall!
Quesadillas came in a box and the Burritos came in wrapped in newspaper-like papers and written on them “Buon Appetito :)”.
Definitely trying this place again.",4,2025-11-18T20:15:54.046813908Z,9 months ago
ChIJmWnOJNvbfkcRYFHEwfkjaPA,"absolutely terribile experience, the food isnt worth the price at all and we were very surprised with the low quality of the material, we got the nachos and a burrito which cost 14 euros each. the Nacho Bowl was cold and smelled very questionabile and the only saving factor about the burrito was the fact that It was some what warm... the cheese had not completely melted either. overall very dissappointing.

the nachos were cold (the cheese was cold and not melted aswell), the burrito was lukewarm.",1,2026-03-31T19:41:21.715900985Z,4 months ago
ChIJmWnOJNvbfkcRYFHEwfkjaPA,"Yesterday, we went to Lola la Loca and were immediately greeted by Valentina, who warmly welcomed us and took our order. We decided on a pulled beef bowl with rice, sour cream, diced tomatoes, onions, red beans, and guacamole, as well as a pulled chicken burrito with the same fillings, finished with a delicious grilled cheese crust on the tortilla.
We chose the combo meal, which included drinks and a bucket of freshly made churros sprinkled with sugar. The food was excellent, the portions were generous, and the meal offered great value for money.
Valentina was always smiling and made us feel welcome from the moment we arrived. Our food was ready in less than five minutes, and the background music created a pleasant atmosphere.
The only downside was the seating. The stools are a little too low, which makes eating slightly uncomfortable. Other than that, I wholeheartedly recommend this place if you're looking for a delicious meal and want to try something different from the local Italian cuisine.",5,2026-07-05T08:49:37.124726788Z,a month ago
ChIJm_W6Zq7bfkcRzjc6YGVC4P8,"Here is really a restaurant for local (elderly) people.
You can immediately get that nostalgia feeling by stopping in. People sitting cozily, drinking coffee and enjoying the time together really make me feel very peaceful.
The food is nothing special, just simple homemade foods like cooked by your grandparents ( for this reason you can really not complain about it.....Will you complain about grandparents food? You just eat it 🤣)
And the price is just way more than fair -- 5€ for a pasta and 1.5€ for cappuccino? A price of a restaurant in the 20th century.
You don't get the best/most delicious foods here but everything is so soothing here, the atmosphere, the interior and the locals...a lunch on a free afternoon here would be just perfect:)
PS: some servers speak English, they also have menus in English/Deutsch",4,2022-04-18T12:18:04.940331Z,4 years ago
ChIJm_W6Zq7bfkcRzjc6YGVC4P8,A small restaurant with very good food cooked like my granny.,5,2024-07-05T11:12:29.349929Z,2 years ago
ChIJm_W6Zq7bfkcRzjc6YGVC4P8,"The experience was an excellent example of a bar / trattoria serving local patrons, making it a great way for tourists from Australia to witness Italian life. Hearty meals and very welcoming staff. We also had our morning macchiato here each day.",5,2025-09-05T12:42:40.308029884Z,11 months ago
ChIJm_W6Zq7bfkcRzjc6YGVC4P8,"Stopped here for lunch, miserable waitress who served us couldn’t have been more unhelpful if she’d tried said we couldn’t have soup & pasta as they were both `first course`.  In a rush we choose pasta and a second course of a pork chop.  It didn’t come with veg and she didnt think to try to ask.  And so,it arrived `just a pork chop`.  Very odd, even at that point she didnt ask if we wanted any veg.   We also noticed that everyone else appeared to have bread with their food and we were not given any or offered any.",1,2022-11-08T14:12:08.005077Z,3 years ago
ChIJm_W6Zq7bfkcRzjc6YGVC4P8,"Real Italian restaurant, fine white vine, delicious food. Not fancy place but old school restaurant atmosphere...",5,2024-02-19T14:13:48.701682Z,2 years ago
ChIJmbqETvfafkcRnTPKWTRouik,We are in trip around Italy. And this pizza is the best!  Is the most tadty Capriciossa until now! Highly recommend.,5,2025-08-15T22:17:09.506248361Z,a year ago
ChIJmbqETvfafkcRnTPKWTRouik,"Ordered pizza from this place, the dough was mid and the crust was so dry. It was seriously exhausting to eat it as chewing it was like a serious workout. The pizza itself looked good but after one bite I knew what was up.",2,2024-09-29T19:55:49.522423Z,a year ago
ChIJmbqETvfafkcRnTPKWTRouik,Good pizza with good ingredients.Classic style of making.,4,2018-06-06T10:46:40.825Z,8 years ago
ChIJmbqETvfafkcRnTPKWTRouik,"The most amazing pizza, love it!",5,2026-02-22T17:12:20.611259005Z,6 months ago
ChIJmbqETvfafkcRnTPKWTRouik,"Best Pizza in Padua! Very good prices, nice different variations of pizza & very friendly people!",5,2024-11-27T20:27:55.100621Z,a year ago
ChIJn-RWZDTYfkcR5HxQ_dnfO9s,Amazing Mexican food.  Authentic.  Delicious. Service was amazing and professional. The atmosphere was beautiful. Highly recommend!,5,2025-09-05T21:44:06.249382045Z,11 months ago
ChIJn-RWZDTYfkcR5HxQ_dnfO9s,"An exceptional restaurant, it became one of ours favorite.
The food is absolutely delicious and made with passion, it’s obviously.
The restaurant also looks great, extremely pleasant atmosphere.
We highly recommended it!",5,2025-08-10T19:12:30.359386775Z,a year ago
ChIJn-RWZDTYfkcR5HxQ_dnfO9s,"Very good food and refined service. I did not like the atmosphere too much, as I found the place rather dark.",4,2024-07-21T06:36:57.842450Z,2 years ago
ChIJn-RWZDTYfkcR5HxQ_dnfO9s,Cute & intimate restaurant. Beef Tacos were good. Jalapeño poppers were really good. Good service.,4,2018-10-03T19:00:46.590811Z,7 years ago
ChIJn-RWZDTYfkcR5HxQ_dnfO9s,"Great service, qualit and overall flavor. Salsa needs to be a little spicier.",4,2019-01-27T16:17:50.520951923Z,7 years ago
ChIJn013XgnFfkcR0AiWAvWcR44,"Newly open one! The lunch is amazing like dinner🤩 lots of dishes and types
The environment is good for date, family etc, elegant garden and a single building, well decorated. If you are in Padova with a car, perfect place to eat well;)
The waitress girls are very nice and sweetest, asked us how’s everything. The order had 0 errors. Everything perfect;)
Hope it is going on well",5,2022-12-30T13:56:18.648753Z,3 years ago
ChIJn013XgnFfkcR0AiWAvWcR44,A beatiful restaurant.  Great service. Fantastic food on the all u can eat menu. We loved every single dish. The portions are very small and that is fantastic because that way we tried 20+ different dishes! I will always stop here when along the way!,5,2023-12-30T13:12:01.264922Z,2 years ago
ChIJn013XgnFfkcR0AiWAvWcR44,"Nice restaurant , but many But ;-). You order food from the table with tablet and some part of order ( most expansive;-) is just not bringer at all ;-((( and was surprised by sashimi size. Never saw so small and  narrow one ;-) you didn’t feel the test from this small portion.",3,2025-09-22T11:04:31.007576875Z,11 months ago
ChIJn013XgnFfkcR0AiWAvWcR44,"Great food, but the portion is very small and,, there is limitation of order for each person. So if you are hungry this place is not for you",5,2026-05-26T11:52:10.761171611Z,3 months ago
ChIJn013XgnFfkcR0AiWAvWcR44,"Very professional and quick service, nice environment and delicious food! You almost don't need to wait for food! Very recommended!",5,2023-08-09T19:52:04.311802Z,3 years ago
ChIJn0ipN6fbfkcRANpZ-fvlgl0,"True local Italian restaurant in Padua I was hopping to find. Full flavored   local dishes, incredible choice of vines, very helpful and polite staff, quiet atmosphere.  Check local time patterns for lunch and dinner. Dinner  is served from example from 19:30. If I could Iwould give the 10 stars.",5,2026-01-16T07:24:25.751333575Z,7 months ago
ChIJn0ipN6fbfkcRANpZ-fvlgl0,"nice typical northern Italian food! the ravioli was especially good. the meat of the beef cheek stew melted in your mouth. really nice. the steak was also very well cooked. the Staff were very kind and patient, and spoke English and Spanish also! thank you :)",4,2025-11-26T21:22:18.712553640Z,9 months ago
ChIJn0ipN6fbfkcRANpZ-fvlgl0,"Great place, great food, very good selection of grappa and vino. Friendly atmosphere, welcoming staff. Do not come early, they open 19.00 o'clock. You're in Italy.",5,2026-03-24T22:28:58.298723273Z,5 months ago
ChIJn0ipN6fbfkcRANpZ-fvlgl0,"Such a nice place! Food was delicious. I loved the risotto, servers were very kind. Thank you",5,2026-03-20T12:35:30.168255521Z,5 months ago
ChIJn0ipN6fbfkcRANpZ-fvlgl0,we went there reading great reviews but the staff wasnt able to speak english which it is altight but they acted weird and not welcoming they were smilimg to the other italian customers but for us it felt like eat your meal and go… meat was cold and most of the parts were fats risotto was nice for this price we would have expect bigger sizes didnt enjoy the time we spent  will not go there again,1,2025-10-03T16:00:26.544408120Z,10 months ago
ChIJn6Sg6BrbfkcReP4SlanEpPs,top,5,2026-08-24T19:41:18.835676006Z,in the last week
ChIJn6Sg6BrbfkcReP4SlanEpPs,One of the best sushi in Padua! Anguilla nigiri nel menu pranzo :),5,2026-08-22T13:07:00.989106217Z,in the last week
ChIJn6Sg6BrbfkcReP4SlanEpPs,Super top,5,2026-08-21T19:42:24.568593568Z,in the last week
ChIJn6Sg6BrbfkcReP4SlanEpPs,Super top,5,2026-08-21T19:40:08.916983133Z,in the last week
ChIJn6Sg6BrbfkcReP4SlanEpPs,noitacvol BellaalleeB,5,2026-08-20T12:52:52.984456132Z,in the last week
ChIJn7j7MVDafkcRylNs0ghXShw,I'm sorry to tell that we had an awful food experience. Stewed veal meat wasn't veal at all and it wasn't stewed: it was dark tough skin (Buffalo's? ) and it was pan fried. So what about meat used for meatballs? I turned any meat dish down and opted for a vegan dish...,1,2026-04-18T10:14:17.678505624Z,4 months ago
ChIJn7j7MVDafkcRylNs0ghXShw,Really nice affordable place.,5,2026-05-15T20:50:33.215009236Z,3 months ago
ChIJn7j7MVDafkcRylNs0ghXShw,"I would give more stars, but totally overpriced. Paid 11.50 for very small prosecco, spritz and a golf ball sized polpette. A tiny dish of stale popcorn didn't help! I felt ripped off.",2,2023-12-02T06:15:04.673388Z,2 years ago
ChIJn7j7MVDafkcRylNs0ghXShw,We really like bigoli con polpette. spezzatino di vitello is also good just meet was a bit dry.,5,2026-01-05T12:35:50.511672007Z,7 months ago
ChIJn7j7MVDafkcRylNs0ghXShw,Cozy locanda in the hearth of the old Town. Meatballs are very good and also you can gave a nice selection of wines and beers. A good alternative to a more engaging restaurant.,4,2022-05-04T21:17:50.399617Z,4 years ago
ChIJn9NkZwDbfkcRJlHhnpIKobo,"Everything was delicious, the staff were kind and friendly. Recommended!!! 😎",5,2026-07-10T17:47:03.937688257Z,a month ago
ChIJn9NkZwDbfkcRJlHhnpIKobo,"Ottimo kebab, e il personale molto gentile!",5,2026-08-25T15:51:42.017747798Z,in the last week
ChIJnQJ-5MvbfkcRzvXDa4JRdO4,"bamboo really is the best
the new Burger with zucca is also great，but the milky one is too salty",5,2025-11-07T12:10:36.491586143Z,9 months ago
ChIJnQJ-5MvbfkcRzvXDa4JRdO4,"Average place, average food. Prices are above average. Don't order wine by the glass, the wine will disappoint. Limoncello will be served with ice. The place is suitable for young people with unpretentious demands - burgers and beer maybe are quite good here, loud music.",4,2024-06-21T18:39:47.391563Z,2 years ago
ChIJnQJ-5MvbfkcRzvXDa4JRdO4,Nice place to have a burger at Padova pleasant atmosphere. Ice drinks very reasonable prices good food,5,2025-08-18T20:49:22.484596852Z,a year ago
ChIJnQJ-5MvbfkcRzvXDa4JRdO4,Perfect place. Delicious meal and service perfectly nice and English speaking.,5,2024-08-21T17:33:07.254750Z,2 years ago
ChIJnQJ-5MvbfkcRzvXDa4JRdO4,Terrific food that's pretty simple like you'd expect based on the name.  Just good stuff!,5,2024-01-04T09:31:53.822787Z,2 years ago
ChIJnT7rSwDbfkcREbfUUi39L1M,"Great fried chicken, fast service.
SMALL NEGATIVE point: me and my friend got the same menu, but got completely different size/amount of food. 🤣 Unlucky me. Chicken tenders are fabulous. Instead chicken wings meat had a different taste.",4,2026-05-29T07:47:37.006203740Z,2 months ago
ChIJnT7rSwDbfkcREbfUUi39L1M,"Non fresco, come se fosse stato fritto dieci volte. Anche non è buono. Perché? Non deludirmi la prossima volta, okay😓?

Ok I edited the bad comment this time, it became delicious after I gave a bad review.
A restaurant that listens to customers' opinions is a good one.
However, because it's so delicious that I want to eat it every day…I think of Popeyes all the time, this has become another problem:)))
I wish you can keep offering delicious and fresh chicken for each time, please don’t act like last time 🙏🙏🙏 that was my INCUBO！",4,2025-12-10T22:00:09.597154882Z,8 months ago
ChIJnT7rSwDbfkcREbfUUi39L1M,Even tho popeyes isn’t one of my favorites. The specific one was very good.I’ll definitely get again !,4,2026-05-01T00:23:03.751271169Z,3 months ago
ChIJnT7rSwDbfkcREbfUUi39L1M,"The app is done so badly, the service is so slow and the tables can’t be moved? And I ordered my ice cream to be taken later but it arrived the same time whole order arrived, the staff are idk 😬😬😬",1,2025-12-08T18:19:16.321023858Z,8 months ago
ChIJnT7rSwDbfkcREbfUUi39L1M,"Ordered two burgers with chicken tenders as extra, tenders did not arrive and the main burger was raw! Both burgers were raw inside, raw chicken is extremely dangerous! which you can see here on the pictures, I unfortunately took a bite which has made me ill, luckily i notified my partner who checked hers before taking a bite!

This is illegal and dangerous and the place should be shut down! Glovo don't want to know complete scam, don't trust them!",1,2026-01-23T19:57:02.368624682Z,7 months ago
ChIJnUBVOM3bfkcRli2FVCYhZ0Q,Great experience! Wonderful evening spent with my friends! Delicious food!,5,2026-03-13T20:44:36.983724620Z,5 months ago
ChIJnWeIKqbbfkcRVHjOugyTuIU,A great dinner in Family 👪 choices and quality were perfect with a quick and efficient service 👌,5,2023-07-22T09:57:46.394183Z,3 years ago
ChIJnWeIKqbbfkcRVHjOugyTuIU,It is a summer place for people who like to spend an evening out listening to musi,3,2021-07-18T15:44:35.982059Z,5 years ago
ChIJnWeIKqbbfkcRVHjOugyTuIU,Good,5,2021-09-08T06:57:30.950968Z,4 years ago
ChIJnWeIKqbbfkcRVHjOugyTuIU,Incorrect opening hours in google. Closed on Saturday.,3,2026-07-04T15:13:57.097337184Z,a month ago
ChIJnWeIKqbbfkcRVHjOugyTuIU,"Like in a fairy tale, I discovered this bistro, what a stroke of luck. Beautiful ambiance, delicious food, meticulously prepared down to the smallest detail, and tasty.",5,2026-06-27T18:44:10.823322146Z,a month ago
ChIJnXcNmiLbfkcR2GMtfTWaFZw,"The best: flavour. Delicious food, also for vegan people. Enjoyed the spicy chicken. Desserts are great and reaaally sweet (they exaggerate with syrup). Attention is kind of fast. Suitable for big groups.",4,2026-05-11T09:41:42.519417301Z,3 months ago
ChIJnXcNmiLbfkcR2GMtfTWaFZw,Sadly wont ever get to try this place. We made a reservation on Saturday and we arrived 5 min early. The girl that took our reservation gave it away to someone else because she forgot to write down our name. My husband has a very unique sir name and so do I. The girl remembered it but forgot to place the reservation. Nothing was done to fix this mistake. No effort made. In all honestly I consider it maybe it was for the best. The atmosphere of the restaurant is very odd and would lead to a very weird un enjoyable dinning experience. .,1,2026-02-26T13:16:42.297929220Z,6 months ago
ChIJnXcNmiLbfkcR2GMtfTWaFZw,"The pad thai with prawns was great! They also offer a vegan version with tofu, though they don't serve pad thai with chicken or mixed options. The food is good but it's a bit expensive for street food-style dishes. I also tried the bubble tea, but it was too sweet for my taste. Overall, a good experience!",4,2026-06-19T17:50:21.692252291Z,2 months ago
ChIJnXcNmiLbfkcR2GMtfTWaFZw,"Food excellent and good value - also reliably gluten free for some dishes! Would highly recommend if in the area, 10/10",5,2026-05-23T17:58:53.750390251Z,3 months ago
ChIJnXcNmiLbfkcR2GMtfTWaFZw,Food was really delicious and the staff were very respectful and nice. We were served food very quickly even though it was a very busy day. Definitely going back again to try more asian food!,5,2026-02-05T16:33:50.643419820Z,6 months ago
ChIJnZHvp1rafkcRbZ3xQigVz54,"Such a wonderful restaurant! I fell in love with the duck pasta!!!!! And the lovely waiter Matias. I hope I am writing his name correctly ;)
100% recommend!!!!",5,2026-02-17T23:15:34.974357007Z,6 months ago
ChIJnZHvp1rafkcRbZ3xQigVz54,"We had our first tour group meal here and it was a wonderful introduction to what we would be experiencing while visiting Italy.  Because it was a group set meal I didn't write down the antipasto and it might be off menu, but it was fantastic.  The risotto was perfect.",5,2025-07-12T11:10:54.496877754Z,a year ago
ChIJnZHvp1rafkcRbZ3xQigVz54,"About one of the best meals I have had in Italy. If you like seafood this is the place. If you are new to seafood you are in for a treat. And don’t worry if all the outdoor tables are busy, Mateo will deftly lift one from the dining hall (glasses and all) and set you up outside. The staff are super nice, especially Mateo who helped us with our food and wine selections. I can recommend the seafood platter (boiled fish) and the seafood risotto and the spaghetti with sardines, which is not salty at all. In fact, it’s surprisingly light and has lovely subtle flavors. Oh yum yum yum.",5,2023-06-13T08:48:24.935623Z,3 years ago
ChIJnZHvp1rafkcRbZ3xQigVz54,"Atmosphere:
This is a hidden gem thats worth going to ! Very nice and lovely.... they speak English and we're very kind and welcoming

We've ordered the following :
- seafood Risotto : The best Risottos we've ever tried !
- sardines pasta : that was excellent and my friend really enjoyed it, the sardines were done properly.
- seafood platter : everything in the plate was excellent , the fish skin was crispy and properly cooked ...

For dessert we ordered Terammiso,

Honestly this has been the best experience in padova , its a must try

Ps. The waitress Mattia, was amazing , he understood that there is one in the table thats Muslim and cant have wine / alcohol so anything in the menu that doesn't suit he would warn / let us know in advance , very knowledgeable about the venue,  very kind and he was watching over us without making us feel that he was ... it was a pleasurable experience... thank you from the bottom of my heart this day ended well thanks to you and your chief !",5,2025-09-01T19:57:30.931296769Z,11 months ago
ChIJnZHvp1rafkcRbZ3xQigVz54,"We try to visit Isola di Caprera when in Padova. Last time we had lunch. We were assisted by Matteo, very experienced person, who runs the dining area smoothly.
I recommend Bigoli al ragu d'anatra, Filetto al pepe verde (exploding in your mouth and precisely prepared), seppie ala veneziana. The Baccala was geared for those who love it - we found that we're not crazy about it.
A great compensation were both Riesling and Lugana Otella.
Good value for your money.
Recommend.",5,2025-05-04T12:02:10.873659Z,a year ago
ChIJn_ykRwDbfkcRN_AyE4YgxXw,Best vegetarian burger I have had in Padova!,4,2026-04-11T15:33:04.815567599Z,4 months ago
ChIJn_ykRwDbfkcRN_AyE4YgxXw,"Amazing people, nice atmosphere, great burger",5,2025-08-22T11:17:59.284667172Z,a year ago
ChIJn_ykRwDbfkcRN_AyE4YgxXw,The best burger around here,5,2025-08-10T07:53:18.545042335Z,a year ago
ChIJn_ykRwDbfkcRN_AyE4YgxXw,"Excellent service; the young, polite, and professional staff serve the food. The burgers are really good, and the fries are excellent. The price is reasonable for the times: around €13-14 per sandwich. Vegetarian sandwiches are also available. Non-alcoholic beer is not available. There are several tables outside for dining and a small relaxation area with sofas and table football. The bathrooms are super clean and well-kept.",5,2026-06-01T08:26:54.003601994Z,2 months ago
ChIJn_ykRwDbfkcRN_AyE4YgxXw,"Nice place, attentive and friendly staff. Excellent food, both the burgers, which are truly delicious, and the fried foods, which are not at all greasy and nice and crispy. The dessert selection isn't great, but that's acceptable considering the type of place. I recommend it.",5,2026-05-10T06:44:58.368397665Z,3 months ago
ChIJndqfSlfafkcRMZ82lkoHuDU,"We visited Ai Porteghi Bistrot when we were in Padua two years ago. We enjoyed it so much we wanted to eat there when we visited again.

There were two tasting menus (Garden and Sea) plus à la carte. We chose the Sea Tasting menu. Each of the five courses was creative, delicious and beautifully presented. I also chose the wine pairings (three wines).
At the end of our wonderful meal we got to meet the chef, Matteo Merrazo.
Thank you for another wonderful evening!",5,2026-04-26T15:43:14.727217439Z,4 months ago
ChIJndqfSlfafkcRMZ82lkoHuDU,"I have been to this restaurant twice and can say that it's hands down one of my new favorites in the city, especially for their amazingly affordable lunch specials!! The quality of the dishes for both visits was so good and the staff are very kind and knowledgeable. The menu changes often, usually seasonal and local ingredients. I look forward to when I can return!",5,2025-07-26T15:08:13.735000955Z,a year ago
ChIJndqfSlfafkcRMZ82lkoHuDU,"As mentioned by nearly all other commentators very good and creative! The friendly and competent service recommended us excellent wines by the glass and the bill really did not hurt. Recommended  by Guide Michelin, could develop even further.Try it!",5,2026-06-09T17:18:04.984876147Z,2 months ago
ChIJndqfSlfafkcRMZ82lkoHuDU,"Let's start from the end: totally worth it!
The place is very cute and service is really well looked after. We had 3 courses and everything was good and peculiar. The Locara, if you like the idea, is great.
Also, fairly inexpensive: we had two starters, two main, one shared dessert, two glasses of prosecco, one glass of red and one of white and water and we barely spent 60€ each.
Will definitely go back if I happen to be in Padova again",5,2023-06-06T20:34:37.043459Z,3 years ago
ChIJndqfSlfafkcRMZ82lkoHuDU,"A real find in Padua! Creative cooking beautifully presented-- excellent service, thoughtful wine list and lovely dining room made for a wonderful evening! We will be back for sure.",5,2024-10-14T21:53:59.774506Z,a year ago
ChIJnyAJGK_bfkcRhcgf7Gzr3h8,Cibo top 🔝,5,2019-08-21T18:18:55.380046Z,7 years ago
ChIJnyAJGK_bfkcRhcgf7Gzr3h8,"Decisamente imbattibile. Le porzioni sono abbondanti e i prezzi rimangono onestissimi, ideali per studenti o per un take-away dell'ultimo minuto.
Il mio consiglio: Non perderti i loro ravioli al vapore e il pollo alle mandorle, sono tra i migliori della zona! Una certezza per chiunque si trovi a passare in via Giordano Bruno.",5,2026-04-18T12:39:56.104807306Z,4 months ago
ChIJnyAJGK_bfkcRhcgf7Gzr3h8,Ordered home delivery. Super generous portions and very fair prices. Good food and very friendly staff! I recommend getting the Bis.,5,2026-07-24T17:38:49.220663488Z,a month ago
ChIJnyAJGK_bfkcRhcgf7Gzr3h8,"I ordered delivery last night, prompt service, and a very kind delivery guy.
I ordered soy noodles with seafood and a trio menu: Cantonese rice, spring rolls, and almond chicken. The dishes were delicious and plentiful! Highly recommended ❤️😊",5,2026-02-09T14:36:31.273723071Z,6 months ago
ChIJnyAJGK_bfkcRhcgf7Gzr3h8,"I ordered the China trio for takeout: spring rolls (lightly stuffed but good and large), Cantonese rice (very good and plentiful), and sweet and sour beef.
I had a great time; the lady was kind, the service was quick, and the food was good and plentiful!
Price: €10.50",5,2025-06-10T18:40:39.017047Z,a year ago
ChIJo6V95G7afkcRyOd_XWFaN54,We had an excellent fried cuttlefish dish. It's a shame you can't eat it on site; I would have definitely ordered other dishes that looked delicious and inviting.,5,2026-02-23T11:55:59.104687999Z,6 months ago
ChIJo6V95G7afkcRyOd_XWFaN54,"The best seafood paella! The fried food is delicious, fresh, and cooked to order, and you can even choose just calamari. In my years of frequenting, I've always found everything delicious!",5,2024-04-07T08:34:32.979930Z,2 years ago
ChIJo6V95G7afkcRyOd_XWFaN54,"When I don't feel like cooking, this delicatessen becomes my Mecca.
It must be said that their specialty is fish in all its forms. The freshly fried fish is delicious, with the option to choose what goes into it. The fish sauces, the sardines in saor, and the boiled octopus are excellent. The white fish salad is very delicate and well prepared. The mussels are delicious, both plain and with tomato.
The side dishes are also excellent, light and well prepared... I can't say anything about the meat dishes because I'm always drawn to fish.
But the appearance of the meat dishes is also excellent... and they must be delicious.
The prices are in line with the quality, the products, and their freshness.",4,2020-02-29T22:34:44.285417Z,6 years ago
ChIJo6V95G7afkcRyOd_XWFaN54,"The fried fish is exceptional, light and crispy, and made to order. The fish and meat main courses are also delicious. Everything is superb, and the owner is very friendly.",5,2024-06-23T12:15:36.581637Z,2 years ago
ChIJo6V95G7afkcRyOd_XWFaN54,"Excellent fishmonger and rotisserie. I go especially for the fried fish, which is excellent. They make it to your liking, and the price-quality ratio is among the best in the northwest Padua area.",4,2021-01-30T09:18:44.436107Z,5 years ago
ChIJoSprRl3afkcRKF3A0cE04kE,"Very nice place and food, I try their food every time I go to Padova.
Best Chinese food ever.",5,2026-01-08T18:19:08.279737084Z,7 months ago
ChIJoSprRl3afkcRKF3A0cE04kE,"In Europe, it's ordinary Chinese restaurant level. If you come from a place Chinese abroad lives a lot, you wouldn't be satisfied. But taste is acceptable.
What ruins this restaurant is the Chinese lady. She brought what customers didn't ordered. Not only us. When I asked soy sauce, she said ""Si! Si!"" but never bring it.
And you have to wait long time. We waited for 40 min.
Good point is all dishes are hot.",3,2022-12-04T20:31:08.946427Z,3 years ago
ChIJoSprRl3afkcRKF3A0cE04kE,Great value for money. Food is delicious. The staff is friendly.,5,2024-10-08T22:27:39.854281Z,a year ago
ChIJoSprRl3afkcRKF3A0cE04kE,"The food is good, but they did not give me what I ordered",3,2026-02-17T17:37:30.489550090Z,6 months ago
ChIJoSprRl3afkcRKF3A0cE04kE,"Very nice staff, food always good here!
Thank you!",5,2026-05-05T16:04:42.404189590Z,3 months ago
ChIJoU53ojLbfkcRlA19snTvWls,We had the most delicious lunch at Caffe V. The strawberry salad was amazing which we ate outside whilst people watching. The service was excellent and the caffe inside looks very smart but the food is delicious.,5,2026-06-08T19:37:51.720459098Z,2 months ago
ChIJoU53ojLbfkcRlA19snTvWls,"I don’t agree with other reviews regarding tiramisu. By far it’s the worst tiramisu I ever had. Its almost entirely a whipping cream, no taste of mascarpone at all. It might be even just cream and eggs… lady fingers were dry and hard too. And just a very little cacao 🤦‍♂️ I would expect at least an average tiramisu for €7",1,2026-07-18T10:46:34.213021327Z,a month ago
ChIJoU53ojLbfkcRlA19snTvWls,"Stopped by to grab a few small sweet bites to go. Despite having mutually greeted the lady at the counter and waited patiently as we understood she was fully occupied and busy serving other customers, we were annoyed that she ended up taking additional time to serve a local who came after us with 3 sandwiches + drink. She did not even have the courtesy to apologise for having kept us waiting. I understand Italian customary, but this was unacceptable. The tarts and apple pie we bought were passable, nothing spectacular. The tartlets were dropped into a paper bag with little respect.",1,2025-11-04T18:50:01.798879160Z,9 months ago
ChIJoU53ojLbfkcRlA19snTvWls,"My wife and I stopped at this cozy bar while walking through the streets of Padua and ordered an Aperol. It was a pleasant stop, but we both realized that, even though we rarely drink alcohol and get addicted quickly, we didn't really get hooked. Interesting. Otherwise, a cozy bar.",5,2025-04-29T18:54:27.777900Z,a year ago
ChIJoU53ojLbfkcRlA19snTvWls,"We orders 3 different dishes and all were excellent!
Dessert (tiramisu) was als super, not what we used to…. but much better.
The price is fair.
Service is excellent.
Ones in Padova we will eat only here.",5,2023-08-06T16:38:00.078753Z,3 years ago
ChIJoW5dYc3afkcRU3GRMl117Q0,Nice pesce to be,5,2022-06-04T16:56:04.548785Z,4 years ago
ChIJoW5dYc3afkcRU3GRMl117Q0,ok,2,2021-12-22T19:22:49.524480Z,4 years ago
ChIJoW5dYc3afkcRU3GRMl117Q0,"This restaurant is delicious, uses fresh ingredients, and is very affordable. I recommend you give it a try!",5,2024-09-15T23:01:44.306928Z,a year ago
ChIJoW5dYc3afkcRU3GRMl117Q0,"4 dishes for 70 euros, outrageous!",1,2025-08-27T21:03:37.457690041Z,12 months ago
ChIJoW5dYc3afkcRU3GRMl117Q0,"Well-prepared dishes and good food.
Excellent fish.",5,2024-03-27T12:55:59.434368Z,2 years ago
ChIJoXiVUJjbfkcRnoE57EBIG7c,Great place for a hotpot but the food like vegetables or meat wasn’t  that fresh at all but we still enjoyed the meal.,4,2025-09-07T00:00:32.550654792Z,11 months ago
ChIJoXiVUJjbfkcRnoE57EBIG7c,"新年快樂 🥮🎊
Xīnnián kuàilè 🌟 🧨
新年快乐 🎆 🎇
It's definitely a new favorite. So glad my husband loves it. So proud of him, the only Italian using chopsticks. I lived in Beijing and missed this food. Soooo glad we found this place. Will go once a month.
Attentive good service. Amazing food quality. Clean restaurant with many table selections for all group sizes dining.

They even let us take some of the good home. I'm so glad they offered that ❤️ 💙 💜 now I can enjoy it 2 days in a row.
Can't wait to bring friends here too.",5,2024-02-04T13:21:03.610390Z,2 years ago
ChIJoXiVUJjbfkcRnoE57EBIG7c,"Very nice place in Padua. The restaurant looks like a real Chinese place; it is very big with a lot of tables.
The food is really good and tasty: you can choose up to 3 broths and cook various ingredients in them. There are 2 vegan broths (tomato and mushroom) and they are really tasty with a lot of spices.
They also have a great variety of noodles, Chinese vegetables and tofu. There are also different gluten-free options.
You can also create your own sauce from a big stand with a lot of spices, herbs and oils.
The staff is friendly and polite.",5,2024-01-06T18:17:39.298193Z,2 years ago
ChIJoXiVUJjbfkcRnoE57EBIG7c,"Fast service, beautiful seating, and amazing food! I love everything about this place!
Bonus points: wheel chair accessible and they speak English.",5,2024-05-19T18:32:48.888699Z,2 years ago
ChIJoXiVUJjbfkcRnoE57EBIG7c,"As a Chinese came from Chongqing , one of origin city where Hotpot came from, I would said this Da Long Yì Hotpot is the most authentic hot pot restaurant in Padua!",5,2024-06-23T18:52:20.572440Z,2 years ago
ChIJoZx-T0PafkcReq_qAWWpojI,"Let me tell you, i have been living in Europe for 3 years now. This has to be my best Indian restaurant till now. I really like to come here once a month and explore different flavours. I really like how each dosh is well combined with the three chutney/dip they serve which itself makes each thing wholesome. Everytime I go, in sometime the restaurant get full slowly by so many Italians. I tried their Prawns tandoori, veg mix antipasti, biryani (only I did not find upto the mark), Paneer kadhai, masala chai, non veg platter for 2 people with chicken and lamb, cheese paratha, alu paratha, garlic and butter naan.",5,2025-12-12T00:26:50.357888433Z,8 months ago
ChIJoZx-T0PafkcReq_qAWWpojI,"This is one of the best Indian restaurants, and it truly reflects the culture and atmosphere of authentic India. The service was excellent, and the staff was very friendly. The food was also delicious. My only suggestion would be that the portions are a so small for the price. Otherwise, everything was very good.",4,2026-06-10T18:47:46.797617464Z,2 months ago
ChIJoZx-T0PafkcReq_qAWWpojI,"Ordered Tandoori prawn, shell were still there and was not cleaned. Called restaurant manager, showed him all the discussing things. He took it back to the kitchen and still added to my bill. Asked for complaint register, but said he don’t have it. Called owner, still no use.
If you care for your health, don’t step inside. Oh and the mosquitoes!",1,2026-07-11T20:43:50.845892090Z,a month ago
ChIJoZx-T0PafkcReq_qAWWpojI,Incredible food and atmosphere ! Good portion size and really welcoming staff ! I totally recommend this restaurant! Would definitely come back!,5,2026-04-30T13:19:13.933681800Z,3 months ago
ChIJoZx-T0PafkcReq_qAWWpojI,The food was reasonable and the restaurant is smart. However I was not expecting to be given a hand written receipt because the till was apparently out of order. Nor was I expecting to be asked to pay in cash because the card machine wifi wasn't working. Yet I could see delivery orders coming through without a problem.,4,2026-05-26T19:01:58.230172556Z,3 months ago
ChIJo_IoTgDbfkcREjVtqyZ7mSI,"Fantastic K-Burger with Green bun (homemade), planted meat, Kimchi,  Spicy vegan mayonnaise. Very recommended colourful place, happy vibes guaranteed. And very friendly staff! My poodle also likes the place.",4,2026-02-25T13:17:23.523065669Z,6 months ago
ChIJo_IoTgDbfkcREjVtqyZ7mSI,"Truly splendid! Even before you walk into the store, you feel the colourful and heartwarming experience that awaits you. The staff is very friendly and welcoming. I tried the Spicy Cecio menu and some of their sauces - it was spectacular. I only wish they would expand their menu!

If you would like to have some vegan food in Padua, you should definitely check out Flower Burger!",5,2025-11-23T22:05:37.909959228Z,9 months ago
ChIJo_IoTgDbfkcREjVtqyZ7mSI,"Had to try this fully vegan burger joint in Padua. Group of us had a variety of burgers, all truly delicious. The Parmigiana burger and the Funny Crispy were our favourites. Special mentions for the fried stuffed olives (olive ascolame) which we had as an apertiser and the baconnaise.
The staff were friendly and chatty and they gave us an extra portion of the salami al cioccolato.
Worth a visit for Vegans and Non Vegans!",5,2025-08-29T19:23:40.036745573Z,12 months ago
ChIJo_IoTgDbfkcREjVtqyZ7mSI,"Food tasty and colourful :) Minus for the very long waiting time for a table. Noisy restaurant, but nicely decorated. It is a pity that there is no menu in English.",5,2024-05-05T08:26:45.677297Z,2 years ago
ChIJo_IoTgDbfkcREjVtqyZ7mSI,"Excellent vegan burger place.
Friendly staff, not too expensive, very good food.",5,2025-12-24T18:13:00.220572366Z,8 months ago
ChIJo_im80XafkcRuH1jLCO6Ej4,"These young guys make great pizzas. Much bettter than in neighborhood restaurants. The only problem is that it is a take-away/delivery place. There are only two chairs inside and two outsode and a small ledge where people like us, who didn't read the description, can eat.
The quality of the food and genuine helpfulness of the staff made up for the lack of seating. It's not their problem that we were superficial readers, yet they made am effort to make us as comfortable as possible in the given circumstances.
We were a family of 5, with two teenagers and a toddler. They had fun regardless.
Highly recommended for takeout pizza. Don't make a mistake like us and think that it's a restaurant.",5,2025-07-30T19:01:54.614456380Z,a year ago
ChIJo_im80XafkcRuH1jLCO6Ej4,Carabonara is my favorite. I haven’t found other pizzeria has same one,5,2026-04-25T17:14:40.476667005Z,4 months ago
ChIJo_im80XafkcRuH1jLCO6Ej4,"Amazing pizza, chose the estate with bresola. Very nice young woman at the counter, managing 2 phones and incoming costumers.. Very busy place, and only had to wait 5 min. For our pizza..",5,2025-07-05T05:55:55.255806776Z,a year ago
ChIJo_im80XafkcRuH1jLCO6Ej4,They can make pizza with any ingredients that you like. Super fast and really tasty 😊,5,2025-04-27T19:21:41.482499Z,a year ago
ChIJo_im80XafkcRuH1jLCO6Ej4,The edges of the pizza and part of the bottom was burnt.,3,2024-07-11T20:04:57.681640Z,2 years ago
ChIJoeVQfJ7bfkcRZROZ_CFOubU,"Owner is SO kind and helpful -- very patient with my slow Italian. Nice variety of tasty treats available. Enjoyed a really lovely cappuccino on the patio.

The best part? The owner's adorable (and very sweet) dachshund, Bruno! Wish I'd gotten a photo of him. Such a good boy",5,2023-03-21T12:51:16.934529Z,3 years ago
ChIJoeVQfJ7bfkcRZROZ_CFOubU,"The place is well-stocked with top-quality products, some of which are clearly displayed, which tantalize and make your mouth water, as well as Mauro's exemplary kindness.
If I may add a pleasant note: the added value of this place is the total calm and serenity of Mister Bruno.",5,2025-09-06T15:23:13.636236106Z,11 months ago
ChIJoeVQfJ7bfkcRZROZ_CFOubU,"A beautiful and welcoming place, space is a bit tight when there are a few people, but so far I've always seen it empty or with one or two patrons. I visited the café for a quick snack instead of lunch (the place also offers a ""tasty and quick lunch"" option). Excellent selection of sandwiches, toasted sandwiches, and piadinas: I chose a piadina and a cappuccino. The service was prompt, and the piadina cost much more than at any other café, but the price was displayed, and I was happy to try it. I don't use cutlery or cover service, and the piadina and cappuccino were good. One surprise, which I found to be a bit of a letdown, came when I got the bill: the cover charge is a generic total on the receipt. I asked for information and was told this was the reason for the difference. Personally, I think they could consult with other businesses and decide on a less aggressive pricing approach, but that's just my opinion. The café's prices are more in line with other places. I hope this suggestion helps you decide; the choice is yours! Thanks for your time.",1,2019-01-18T15:45:37.376193517Z,7 years ago
ChIJoeVQfJ7bfkcRZROZ_CFOubU,"Hats off to LUCA the owner, excellent service, kind, helpful and attentive in everything even the smallest things. """"COMPLIMENT""""I",5,2025-07-20T10:50:09.149539060Z,a year ago
ChIJoeVQfJ7bfkcRZROZ_CFOubU,Great morning break with my nephew who loves bread. Excellent service and courtesy.,5,2025-10-02T18:44:08.615751986Z,10 months ago
ChIJp7XOLIvqfkcRbPvgqjP1Xxg,"Wonderful meal in this tiny out of the way spot. Superb execution, frankly shames a bunch of 1*s in London. Lovely service from the owner. Adored our lunch here.",5,2026-05-28T06:35:58.580083383Z,3 months ago
ChIJp7XOLIvqfkcRbPvgqjP1Xxg,"I recently had an amazing fine dining experience in a restaurant located in the middle of nowhere. We opted for the 10 course menu, and I must say, it was a truly creative and delicious experience with a perfect balance of flavors.

One of the dishes included raw shrimps, which we usually don't prefer, but surprisingly it tasted great. However, the risotto was a bit too al dente and a bit sour for our liking, and it lacked salt.

The wine list was truly impressive, and we were able to find the perfect pairings. We particularly live the sweetbread, but donkey sweetbread was a first time for us. Although we didn't like the taste, it was a great experience to try something new.

We also stayed at the same building hotel Trieste, which was cozy, clean, and nice. It was convenient to have the restaurant and hotel located in the same building.

To top it off, we also had breakfast at the Michelin-starred restaurant, and it was just the two of us. It was a truly memorable experience.

Overall, I would highly recommend this restaurant to anyone looking for a unique fine dining experience with impeccable service and an amazing wine list. Good luck to the team, and we look forward to returning someday.",5,2023-05-05T11:36:27.646222Z,3 years ago
ChIJp7XOLIvqfkcRbPvgqjP1Xxg,A hidden gem in the province of Padua.  An explosion of flavours in every dish but at the same time perfectly balanced and harmonious with each elements.  A lot of research and process in each plate. Superb service and a very great wine selection.  It is really worth a detour and a visit.,5,2017-07-30T01:13:26.491Z,9 years ago
ChIJp7XOLIvqfkcRbPvgqjP1Xxg,"Great Restaurant, they‘ve provided us an exclusive lunch! Only guests during our booked timeslot. The food and service is lovely!",5,2025-07-12T15:54:02.861497517Z,a year ago
ChIJp7XOLIvqfkcRbPvgqjP1Xxg,"Great place to have dinner AND a GREAT breakfast too.
If you need a treat for yourself to start your day that's the place to visit.
Well done!!!",5,2022-09-11T07:04:41.048442Z,3 years ago
ChIJpSONmi_RfkcRE5-xkiIO5u4,"The sandwiches were simple and lovely. Really tasty food, great place to stop for a quick bite! The staff was also really nice. Reccomended!",5,2026-02-06T14:15:42.681302792Z,6 months ago
ChIJpSONmi_RfkcRE5-xkiIO5u4,"Nice sandwich place! I had the Tito Livio one for 7,50€. The ingredients are good quality and tasty, come in quantity and the overall sandwich size is correct for 1 person. You may order at the machine inside, then they serve you at your table very fast. They have tables inside and also outside.",5,2023-12-03T21:04:42.405431Z,2 years ago
ChIJpSONmi_RfkcRE5-xkiIO5u4,"Superb sandwich, and great service. Approx 8 euros for a decent size sandwich - too big for my companions to finish.",5,2025-09-22T14:52:52.264462814Z,11 months ago
ChIJpSONmi_RfkcRE5-xkiIO5u4,"I got a nice focaccia, extremely tasteful and crunchy.
All the flavours were properly balanced. Perhaps a bit expensive to be Italy, but it is definitely worth the price!

Cosy dining room upstairs (sala interna)",5,2024-02-22T11:36:06.408646Z,2 years ago
ChIJpSONmi_RfkcRE5-xkiIO5u4,"It's a place that you can have sandwiches and sometimes maybe focaccia.
The sandwiches with somehow panini bread and very tasteful.
Maybe its not a surprise in Italy to serving good bread within good dough that it's really a must try.
Good options though.",4,2025-07-03T19:58:07.675950513Z,a year ago
ChIJpTGSwU_afkcRALQ5_zQOqcE,"Really good pizza for very fair price, good selection of wines, friendly staff. What was really extraordinary was homemade dessert (similar to mille feuille) with a glass of sweet wine. Couldn’t wish better ending of our lunch. Would recommend to visit.",4,2025-10-22T08:42:47.116431438Z,10 months ago
ChIJpTGSwU_afkcRALQ5_zQOqcE,"We fell on this place by accident.  It was late in the lunchtime period but we were welcomed and ushered through to an 'old style' dining area, elegant and very relaxed.. We had starters (chunky veg soup/ scallops) and main course of pizzas.  It was by far our best experience in the four days in Padua.  The food and the service were exemplary.",5,2026-03-10T14:24:26.241583889Z,5 months ago
ChIJpTGSwU_afkcRALQ5_zQOqcE,"Such cozy and warm atmosphere. The food was AMAZING. From starters, thought the main course, and then the star of the show, PIZZA. It had the most delish dough ever. So fine and thine, but yet with the perfect crust.",5,2024-02-16T20:18:50.887880Z,2 years ago
ChIJpTGSwU_afkcRALQ5_zQOqcE,Top environment from the indoor to the garden. I will choose it for a date.  Nice staff always willing to help. The first and second dishes are just a few but there are like 30 types of pizzas 🍕 you can choose from. One pizza is more than enough for oneself. Their dessert also looked great. Be careful of the time of your arrival because the kitchen closes at 3pm.,4,2021-10-12T16:11:39.380002Z,4 years ago
ChIJpTGSwU_afkcRALQ5_zQOqcE,"Nice ambience, good food, service was fast & efficient. If you want to be serve fast, this is the place. Waiters are professional especially the senior one.",5,2025-07-27T20:44:05.096949057Z,a year ago
ChIJpTWHmbzbfkcRdRu-nZfYwIY,"A good local restaurant with ample indoor seating. The pizza was tasty, with a choice of different doughs, including traditional Neapolitan-style and Kamut dough. The ingredients were fresh, and the pizzas were generously topped.

The millefoglie was a delicious dessert and exceptionally generous in portion size. Layers of flaky puff pastry were filled with fresh strawberries and thick pastry cream. The only minor criticism is that the pastry cream could have been a little lighter and creamier.

The service was friendly and welcoming. A couple of small items were forgotten during the meal, likely due to how busy the restaurant was at the time.

Overall, a solid choice for pizza with a very good dessert menu and generous portions.",4,2026-06-04T06:08:52.610060996Z,2 months ago
ChIJpTWHmbzbfkcRdRu-nZfYwIY,I luv this restaurant absolutely.Food quality comparing price is really unbeatable.,5,2026-04-29T11:43:26.291007237Z,3 months ago
ChIJpTWHmbzbfkcRdRu-nZfYwIY,"VERY Lovely Pizzeria. Food was Amazing, bringing some of the classics on a Romana Style base. Massive shoutout for the DESSERTS, they were to die for. Atmosphere and Service made it feel Truly Italian, although it didn't bring anything fresh to the dining experience. All in all, great place.",5,2025-03-10T00:09:12.522709Z,a year ago
ChIJpTWHmbzbfkcRdRu-nZfYwIY,"The service was phenomenal, very friendly and attentive. The food was also great. Will definitely come back!",5,2023-08-25T09:12:28.210656Z,3 years ago
ChIJpTWHmbzbfkcRdRu-nZfYwIY,Their gluten free pizza is a bit thick (has a cake-like texture) but I enjoyed it. They were very generous with the toppings.,4,2024-08-18T08:55:04.417766Z,2 years ago
ChIJpXSgrsDbfkcRzf_5kCMmrZI,Yummy pizza. Felt so authentic and so connection to the Italian aroma. Happy thanks for the entire for giving us good memories!!,5,2025-12-29T00:42:26.870001175Z,8 months ago
ChIJpXSgrsDbfkcRzf_5kCMmrZI,"Unexpectedly 5 stars ⭐
We received a warm welcome in a highly restyled location where the quality of the food was outperformed only by the wonderful service of the employees.
Special thanks to Alessandra that served is with great personality. 👍🏻",5,2021-09-11T09:37:43.988873Z,4 years ago
ChIJpXSgrsDbfkcRzf_5kCMmrZI,"We had a good pizza and a nice beer with several friends. Everyone was satisfied. The place is very big and there are a lot of tables, we had not to book (about 14 people and 2 days before Christmas).",5,2024-12-24T07:42:42.792563Z,a year ago
ChIJpXSgrsDbfkcRzf_5kCMmrZI,The food is good... soon i will come back again to take a photo. This time i don't  have a photo because im shy to take a shot😥😥😥 only i have this photo. While waiting  the order.. to prove ive been here this restaurant,5,2019-11-24T00:50:08.560049Z,6 years ago
ChIJpXSgrsDbfkcRzf_5kCMmrZI,"Every time I come back here, I always eat something different from the last time.
And it never disappointed me, pizza, meat, fish ecc was always delicious. Big compliments for the chefs, waiters and to the director, who was really kind and available for our needs.
Truly recommend this place.",5,2022-12-25T13:47:45.214872Z,3 years ago
ChIJpZZBCGXbfkcRSA80biTZAKo,Such a nice relaxed atmosphere and vibe. Came with a large group of family and they accommodated us outside easily. Our server Giulia was very friendly and attentive. The food  that we had was delicious. Very nice first dining experience in Padua.,5,2026-04-08T12:45:40.851106790Z,4 months ago
ChIJpZZBCGXbfkcRSA80biTZAKo,"Good place, good experience. Food was delightful. Expected though even a bit better for the price. We took the biggest menu, probably would have been even more happier with the menu with just meats. Well Tuna dish and pain fried fish dishes were awesome. Crab dish would have been probably even better without the muddy crab 😅. But we had a really nice night, service was awesome. Probably with the 75euro meat menu would have been 5 out of 5.

Maybe we have to go and try that one some other day.",4,2026-03-20T23:38:12.534447117Z,5 months ago
ChIJpZZBCGXbfkcRSA80biTZAKo,We arrived at the bar. They told us to wait a minute however no one came to seat us somewhere. We saw that most tables were empty so we assumed that we could probably seat anywhere we wanted. However we asked the waitress with bangs and clubmaster prescriptions glasses where we could seat and she turned on us and told us rudely. “ WAIT A MINUTE” and she turned around even tho she wasn’t doing anything. We responded kindly that most of the tables are empty so what are we waiting for exactly? She told us rudely again. “ I HAVE TO FIND WHERE TO SEAT YOU”. We told her that theres alot of tables empty and she told us rudely again that “THEY ARE ALL RESERVED”. However she showed us that we could seat at probably one of the worst tables of the bar. We didn’t say anything and we sat. However that was a lie since only one table came after we did. We didn’t have a problem with the table we got but with the attitude of the waitress. If you dont want to be kind with your customers then change job. Its like saying hello and getting a response back “bye”. Wouldn’t say a good first impression for a place. However the view is nice.,2,2026-05-01T00:11:59.240898288Z,3 months ago
ChIJpZZBCGXbfkcRSA80biTZAKo,"This place was recommended to me by a local as one of their favorite restaurants in Padova.
Exforo is located just next to Prato della Valle and Abbazia di Santa Giustina, and you get to see the most beautiful sunset during dinnertime.
The staff is very warm and welcoming.
I ordered from the tasting menu, and the food was very delicious incorporating local produce.
You can consider having aperitivo at the outside area when the weather is good. Definitely recommend and will return!",5,2025-04-23T20:48:29.934919Z,a year ago
ChIJpZZBCGXbfkcRSA80biTZAKo,This was the perfect experience. Beautiful outside terrace with a view. Nice interior of the restaurant. Very friendly staff. And the food with wine pairing was amazing. I highly recommend this place!,5,2025-04-04T15:36:59.198939Z,a year ago
ChIJp_3I38nbfkcRB8VdSFG-S4o,"I truly regret going to this place. The guy did not wash his hands and/or put gloves on to start preparing the food. And I saw him handling cash.
I regret eating it after seeing that. The meat was already sitting there and you could tell it’s been there for a while. The place itself looks very dirty. I almost throw up.",1,2024-01-06T13:36:58.418868Z,2 years ago
ChIJp_3I38nbfkcRB8VdSFG-S4o,"I went there this evening for a kebab and chips. It was quite cheap, but the meat had been there for a while and you could tell. The chips were too salty! The kebab itself was good, but there are much better options.",1,2026-06-22T19:30:35.056237491Z,2 months ago
ChIJp_3I38nbfkcRB8VdSFG-S4o,"It arrived barely warm, and not the kebab sandwich I'd ordered, but a kebab piadina. Never again. Highly inadvisable, not very serious.",1,2025-10-29T19:43:52.128296532Z,10 months ago
ChIJp_3I38nbfkcRB8VdSFG-S4o,"One of the worst kebabs you can eat.
I don't recommend it; the meat is third-rate.",1,2025-11-06T14:31:27.169689244Z,9 months ago
ChIJp_3I38nbfkcRB8VdSFG-S4o,"After the first bite, my stomach hurts.
The staff isn't friendly.
While making the sandwich, he touches his nose.",1,2025-11-07T12:43:45.017227902Z,9 months ago
ChIJpe7-SQDDfkcRMqvo9M4Ir4I,"Had an amazing meal here today. Every dish was cooked to perfection with great flavors. The staff were welcoming and efficient without being intrusive. Clean, cozy, and great value for money. One of the best restaurants around, will come back often and recommend to friends.",5,2026-03-27T12:04:04.259396542Z,5 months ago
ChIJpe7-SQDDfkcRMqvo9M4Ir4I,"Sushi City restaurant is huge! The decor is beautiful, with various design elements. The owner is warm and friendly, and the food is plentiful and fresh, with many choices. Highly recommended!",5,2026-03-21T14:54:00.485078607Z,5 months ago
ChIJpe7-SQDDfkcRMqvo9M4Ir4I,highly recommend to the people living near Legnaro for their lunch and dinner time.🙏😍,5,2026-03-27T16:05:17.477139597Z,5 months ago
ChIJpe7-SQDDfkcRMqvo9M4Ir4I,The food is great but their sushi menu is limited compared to other sushi places in the town. They have very limited options and their sashimi cuts are very huge and not thin. We loved the sweets there,5,2026-06-13T10:00:03.655664431Z,2 months ago
ChIJpe7-SQDDfkcRMqvo9M4Ir4I,"A wonderful place! Remarkably fast service and very tasty food, i’ll make sure to return here!",5,2026-04-10T12:47:53.898454895Z,4 months ago
ChIJq-cj5YfafkcRJIFKmcKuV1s,"The pizza is good the workers are rude. You can not bring a water bottle with you to drink. Why you might ask? You need to buy their stuff because they are trying to get every penny you have. If you want to eat inside they charge an extra 50 cent. Btw, they say (yell) the same sentence over and over in italian when you say that you can't speak italian. Even if their pizza was 5 star, I would still not go there again. I don't feel bad about their rudeness ,however I am not giving any more penny to people who lack basic humanity.",1,2025-12-13T15:54:38.916079895Z,8 months ago
ChIJq-cj5YfafkcRJIFKmcKuV1s,"The pizza is delicious, but the woman who works there is extremely rude and unpleasant. I will never go back to that place!",1,2026-03-16T23:56:58.310857261Z,5 months ago
ChIJq-cj5YfafkcRJIFKmcKuV1s,Very delicious and friendly.,5,2023-07-30T18:06:52.367830Z,3 years ago
ChIJq-cj5YfafkcRJIFKmcKuV1s,So far the best Pizza in Padova.,5,2018-10-08T20:25:46.025608Z,7 years ago
ChIJq-cj5YfafkcRJIFKmcKuV1s,Food is really good and pretty cheap,5,2023-10-08T11:22:54.181051Z,2 years ago
ChIJq7xvI5nbfkcR9rju10jdVb4,"Good environment with chill down. there are parks for the guests. Good price and good quality, Sofia is very nice (don’t know if she is the owner)
Lunch choice are simple but satisfied
It seems that they’ve just opened for 4 months, but worth to go.
A strange thing that I can’t search it on Google map by “sushi all you can eat” ?? But it is a all-you-can-it.
Keep going well!",5,2024-04-18T11:30:59.939310Z,2 years ago
ChIJq7xvI5nbfkcR9rju10jdVb4,"Very nice experience, beautiful clean restaurant, beautiful lighting creates a very nice atmosphere. Very spacious and cool vibes. Ordering with an ipad was fun and the food was above board all the way! If you are in Padova or near I strongly recommend you try this place.",5,2024-08-19T20:56:12.556320Z,2 years ago
ChIJq7xvI5nbfkcR9rju10jdVb4,"Considering the level of service, the pace with which they bring the orders, the atmosphere, the freshness and the deliciousness of the food, it is the best sushi I have tried in Padova so far. The Bigne's are especially recommended! Can't wait to go there another time.",5,2026-01-26T06:17:24.056864950Z,7 months ago
ChIJq7xvI5nbfkcR9rju10jdVb4,"We are on a vacation here in Italy at our friends, I made an early order around 16:30 for a delivery at ~19:00 (opens at 18:30) for mine and their kids because I stayed at home with all of them, I also knew that our friends usually go to this restaurant, the food came overall not bad. But the fact that it was missing a position from the order made my nanny experience very bad and the kids also got upset…",2,2026-05-24T22:54:45.617560758Z,3 months ago
ChIJq7xvI5nbfkcR9rju10jdVb4,"Overall, a very good experience. We chose the all-you-can-eat dinner menu and found it to be excellent value. The food selection was well balanced and sufficient, without being excessive. Orders were served very quickly, and the staff were kind, attentive, and proactive throughout the meal. The restaurant was not crowded, and the spacious layout, tasteful interior design, and pleasant background music created a comfortable and relaxing atmosphere.",5,2026-01-04T07:14:40.804364178Z,7 months ago
ChIJqS4YJi3bfkcRcNXWtF3UmJ4,"The best: big place good for people with kids. There are books for kids, sometimes there is also a babysitter that takes care of them.  There is also kids menu. It is divided in 2, the coffee place and the restaurant place. The coffee place can be also for a quick coffee with normal prices. The restaurant, has 4 or 5 options for each type of dish (antipasto, primo, secondo, dessert). The food is good, nothing special. I would recommend the carbonara di gamberi. There are a lot of sockets for charging cellphones. Attention is kind, we arrived without reservation and even though they were full they offered us a small little angle to eat.",3,2024-01-22T12:01:04.852317Z,2 years ago
ChIJqS4YJi3bfkcRcNXWtF3UmJ4,Really more for families. Sort of a shop that also does meals. The share plate and appetiser were very large - we had chicken and prawns - both came with mayo. They were fine but not exciting. For mains hubby really loved the mixed meat pasta - I had the pork Schnitzel which again had the mayo and was a little oily for my tastes. Bread for copertta was below average for Italy. Staff were friendly.,3,2025-06-22T19:29:43.888221956Z,a year ago
ChIJqS4YJi3bfkcRcNXWtF3UmJ4,"Kids don’t lie, my daughters said this place is “Bellissimo”, the parents say that the service is first class, the food and drinks are outstanding. Highly recommend for families but also for a business lunch or chill evening with friends.",5,2021-07-02T11:53:54.469176Z,5 years ago
ChIJqS4YJi3bfkcRcNXWtF3UmJ4,"HIGH QUALITY BISTROT, TASTEFUL DISHES, NICE FORNITURE and TOILET, NICE KIDS SPACE. Good the idea of using MENU QR CODE, but lacks of pictures of the dishes. HIGHLY RECOMMENDED",4,2023-08-24T11:51:29.249378Z,3 years ago
ChIJqS4YJi3bfkcRcNXWtF3UmJ4,"Modern place with curated dish selection. Price a little on the higher side. They have a dedicated kids area, great for family gatherings. A business area is available as well.",5,2023-11-01T15:07:23.588806Z,2 years ago
ChIJqXY6Da7bfkcR3KJ5ypPYeY8,"Great bar with super tasty food. Prices are super nice. Good service and nice cocktails. Important, that they are open till late. Recommend. Will come back again 👍👍👍",5,2025-01-10T00:10:49.909472Z,a year ago
ChIJqXY6Da7bfkcR3KJ5ypPYeY8,"Very nice but very noisy place, I've been there many times. The food was good and the cocktails were amazing. Perfect place for a midnight aperitif with friends.",4,2025-09-06T23:43:44.351978327Z,11 months ago
ChIJqXY6Da7bfkcR3KJ5ypPYeY8,6666 is not open 24 hours at all... The opening hours on Google Maps are a complete lie 🙄,1,2026-04-05T01:17:30.232176752Z,4 months ago
ChIJqXY6Da7bfkcR3KJ5ypPYeY8,"The Google information was inconsistent with reality; it showed the place as open 24 hours, but when I arrived at around 2 AM, it was already closed. I came all the way from a distance and wasted my time.",1,2026-04-05T01:20:01.701673231Z,4 months ago
ChIJqXY6Da7bfkcR3KJ5ypPYeY8,"Unfortunately, my experience wasn't positive. The atmosphere wasn't suitable, as smoking was common in the enclosed space, making the atmosphere very stuffy and uncomfortable. Furthermore, a particularly noisy table, with constant shouting, compromised the tranquility of the place.
I reported the situation to a staff member, but no action was taken. Overall, the experience was disappointing.",1,2026-01-11T21:52:19.076106319Z,7 months ago
ChIJqYEUQkvYfkcRpW_bv7K03Hg,"The pizzas are absolutely delicious! We have eaten here many times and have always been satisfied. The atmosphere is warm and family-friendly, the service is always very kind and welcoming, and the prices are very reasonable. We highly recommend this place to everyone who loves authentic Italian pizza. Thank you for the great experiences!

Best regards,
Andrea & Tommaso 🍕🇮🇹⭐️⭐️⭐️⭐️⭐️",5,2026-06-21T19:34:52.778965769Z,2 months ago
ChIJqYEUQkvYfkcRpW_bv7K03Hg,"The best pizza i ever had. Amazing dough, delicious ingredients. I couldn't believe how good it was. I'd give my hair away for one more slice",5,2024-05-07T15:59:15.307923Z,2 years ago
ChIJqYEUQkvYfkcRpW_bv7K03Hg,"My favourite pizza in Padua. The debate it's on which kind of pizza you like, but the taste and the variety of choices aren't arguable! You can even comose the pizza you like more!
The people inside are fun and helpful.
If you don't find ""Gricia"" in the menù, ask for it, you'll be happy about it ;)",5,2023-07-18T10:17:16.982499Z,3 years ago
ChIJqYEUQkvYfkcRpW_bv7K03Hg,Service is nice and in cassa they speak very good English,5,2026-01-02T18:46:30.543831477Z,7 months ago
ChIJqYEUQkvYfkcRpW_bv7K03Hg,Top!,5,2023-01-30T08:52:09.958280Z,3 years ago
ChIJqc2ysFHafkcRbOcIDLBCJP8,"The food was great, and had decent vegan options. The waiters were so kind, they offered us free dessert at the end of the meal (probably because it was Christmas). It was the best Christmas dinner I've had in a while!",5,2025-12-26T07:20:42.806995082Z,8 months ago
ChIJqc2ysFHafkcRbOcIDLBCJP8,"One of the best Chinese restaurants I have ever been to.

The food was excellent value and excellent quality.  All fresh and tasty.

The restaurant was packed at lunchtime with a very nice atmosphere.

Visited here for the second time and it was just as yummy as the first.",5,2023-09-14T15:43:13.461696Z,2 years ago
ChIJqc2ysFHafkcRbOcIDLBCJP8,"Shanghai Restaurant in Padua is an absolute gem …!!

Stepping into this place felt superb, greeted by friendly, happy staff and it’s no wonder—being the first Chinese restaurant in the city; the food was absolutely amazing.

It has an unique feature: a glass floor with a koi pond beneath, enjoying our meal while watching colorful fish swim below. ￼

The atmosphere is cozy yet lively, making it the perfect spot for an adventurous night out or day for that matter.

For anyone craving a taste of China in Padua, Shanghai Restaurant is a must-visit.",5,2024-11-02T11:47:58.656806Z,a year ago
ChIJqc2ysFHafkcRbOcIDLBCJP8,The food was ok if you like China food,4,2026-02-15T18:46:48.179195500Z,6 months ago
ChIJqc2ysFHafkcRbOcIDLBCJP8,One of the best authentic Chinese food we ever had. A very good variety on the menu both vegetables and non vegetarian food. We enjoyed so much that decided to visit again during our short holiday break.,5,2024-04-14T09:01:19.551587Z,2 years ago
ChIJqwUJbQjbfkcRLsZuQqEjEW4,Very normal pizza  and Italian food recommended to everyone who is interested eating PIZZA near the PADOVA AREA After 10 PM not delivery  service .,3,2023-07-05T10:16:50.843949Z,3 years ago
ChIJqwUJbQjbfkcRLsZuQqEjEW4,Pizza ok,5,2026-02-27T10:02:34.532043366Z,6 months ago
ChIJqwUJbQjbfkcRLsZuQqEjEW4,Very good pizza and fast delivery,5,2018-08-22T23:17:15.953625Z,8 years ago
ChIJqwUJbQjbfkcRLsZuQqEjEW4,"Fast, even though it was Sunday evening and we hadn't booked: just 10 minutes to get three takeout pizzas.
You can sit outside, and I assume you'll even reserve some seats, because I saw a ""reserved"" sign on a table. Inside, I noticed a small open area where perhaps they'll add indoor seating this winter (I hope so!).
Good prices (a little lower than other takeout pizzerias in the area) and adequate quantities.
Excellent pizza quality: light, easy to digest, not thirsty, cooked to perfection.
Expertly managed electric oven.
Wide selection of pizzas, as well as other delicacies: baguettes, calzones, pizza sandwiches, panzerotti, and fried foods.
Whole wheat dough, Napoli dough, and Roman-style pizza by the slice are available (reservation required).
Family and mini pizza sizes are also available.
Home delivery is available.
The only drawback: parking in the area. Either you take the nearby streets or it's better to walk or take a motorbike/bike.

I'd say this was a very positive first experience! We'll definitely be back soon.

2x 4-cheese pizzas (€8 x 2)
1x ham, mushroom + spicy salami pizza (€7 + €1 additional salami + €1 Napoli dough = €9)
Total €25

From the menu, excluding any special additions or dough, the maximum price for a pizza is €9.50.

UPDATED at the end of October 2025
I confirm that you can eat in and reserve both inside and outside. The fried zeppole are excellent! The staff is always courteous and very kind. We're now regulars 😋",5,2025-10-26T17:43:42.080827122Z,10 months ago
ChIJqwUJbQjbfkcRLsZuQqEjEW4,"Excellent takeout pizzeria! The pizzas are always tasty, well-topped, and made with quality ingredients. The family-size pizzas are also very convenient, perfect for sharing with a large group: large, flavorful, and always cooked to perfection. Friendly and helpful staff, quick preparation times, and on-time delivery. Definitely one of the best options in the area for those who want pizza as good as a pizzeria, but to enjoy at home.",5,2025-09-27T22:06:29.736734392Z,11 months ago
ChIJqxZkpbnZfkcROs237CJcXfU,"Sharing the same roof as the legendary Le Calandre (3 Michelin stars), Il Calandrino offers a wonderful opportunity to experience the Alajmo philosophy at a far more accessible price point.

From the chef’s welcome snack to the beautiful millefoglie dessert, every course was executed with precision and elegance. Highlights included the delicate cuttlefish ink tagliolini with seafood and pistachio sauce, the seasonal asparagus dish with artichoke strudel, and the surprisingly tender donkey picanha with grilled friggitelli peppers.

The wine list is thoughtfully curated, and we particularly enjoyed a mature white from Tenuta San Leonardo alongside a glass of Speri Sant’Urbano Valpolicella Classico Superiore.

Service is warm, professional and relaxed, creating an atmosphere that feels refined without being intimidating. While Il Calandrino naturally stands in the shadow of its famous big sister, it shines brightly on its own merits.

An excellent destination near Padua for anyone looking to experience Michelin-level hospitality, cooking and attention to detail without the Michelin-level bill.",5,2026-06-04T20:17:32.441278111Z,2 months ago
ChIJqxZkpbnZfkcROs237CJcXfU,"The best croissants ever! Fragrant and fluffy, made with real butter! Yummy filling, I lost my mind over the hazelnut coating!
If you haven't already been there, then you must go!
The place needs no references, but nevertheless I must say I enjoyed the hand cream despenser in the bathroom!
Clean and Classy Environment!
Thank you 🙏",5,2021-09-28T20:22:31.108328Z,4 years ago
ChIJqxZkpbnZfkcROs237CJcXfU,"This is a fantastic place. We've been here four times now, and every time has been excellent. The food is always interesting and the wine list is too.",5,2025-08-29T12:14:55.748545430Z,12 months ago
ChIJqxZkpbnZfkcROs237CJcXfU,"The warm family
Excellent for anything and I can see that they provide their best to me and the photo 6 is their iconic dish and the photo 7 is their best bread.",5,2023-09-27T18:46:39.911148Z,2 years ago
ChIJqxZkpbnZfkcROs237CJcXfU,It's is wonderful place to  holiday trip for who like to ply 🎿  and tracking all so,5,2019-03-16T08:15:41.126704Z,7 years ago
ChIJr0BtXV7afkcRyqd96uzrs84,"Simple, honest cuisine.",5,2019-09-25T13:22:17.711292Z,6 years ago
ChIJr0BtXV7afkcRyqd96uzrs84,Top,5,2021-02-18T10:17:04.168220Z,5 years ago
ChIJr0BtXV7afkcRyqd96uzrs84,good place,3,2019-01-19T18:10:10.906942267Z,7 years ago
ChIJr0BtXV7afkcRyqd96uzrs84,Top,5,2018-01-24T12:39:34.870Z,8 years ago
ChIJr0BtXV7afkcRyqd96uzrs84,"A great place for quick lunches at reasonable prices.
We had a first course and a coffee with a glass of wine. €14.
The service was very fast and impeccable.",5,2026-08-08T20:47:29.775277936Z,2 weeks ago
ChIJr3ZPMFjafkcRv7xsLKoOVM4,"The best place to eat Lebanese food, they have amazing sandwiches and menu offers. Guys who are working here are very friendly. There are vegetarian/vegan options. I frequently come here to eat lunch and I have never been disappointed. Recommendations!",5,2025-01-18T11:59:09.171574Z,a year ago
ChIJr3ZPMFjafkcRv7xsLKoOVM4,"A great Kebab place in Padova, which is made better by the warmth of the brothers that run it. Though they have vegetarian options, their chicken teriyaki and fajita rolls are out of this world. Highly recommended.",5,2026-03-04T20:54:03.782905960Z,5 months ago
ChIJr3ZPMFjafkcRv7xsLKoOVM4,"I have visited Alì Baba e i 40 Panini place several times and I must say the food is absolutely delicious and flavorful. The owners are very warm and friendly, creating a welcoming atmosphere. I highly recommend trying their best Lebanese fast food dishes and Lebanese sweets. Everything was excellent. Highly recommended!",5,2024-02-21T15:23:19.522709Z,2 years ago
ChIJr3ZPMFjafkcRv7xsLKoOVM4,"Big portions and fair price, the food is spiced mildly, so if you need an additional kick to you food you can ask the staff.
Everything was made on the moment and the food was very fresh",5,2026-03-21T12:32:32.700472677Z,5 months ago
ChIJr3ZPMFjafkcRv7xsLKoOVM4,"Being Lebanese I can recommend this place. The food is made Lebanese style and it's absolutely delicious. The guys are Lebanese, very kind and fast working. The place is simple. The menu has enough choice. The price is fair and the foods quality is very high. If you're Lebanese or you like middle eastern cuisine you must try it!",5,2019-04-19T12:29:44.665786Z,7 years ago
ChIJr5eDc-zafkcRVK3dPlugkus,All you can eat. Kind staff. Good food. Fair prices.,4,2026-06-12T17:04:59.425246937Z,2 months ago
ChIJr5eDc-zafkcRVK3dPlugkus,"All you can eat during the week. Service was quickly and efficiently, but I didn't find beef or duck meat. Anyway all well and fresh!",4,2025-04-03T11:20:13.244736Z,a year ago
ChIJr5eDc-zafkcRVK3dPlugkus,The best Japanese all-you-can-eat I had up to now. Fair price. Good food. Fast orders. Top organization.,5,2023-04-07T20:18:58.233680Z,3 years ago
ChIJr5eDc-zafkcRVK3dPlugkus,"The quality, texture, and taste of the sashimi here are decent (not exceptionally fresh and delicious). considering the price, it’s quite worth it.",4,2026-04-10T18:18:49.546087558Z,4 months ago
ChIJr5eDc-zafkcRVK3dPlugkus,Our order came very quickly it was the best. The meals were so good and we ordered a vanilla mochi it was so amazing that we asked for a second round!!! Overall it was my most enjoyable dinner in Padova🩷🩷🩷,5,2024-04-28T19:37:16.441429Z,2 years ago
ChIJr5tB2cLbfkcR3IIzpGihSfY,"We had a wonderful experience at Pizzeria Casa Della Pizza. The pizza was fresh, delicious, and full of flavor. The crust was perfectly baked, the ingredients were high quality, and the portions were generous. The staff were friendly, and the service was excellent. I highly recommend this pizzeria to anyone looking for authentic and tasty pizza. We will definitely come back!",5,2026-07-29T18:11:51.009035511Z,3 weeks ago
ChIJr5tB2cLbfkcR3IIzpGihSfY,The pizzas dough are amazing and the staff is very welcoming and friendly. Regards from the Portuguese Professor to the best Engineer Pizzaiolo (the staff will understand the joke),5,2026-05-02T20:17:24.435388034Z,3 months ago
ChIJr5tB2cLbfkcR3IIzpGihSfY,"He told me that “you will have best Margarita pizza  ever”

Yes it was it. Highly recommended.",5,2025-04-15T18:01:23.468967Z,a year ago
ChIJr5tB2cLbfkcR3IIzpGihSfY,"The pizza maker was very polite and very friendly.
I asked some information. He's more than happy to answer.",5,2026-06-03T19:23:12.695646895Z,2 months ago
ChIJr5tB2cLbfkcR3IIzpGihSfY,The pizza was delicious and customer service was even better!😋🥰,5,2026-07-29T19:22:14.036633723Z,3 weeks ago
ChIJr84V2VDafkcRo_c25N-HeVY,"Stopped in with my mum for a quick bite before leaving Padova and was really impressed. The food was fantastic, service was speedy, and the menu has a great variety at very affordable prices. Would definitely recommend!",5,2026-05-26T12:53:55.157386562Z,3 months ago
ChIJr84V2VDafkcRo_c25N-HeVY,"Great spot for delicious Tex-Mex tacos and Italian pasta. The tacos de fuego, pulled pork, pollo asado, pollo e avocado were amazing! Very friendly staff, reasonable prices, good atmosphere, delicious food, and interesting sauces. Recommend the jalapeño poppers as well. This is my new go to spot!",5,2022-03-24T13:47:10.436394Z,4 years ago
ChIJr84V2VDafkcRo_c25N-HeVY,"I found this wonderful place on my way from the Basilica to the station. Great tasting and great value pasta, and how sensible to give the customer a choice of portion sizes. Friendly staff too. If I didn’t live 1600km away I would go there regularly!",5,2023-02-06T18:14:20.004307Z,3 years ago
ChIJr84V2VDafkcRo_c25N-HeVY,"Very good and affordable place, during lunch there is no cover charge, which was pretty good for me. Yes, they will serve dish in disposable plate, but why not.
I also liked the pasta - you can create your own combibation, which is pretty cool and it was tasty. They have a lot of coffee types and it was good as well.
Staff was very friendly.",5,2024-03-15T07:59:15.249754Z,2 years ago
ChIJr84V2VDafkcRo_c25N-HeVY,Very nice place. Pasta and aperol was good. Stuff was very nice 🙂 we got wind that aperol is local here in Padova. Also bread as snack was very good. I recommend this place 👌,5,2023-09-15T19:02:19.765443Z,2 years ago
ChIJr9MM0UTafkcRLkub0Wdz4bw,Fabulous ...every course ...even the wine and coffee ...delicious ...,5,2026-04-17T11:16:56.577108265Z,4 months ago
ChIJr9MM0UTafkcRLkub0Wdz4bw,grate food and great wine list ...it can be a little slow seevice when is full,4,2017-09-26T21:32:31.897Z,8 years ago
ChIJr9MM0UTafkcRLkub0Wdz4bw,Small bar. Good coffee and fancy cappuccino,4,2018-04-30T09:22:11.238Z,8 years ago
ChIJr9MM0UTafkcRLkub0Wdz4bw,Top  🤗😊,5,2018-03-31T17:45:05.517Z,8 years ago
ChIJr9MM0UTafkcRLkub0Wdz4bw,Good,4,2019-07-30T22:54:15.563698Z,7 years ago
ChIJrW3vj_TQfkcR4SnXhKTy6Hc,Food was delicious. Great selection of drinks. Staff was very friendly. Only recommendations would be to add Mac n cheese to the menu and to replace the lingua brisket with a bbq chopped smoked chicken.,5,2026-06-19T11:39:11.943939097Z,2 months ago
ChIJrW3vj_TQfkcR4SnXhKTy6Hc,"If you are looking for real brisket, this is the place. The best brisket in the area. You will not regret it. My goal is to try everything on the menu 😅 We have been here twice already and will most definitely be our go-to spot even if we have to travel almost 40 minutes.  It's worth it!",5,2025-06-15T14:38:14.284521338Z,a year ago
ChIJrW3vj_TQfkcR4SnXhKTy6Hc,"We wanted to go to this place since forever....and finally I must say it was worth the wait. The choice of pizza is very interesting and we let the staff (super Calogero expecially) guide us bringing several rounds of tastings :)
We tried as many flavors as we could and all of them were amazing. They use fresh and regional products, also from center and southern Italy. I recommend to book in advance since the place is not very big and has turns.
Extremely recommended 👍🏼
We'll be back for sure! ❤️",5,2024-05-31T06:20:52.793374Z,2 years ago
ChIJrW3vj_TQfkcR4SnXhKTy6Hc,"Really good pizze and focacce. Good selections of beers. Really good pulled pork, nice waiters",4,2025-10-05T15:25:09.474198167Z,10 months ago
ChIJrW3vj_TQfkcR4SnXhKTy6Hc,"Great pizzas (square) they serve here.
Great choice of different flavours.
Most definitely recommended.",5,2023-05-03T10:56:56.353004Z,3 years ago
ChIJr_qzKKnbfkcRnt1_qzCdmeA,"Great Sushi, vibing place, top service - i like 👍🏼",5,2022-10-21T13:57:24.375767Z,3 years ago
ChIJr_qzKKnbfkcRnt1_qzCdmeA,Cool place best sushi,5,2017-05-10T18:44:35.644Z,9 years ago
ChIJr_qzKKnbfkcRnt1_qzCdmeA,Average sushi overpriced.,2,2022-06-09T11:03:00.251691Z,4 years ago
ChIJr_qzKKnbfkcRnt1_qzCdmeA,😍👍🏻,5,2019-12-20T20:56:41.545914Z,6 years ago
ChIJr_qzKKnbfkcRnt1_qzCdmeA,"On the top floor (entered from the pizzeria) is this very unique place, with wall projections and meticulously crafted furnishings and finishes. The tables next to the tall windows overlooking the city walls are lovely. The service is very friendly, and the sushi is a quality mix of different types of fish, including tuna in two different grades of fattiness, just like in Japan. A definitely more authentic experience than your average all-you-can-eat restaurant.",5,2026-04-19T13:13:32.424820379Z,4 months ago
ChIJrftZl_3bfkcRO2mCedkSBcY,"One of the best places to eat in Padova. The service, the staff, and the chef were fantastic. They cook wonderful food and also know its origin. Their vegetable dishes are amazing. Chef 10/10 ⭐️. One of the best places I have eaten at.",5,2023-12-24T22:09:13.759093Z,2 years ago
ChIJrftZl_3bfkcRO2mCedkSBcY,"One of the best restaurants in Padova!
Really delicious food with consistent quality of every single course, very lovely staff with a very cute atmosphere that's very suitable for a date night or a hangout with friends.",5,2023-10-07T21:39:30.035698Z,2 years ago
ChIJrftZl_3bfkcRO2mCedkSBcY,"Very good dishes, fantastic meat, nice location. Price adequate to meat quality. Parking is a little complicated, but there's a car dealership parking 5 minutes far from the restaurant",4,2022-04-19T08:54:04.688093Z,4 years ago
ChIJrftZl_3bfkcRO2mCedkSBcY,"Lovely atmosphere in the outdoor garden. Both the tartare classica and the tagliata were delicious. Great service, the staff was very helpful and kind. Will be back!",4,2023-07-15T13:07:06.766753Z,3 years ago
ChIJrftZl_3bfkcRO2mCedkSBcY,"There is no fantasy in their kitchen, but the quality is very high and the staff is super kind.
The CHEESECAKE IS MIND-BLOWING",4,2021-11-21T00:11:54.415369Z,4 years ago
ChIJrzsL-b7bfkcR0PiKPd_u-Y0,"Very clean and beautiful place, delicious food, with very good service, always feel calm and relax",5,2023-10-25T05:50:58.627928Z,2 years ago
ChIJrzsL-b7bfkcR0PiKPd_u-Y0,A nice and peaceful place to enjoy,5,2023-12-26T15:46:43.140320Z,2 years ago
ChIJrzsL-b7bfkcR0PiKPd_u-Y0,"If the concept of ""chaotic evil"" were a physical place, it would undoubtedly be the Summer Bar. Just stepping inside is enough to understand that this is a place where common rules of thumb count for nothing. The menu is classic Chinese restaurant fare (special mention: their fried tofu is the bomb), but it's the experience that makes the difference: personally, I've witnessed meetings of what seemed like some Eastern European Communist Party, an Iranian New Year's Eve, arguments between boomers dancing the bubble on PokerStarz, and the comings and goings of characters who seem to have stepped out of a noir film from times gone by.

The bagigi (aka peanuts) come with unlimited free refills. The icing on the cake.",5,2026-05-13T10:22:41.226241885Z,3 months ago
ChIJrzsL-b7bfkcR0PiKPd_u-Y0,"Exquisite, everything ordered several times, really delicious",5,2026-02-20T11:33:22.551600577Z,6 months ago
ChIJrzsL-b7bfkcR0PiKPd_u-Y0,"In all fairness, I have to give a super positive review. It's run by Chinese people, but I ate like I've eaten at the best Italian trattorias. I'm referring to the lunch of the day, and in particular the spaghetti aglio olio e peperoncino. I want to emphasize: THE BEST!!!
Well done, well done!
Highly recommended!",5,2025-08-29T16:56:30.271636570Z,12 months ago
ChIJs0KpGH3bfkcRKbC80U2Min0,One of the most delicious meals I’ve ever had in my life!! I ate a carbonara and it was like in the books!! I can’t say one bad word about this place!! Fully loved it 😍,5,2026-08-06T10:54:02.718774601Z,2 weeks ago
ChIJs0KpGH3bfkcRKbC80U2Min0,"I came here with my friend who lives in Italy. The location is very charming, and the seating area is really nice. We ordered the Bruschette Trio, and both of us had the Carbonara. Bruschetta and the carbonara were average, maybe they just weren’t exactly my taste, as there are definitely other pasta dishes I prefer more.

Interestingly, the tiramisu was one of the best I’ve ever had in my life. I’m sure there are places with better pasta, but overall I enjoyed the experience, and I would definitely come back if I’m in the area again.🍷",4,2026-05-22T08:56:24.645801012Z,3 months ago
ChIJs0KpGH3bfkcRKbC80U2Min0,"Here’s a tip, come as early as they open ! And believe me that the restaurant gets packed during lunch hour, we came before the crowds starts. Ordering thru QR codes. They have today specials which are not in the menu (waiter/ess will introduce). The sauce is really rich and flavourful.
Definitely will be back !",5,2026-05-20T20:46:25.719404154Z,3 months ago
ChIJs0KpGH3bfkcRKbC80U2Min0,"We had a wonderful experience at this restaurant. The staff were incredibly friendly and helpful from the moment we arrived. Even though it was our first time there, one of the girls went out of her way to assist us—we are very grateful to her for making us feel so welcome.

The food was absolutely delicious, and the interior design of the restaurant is also beautiful and inviting. We truly enjoyed our visit and would happily come back again.",5,2026-04-21T17:05:38.886082260Z,4 months ago
ChIJs0KpGH3bfkcRKbC80U2Min0,"This restaurant exists in several cities in Italy. It is a very safe option bacause the menu and way of making the food is the same across restaurants and we had a meal with them more than one time. The food is great, ingredients are fresh. Quick service. You can order from your phone and even pay there if you want. I don't think you need a reservation. The price is also pretty good for Italy!",5,2026-05-04T09:19:59.537222708Z,3 months ago
ChIJs1lxhJ3ffkcRtnlFGfJI7G0,Wonderful service. But the food wasn't meeting the hyper. Over all not bad. Loved the cats they take care of here.,3,2026-01-30T01:55:14.739507285Z,6 months ago
ChIJs1lxhJ3ffkcRtnlFGfJI7G0,"Our family had hamburgers, which were excellent. The patties were juicy and the buns nice and crispy. The service was polite and fast.",5,2025-01-02T20:02:55.320164Z,a year ago
ChIJs1lxhJ3ffkcRtnlFGfJI7G0,wonderful location and great food. Staff was very helpful as well!,5,2026-07-14T19:17:40.267365883Z,a month ago
ChIJs1lxhJ3ffkcRtnlFGfJI7G0,We had a great time at Aquolina restaurant. A group of 9 people arrived 40 minutes before closing and they prepared everything for us quickly. The restaurant has great options for vegetarians and service was exceptional. Highly recommended!,5,2024-10-12T21:48:01.011260Z,a year ago
ChIJs1lxhJ3ffkcRtnlFGfJI7G0,"Great dinner with my wife. We walked from another hotel and really enjoyed Sofia, our server, and all of the staff. Enjoyed great aperitifs, bottle of wine. The Burger Guerriero and the potatoes (patabush) were exceptional along with some onion rings and gelato. Thank you!",5,2022-08-30T19:22:13.778361Z,3 years ago
ChIJsaseL1LafkcR9717B3D3c7s,"I visited this pâtisserie and I’m absolutely delighted! The cakes and croissants are incredibly tasty, every bite is a real treat. The coffee is excellent and perfectly complements the sweet delights. I especially want to highlight the friendly and welcoming staff. Definitely a place I recommend!",5,2026-04-01T23:32:42.792575578Z,4 months ago
ChIJsaseL1LafkcR9717B3D3c7s,"Italian typical and high quality pastries: 10/10 super gourmet, vegan friendly and the staff is fantastic!!",5,2026-07-23T21:08:24.086626820Z,a month ago
ChIJsaseL1LafkcR9717B3D3c7s,"Pasticceria Breda is one of my favorite spots in Padova for a relaxing coffee break. The coffee is always excellent, the pastries are fresh with a great variety to choose from, and the staff are genuinely kind and welcoming. Whether you’re stopping by for breakfast or an afternoon treat, it’s the perfect place to enjoy a sweet moment in Padova!",4,2025-11-01T15:24:41.092001297Z,9 months ago
ChIJsaseL1LafkcR9717B3D3c7s,"Great coffee and tasty croissants. A perfect spot to enjoy a slow, authentic Italian morning. The prices are fair, too.",4,2026-07-04T15:22:35.059116682Z,a month ago
ChIJsaseL1LafkcR9717B3D3c7s,"Perfect place for a delicious breakfast or coffe break. There’s a very good selection of pastries and cakes and the coffee is good. Seats and toilet are available inside. The staff was not very welcoming but the service was fine.
Prices were average.",5,2018-01-07T22:08:48.946Z,8 years ago
ChIJscoyyvbbfkcRXpB2hzeOECg,This is a good place for eating chicken. According to their claims they provide halal chicken.,4,2018-10-26T23:10:29.001356Z,7 years ago
ChIJscoyyvbbfkcRXpB2hzeOECg,I dont hate this place,5,2020-08-07T14:35:22.181011Z,6 years ago
ChIJscoyyvbbfkcRXpB2hzeOECg,was good,4,2018-11-11T20:14:53.837961986Z,7 years ago
ChIJscoyyvbbfkcRXpB2hzeOECg,"Ordered through JustEat.
Aside from the service itself (they arrived significantly late; when I pointed this out, the eloquent response was ""yes""), the quality of the food is terrible. I felt sick, I had indigestion, and I don't think the cold was the problem. My boyfriend has a very strong stomach and he also had problems. Highly not recommended.",1,2018-12-18T21:08:11.788387529Z,7 years ago
ChIJscoyyvbbfkcRXpB2hzeOECg,"Excellent fried chicken and fries. Too bad it was empty when I went, and I had to wait 20 minutes for a sandwich and a drink. It's ridiculously slow for a place that feels like a fast food joint. Plus, parking is impossible. Only go if you're really hungry and can't find anything better.",2,2018-10-07T07:27:28.173383Z,7 years ago
ChIJscwxqaDbfkcRaBqR9mLi5Yo,"We had one of the best dinner here. We came all the way from Vicenza, and it was absolutely worth it. Everyone was very kind, and I can honestly say the food was truly delicious and authentic Lebanese. Thank you so much — see you very soon!",5,2026-06-06T20:33:11.882071595Z,2 months ago
ChIJscwxqaDbfkcRaBqR9mLi5Yo,"A hidden gem! The food was amazing! I had the hummus, filled grapevine leaves and the shawarma. Everything is very fresh and so flavourful. Just the right amount of spicyness. Finished my visit with one of the best teas I've ever had. I will be coming back here more often.",5,2026-02-21T13:30:53.390918331Z,6 months ago
ChIJscwxqaDbfkcRaBqR9mLi5Yo,"This place has a really great atmosphere and beautiful interior design. The waiter was very friendly and spoke English fluently, so ordering was very easy for us. I especially loved the baklava, it was fresh and perfectly crispy.",5,2026-05-21T10:56:55.160704199Z,3 months ago
ChIJscwxqaDbfkcRaBqR9mLi5Yo,"The place is absolutely amazing! We visited with a large group, and everything was perfect. The food quality was outstanding, the portions were generous, and the service was fantastic. The baklava is truly one of a kind. Galal and the team were incredibly friendly and welcoming hosts. I would 100% recommend this place!",5,2026-02-16T00:00:58.554054397Z,6 months ago
ChIJscwxqaDbfkcRaBqR9mLi5Yo,"We got the labneh, hummus, fatteh, falafel, tabouleh - with the side of pita and the food was absolutely delicious. A safe haven for vegetarians!
I’d highly recommend a detour as this may be one of the best Lebanese food I’ve had in these parts.
If you enjoy heat, ask for the side of hot sauce - the flavors and heat are on point",5,2026-03-02T05:23:20.904384996Z,5 months ago
ChIJsyFieFfafkcRN_O0j_MdLPk,"I was brought to this place by locals, so I think that speaks for itself. I had the seafood carbonara, which was incredibly delicious. We spent a long time sitting and chatting, and we never felt rushed. The prices are very reasonable too - first course, wine, and coffee costed me around 20 Eur. Highly recommended!",5,2026-07-28T09:07:09.731788386Z,4 weeks ago
ChIJsyFieFfafkcRN_O0j_MdLPk,"Nice place with a small but solid menu of regional classics, all well-prepared. The atmosphere is the best the location can offer. Service is quick and efficient, though a bit rushed. Good for a straightforward, quality meal.",4,2026-04-03T10:56:05.894269978Z,4 months ago
ChIJsyFieFfafkcRN_O0j_MdLPk,"We waited at the table for about 15 minutes without being greeted or having our order taken. We called out several times, but no one responded. The service was very slow, and other tables who arrived after us were served and received their orders before us.
The food portions were also very small compared to expectations.
Overall, the service experience was disappointing and felt unfair, especially as we were not properly attended to during our visit.",1,2026-07-01T19:05:19.959711798Z,a month ago
ChIJsyFieFfafkcRN_O0j_MdLPk,"The best: environment and food. The service is friendly but can be a bit slow though. I tried the risotto that was really good for me, it has a strong cheese. The cesar salad seemed good too. The deco is good, there is a entire wall decorated with bottles of wine. There is a small but clean bathroom inside.",4,2022-04-22T19:36:32.567186Z,4 years ago
ChIJsyFieFfafkcRN_O0j_MdLPk,Fabulous food. Good wine selection. Friendly service. Good price,5,2026-07-18T04:34:55.121616103Z,a month ago
ChIJszl4wE_afkcRcTFHYFA2xac,"Amazing portions for an amazing price.

I was able to get this combo for only €9.90 and it filled me up completely.
The toast is cooked fresh and prepared on the spot ensuring that the food is served hot.
When I visited the store there was only one worker at the time who was operating the cashier and cooking at the same time; however, the service was still incredibly quick. Within 5 minutes, me and 7 other guests got our toasts freshly made!

Would definitely come again if I have the chance!",5,2023-08-10T20:32:00.543637Z,3 years ago
ChIJszl4wE_afkcRcTFHYFA2xac,"The sandwiches are delicious, the staff very helpful and friendly and the wait time very short.",5,2025-04-14T09:04:44.022300Z,a year ago
ChIJszl4wE_afkcRcTFHYFA2xac,"We were so happy to discover Capatoast. It's not only fast, but also open during siesta, which was incredibly convenient. They offer fantastic gluten-free and vegan options, making it easy for everyone to find something delicious. And the best part? The taste was excellent! Definitely a go-to spot for a quick and satisfying meal.",5,2025-07-12T15:15:24.014757493Z,a year ago
ChIJszl4wE_afkcRcTFHYFA2xac,Delicious and the person at the till was very kind and helpful.  Grazie!,5,2026-03-06T11:28:59.209288961Z,5 months ago
ChIJszl4wE_afkcRcTFHYFA2xac,"Loved the sandwiches, we ordered, The Capatoast people were so friendly and also suggested the best gelato to have in padova too",4,2025-10-30T19:03:39.141419705Z,9 months ago
ChIJt-ndTe3bfkcRHY1Aa5AmMdE,"Great pizza! I've ordered over ten times and it never disappoints. I can also recommend the pizza ""pala"" (comes in a rectangle, the dough is much thicker) and the dessert with pistacchio creme. The app also works well, and you get some discounts if you order often.",5,2026-06-02T16:37:03.693291262Z,2 months ago
ChIJt-ndTe3bfkcRHY1Aa5AmMdE,"Excellent pizza. Very light dough, crunchy crust and excellent ingredients. We tried Margherita, Siciliana and Ham/Mushrooms.",5,2024-09-08T11:04:59.845555Z,a year ago
ChIJt-ndTe3bfkcRHY1Aa5AmMdE,"Great pizzeria, pizza is easy to digest. They are kind and offer take away or deliver.",5,2025-10-21T11:02:21.032785957Z,10 months ago
ChIJt-ndTe3bfkcRHY1Aa5AmMdE,It's the best low-carb pizza ever tasted. So light and easy to digest. I genuinely love it. I would recommend it with no hesitation.,5,2024-10-11T07:26:05.827700Z,a year ago
ChIJt-ndTe3bfkcRHY1Aa5AmMdE,"Best pizza in Padova, everyone should try it!",5,2025-05-08T20:47:10.973841Z,a year ago
ChIJt19s3-3afkcRUX4okb3Bero,"We chose this place because it's close to our hotel. The restaurant is designed very stylish. The main problem is an absence of English menu. We ordered different dishes and everything was very good, also we got a compliment. The service was very good",5,2023-04-28T21:32:58.417230Z,3 years ago
ChIJt19s3-3afkcRUX4okb3Bero,"We ordered different things in two menus to try. Dishes containing raw fish were all close to excellent, we specially like the shortly grilled tuna (can't remember the exact name any more), it was both delicious and beautifully presented; the trio fish carpaccio was more than enough for one person. The only thing that were a bit disappointing were the ramen soups. So I would recommend to order fish dishes or sushi rather than noodles.",4,2018-04-20T19:23:28.685Z,8 years ago
ChIJt19s3-3afkcRUX4okb3Bero,Best sushi ever. Very nice place. Need to reserve for dinner.,5,2024-11-30T23:27:06.038769Z,a year ago
ChIJt19s3-3afkcRUX4okb3Bero,"Great salmon, good service, nice atmosphere.",4,2019-09-19T13:37:10.610290Z,6 years ago
ChIJt19s3-3afkcRUX4okb3Bero,Very modern and cosy atmosphere. Long list of sea food alternatives. Very delicious and reasonably priced food. But no English menu. The only thing to criticize. You have to decide based on photo.,5,2024-05-20T21:33:52.152888Z,2 years ago
ChIJt1mhNATbfkcR4RUA6F_Q2fk,"If you are looking for a place in Padova that combines warm hospitality, beautifully prepared dishes, and a relaxed but elegant atmosphere, BA Her T Pot is an absolute gem. From the moment you walk in, you feel welcomed — the staff are friendly, attentive, and genuinely passionate about what they do.

The food is exceptional. Every dish is thoughtfully presented, full of fresh ingredients, and balanced in flavour. You can taste the quality and the care put into each plate. Whether you choose something traditional or a more creative option, everything arrives perfectly cooked and beautifully arranged.

The ambiance is another highlight. The restaurant has a cosy, stylish interior that makes it ideal for both casual meals and special evenings. Despite its refined atmosphere, it never feels pretentious — just comfortable, warm, and inviting.

Service is professional but personal. The staff are quick to recommend dishes, explain ingredients, or help with wine pairings, and they consistently check that everything is perfect without being intrusive.

Prices are fair for the quality offered, and the entire experience feels absolutely worth it.",5,2025-12-05T18:00:01.646893197Z,8 months ago
ChIJt1mhNATbfkcR4RUA6F_Q2fk,"We loved this hot pot experince. The food was really good quality, lots of selections (some very authentic choices if you want to explore outside of your normal cuisine), lots of sauce ingredients to choose from, and the decor was so cute. We loved it. Even though we live almost 2 hours away we are looking forward to returning again!",5,2026-02-05T07:50:57.183839019Z,6 months ago
ChIJt1mhNATbfkcR4RUA6F_Q2fk,"The food was amazing. The spices are fresh and it was a great experience for me and my friend!

The store was clean and the employees were so nice to us. They helped make us a delicious spice bowl with peanut sauce as the base.",5,2025-05-26T19:16:15.680653Z,a year ago
ChIJt1mhNATbfkcR4RUA6F_Q2fk,Authentic Chongqing hotpot in padova! Fresh ingredients and the tomato broth we ordered was delicious. I enjoyed a lot my family dinner there. So many choices for the dipping sauces. Will definitely invite more friends next time to share this wonderful dining experience.,5,2025-01-01T10:27:27.677497Z,a year ago
ChIJt1mhNATbfkcR4RUA6F_Q2fk,I’m not sure the man’s name who helped us but he was so helpful and he explained everything to us as we don’t speak Italian. the food was very good and they explained how long to cook each item. i will be back to this place as i just ate this a day ago and i already want more.,5,2025-03-31T20:10:22.908891Z,a year ago
ChIJt6CKlO_bfkcRM4TLwHykpUc,"nice kebab, the flavors are much better than others in the area! the sauce is actually a little spicy, how nice! the staff is very kind :) slight bit of a wait, but we weren’t in a rush so not much of a problem",5,2025-05-24T12:02:43.447170Z,a year ago
ChIJt6CKlO_bfkcRM4TLwHykpUc,Absolute gem of a find. I recommend everyone to this spot - best kebab in Padova! The people working there are so friendly and very dedicated to making the best food.,5,2026-05-09T21:35:19.891432396Z,3 months ago
ChIJt6CKlO_bfkcRM4TLwHykpUc,"This restaurant is very affordable. The prices are really low for the quality they offer, and the staff is very friendly and welcoming.",5,2026-05-28T11:16:30.104603595Z,3 months ago
ChIJt6CKlO_bfkcRM4TLwHykpUc,I’m visiting Italy and I found this keyboard and pizza and when I saw the prices I was told because in Germany it’s more expensive and the food was very very tasty and I will recommend it.,5,2026-05-28T11:10:23.825518683Z,3 months ago
ChIJt6CKlO_bfkcRM4TLwHykpUc,I was searching for Halal food. And amazingly I found a tasty halal food here. Keep it up,5,2025-11-29T13:35:59.693837328Z,9 months ago
ChIJt7wpWyrbfkcRf89ssk0lMv4,"As a student, this place offers the best price-to-portion-to-taste and it's halal! I'm surprised I can be full after merely spending 5 euros! (Without drink, of course)

The place is kinda small, though. It feels awkward when I eat outside. Nonetheless, best place for my student bank balance! 😁",5,2026-04-07T18:31:06.751798393Z,4 months ago
ChIJt7wpWyrbfkcRf89ssk0lMv4,The restaurant is small with acceptable number of tables. The foods are different from Indian and international foods as shown in the photos. The foods are good with excellent price for each dish. The staff is very nice and they bring for you fresh bread.,4,2023-03-11T05:30:10.731709Z,3 years ago
ChIJt7wpWyrbfkcRf89ssk0lMv4,"Delicious and authentic food and friendly service. Simple place, but great quality.",5,2026-05-01T13:37:12.942083844Z,3 months ago
ChIJt7wpWyrbfkcRf89ssk0lMv4,They provide halal menu. The chicken briyani is soooo tastyyyy,5,2022-12-11T21:22:25.377662Z,3 years ago
ChIJt7wpWyrbfkcRf89ssk0lMv4,"Friendly and polite service, the kebab was delicious and really satisfying after walking the whole day in Padova. Close to the train station and to the tram. Great flavour!",5,2024-05-08T04:56:17.113086Z,2 years ago
ChIJtR_1yVHafkcRQmBmlJ0A8ns,"we went to All You Can chick.
At first, we waited for about an hour to receive our first box.
The food wasn’t fresh at all, the chicken was tough.
We asked for the second box, which was brought an hour and a half later!!! It was extremely salty and soaked in oil, to the point that we couldn’t eat it.
However, the hamburger was really good.",2,2025-05-27T14:58:57.640902Z,a year ago
ChIJtR_1yVHafkcRQmBmlJ0A8ns,"I went for the Chicago style Pizza, it did not disappoint but everything was a bit salty, including the fries. And this is a pizza to eat on a sharing basis, you can’t finish this alone. You should not haha
3.5/5",3,2025-03-27T11:56:00.368877Z,a year ago
ChIJtR_1yVHafkcRQmBmlJ0A8ns,"Food was averagely big, I ordered the rib plates, it was somewhat dry, but it was painstakingly okay. My friend ordered a Canadian burger, which was alright. They missed two bottles of water.",4,2024-09-21T13:15:46.976560Z,a year ago
ChIJtR_1yVHafkcRQmBmlJ0A8ns,"Excellent experience at this hamburger restaurant! We had a small 212 burger lunch offer and a Canadian burger, both tasty and satisfying. We went on Monday so beer was 50% off which was a plus. The atmosphere is very cozy, large space with nice tables, chairs and interior. Waiter was lovely as well.",5,2024-02-03T10:09:37.625669Z,2 years ago
ChIJtR_1yVHafkcRQmBmlJ0A8ns,"We tried the smash burger with blue cheese and it was really great. We also ordered ribs, but they were terrible,  the worst thing I have ever put in my mouth. I couldn’t even swallow them. However, the girls who work there are really kind.",2,2026-04-04T18:46:26.179245403Z,4 months ago
ChIJtSDfulHafkcRXqCEUnZKrN0,"This is a nice sport for dinner as the seating indoors was good. They also had an English menu. Although the food was average, the nice atmosphere and great service made up for it",4,2026-02-15T11:20:48.798237963Z,6 months ago
ChIJtSDfulHafkcRXqCEUnZKrN0,"Lovely small restaurant with a big menu set across from the church, on a busy Main Street.

⭐️ friendly and welcoming staff albeit slow service.
🍝 pasta was good
🌱 vegetarian options available
🍸 good selection of cocktails and wine available.
🍺 good selection of beer.
🐶 dog friendly (no water bowl provided)
🪑 outdoor covered seating",4,2025-05-08T06:15:00.278158Z,a year ago
ChIJtSDfulHafkcRXqCEUnZKrN0,"Excellent restaurant.
We came here for lunch.
Inside is very spacious.
We ordered pizza and piadina.
Everything was very delicious.
The piadina had a lot of filling, which made it especially tasty.
Highly recommended!",5,2025-08-26T17:03:01.272956368Z,12 months ago
ChIJtSDfulHafkcRXqCEUnZKrN0,"Amazing food and a strong Aperol! Exactly what we needed.
Highly recommend! 🤗",5,2026-04-13T17:11:09.910038597Z,4 months ago
ChIJtSDfulHafkcRXqCEUnZKrN0,The Chicken Burger and Fries are very delicious!! The vegetarian Lasagna was a little small but all of the other orders were soooo good! Huge Portion and great quality!,5,2025-09-17T17:48:50.718248601Z,11 months ago
ChIJtY3zHwDbfkcRmvPparWwHaA,Surprisingly authentic place. Highly recommended.,5,2026-07-25T18:55:59.006857286Z,a month ago
ChIJtY3zHwDbfkcRmvPparWwHaA,Super nice food and service,5,2026-06-25T18:36:47.778951054Z,2 months ago
ChIJtY3zHwDbfkcRmvPparWwHaA,"the drinks here are better than all the bubble tea shop in Padova, highly recommended even just for the drinks. The rice noodle here is also very nice. 5/5 for the tea, 4.5 for the rice noodle.",5,2026-05-07T19:28:22.341012602Z,3 months ago
ChIJtY3zHwDbfkcRmvPparWwHaA,"My experience at Guoqiaomixian was excellent. As soon as I walked in, the calm atmosphere and relaxing background music immediately made me feel comfortable. It was the kind of place where you could truly unwind after a long day.

The food was delicious, especially the nourishing soup, which was rich in flavor and very satisfying. The service was outstanding—the staff were incredibly friendly, attentive, and made the entire dining experience even more enjoyable. The only dishes I wouldn't particularly recommend are the grilled items, as they were not as impressive as the rest of the menu.

I left feeling relaxed, full, and already looking forward to my next visit. If you're looking for comforting food, a peaceful atmosphere, and excellent service, Guoqiaomixian is a fantastic choice.",5,2026-07-28T22:38:35.312770896Z,4 weeks ago
ChIJtY3zHwDbfkcRmvPparWwHaA,"This recently opened restaurant offers Asian cuisine, especially Chinese. The staff is extremely friendly and helpful. Service is fast, and you can order from the menu using a QR code. Highly recommended!",5,2026-05-29T22:36:47.466263012Z,2 months ago
ChIJtbBNKVDafkcRWQwfg5sEb4s,"The food is excellent! The lasagna melts in your mouth. The boar is tender and falls about easily and has excellent flavor. The salad had a unique and amazing flavor.

The kitchen is only open for lunch, so make sure you get there on time.",5,2026-06-18T11:33:03.528471072Z,2 months ago
ChIJtbBNKVDafkcRWQwfg5sEb4s,Lovely little spot hidden away from the busy streets. The staff was very friendly and accommodating as I don’t speak a lock of Italian. Had a sandwich that was delicious and two refreshing glasses of white wine. Able to pay with credit card. Recommend for a nice lunch away from the busier streets.,5,2023-07-17T18:56:05.265948Z,3 years ago
ChIJtbBNKVDafkcRWQwfg5sEb4s,"They have a really good ""latte di avena"" option with the coffees which is the best combo and cold coffee I had in Padova. You need to ask for a latte macchiato freddo con giacchio.",5,2026-06-30T15:06:14.767986901Z,a month ago
ChIJtbBNKVDafkcRWQwfg5sEb4s,"6.29.18 - stopped here for a drink while waiting for dinner to open. The staff us super nice and they let us sit inside in the back with the A/C with our family. We ordered the Campari and Arone spritz,  other of which are very good.

The food looks pretty good too and their main seating area is outside in the piazza.",3,2018-06-30T08:01:59.890Z,8 years ago
ChIJtbBNKVDafkcRWQwfg5sEb4s,"If you are not Italian, please keep in mind the kitchen closes after lunch and they only serve drinks. We got there at 15:00 and there was no food being served anymore. The coffee was very good, the service friendly, it is located in a beautiful small square.

The only strange thing is that when you are in the toilet, you can see a camera placed outside but there is glass so it really feels uncomfortable. I am sure the camera is looking towards the restaurant’s entrance and not inside the toilet, but they should block that.",4,2022-09-03T15:56:42.545344Z,3 years ago
ChIJty4avS7ZfkcRx0UgsNa2Kes,Exceptional food for the most part with friendly and helpful service. However extremely unprofessional at resolving complaints.,4,2023-05-19T15:13:47.386765Z,3 years ago
ChIJty4avS7ZfkcRx0UgsNa2Kes,"Everything was perfect! We have diner for San Valentin's day and was one of best diner ever had. The food was delicious, the atmosphere with flowers and 💕.  Krisilda with her suggestion and smile make the night more beautiful. We will turn again.",5,2025-02-20T07:07:12.618980Z,a year ago
ChIJty4avS7ZfkcRx0UgsNa2Kes,"A Meat Lover's Paradise – Unforgettable Dining Experience

Our recent dinner at El Parillero Steakhouse & Restaurant in Selvazzano Dentro was nothing short of exceptional. As a group of four adults and three children, we were warmly welcomed into a modern and inviting atmosphere that set the stage for a memorable evening.​

Ambiance: The restaurant boasts a contemporary design with a cozy and elegant ambiance, making it suitable for both intimate dinners and family gatherings. The staff's professionalism and attentiveness further enhanced the dining experience.​

Cuisine: El Parillero specializes in a diverse selection of meats sourced from around the world. Each dish was expertly prepared, showcasing the restaurant's commitment to quality. The menu offers a variety of options, including tender steaks, flavorful ribs, and succulent cuts like the Tomahawk and Fiorentina. The meat is sold by weight, ensuring transparency and fairness. Additionally, the wine list features an excellent selection, complementing the rich flavors of the dishes.​
Gastroranking

Service: The staff at El Parillero are knowledgeable and passionate about their offerings. They provided insightful recommendations and ensured that our dining experience was seamless from start to finish.​

Family-Friendly: Despite being a steakhouse, El Parillero caters to families with children, offering a welcoming environment and menu options that appeal to younger diners.​

Final Thoughts: El Parillero Steakhouse & Restaurant offers an unparalleled dining experience for meat enthusiasts. The combination of exceptional food, attentive service, and inviting ambiance makes it a standout choice in Selvazzano Dentro. Whether you're a local or a visitor, this establishment is a must-visit for those seeking top-quality meat dishes in a refined setting.",5,2025-04-16T13:38:19.084682Z,a year ago
ChIJty4avS7ZfkcRx0UgsNa2Kes,"Excellent food and service quality! Best place to eat e very good lunch or dinner.  We taste and enjoy everything from food to atmosphere and a very special attention from staff to the clients. The list of wines was also very good, with a large kind of Italian wine. It's a place to return again. I'm planning another trip in Italy and another dinner @ parillero!",5,2023-11-13T20:30:23.102518Z,2 years ago
ChIJty4avS7ZfkcRx0UgsNa2Kes,"A very pleasant experience with great service!

Although I don't eat meat, my three friends were really happy with theirs. I had a vegetarian pasta, which was also very well made. We were advised on wine and got to try a couple before deciding. After paying for our meals, we were treated to a shot of our choosing (they have a great Limoncello).

As we don't speak much Italian, we were happily surprised that all of the staff spoke English with us. Furthermore, they were all lovely and made the vibe very enjoyable.

Easily a place I'd recommend to anyone going to the outskirts of Padova.",5,2023-03-19T02:01:29.041944Z,3 years ago
ChIJtyG9V-3bfkcRf5JdOakdcjg,"Ravioli and Sapori are truly the best in everything
They prepare the food incredibly fast usually within 10 minutes — and everything is always fresh and delicious.
The flavors are authentic, the quality is excellent, and every dish tastes amazing.
Highly recommended for anyone who wants great food, quick service, and a fantastic overall experience.",5,2025-11-19T19:21:05.576934847Z,9 months ago
ChIJtyG9V-3bfkcRf5JdOakdcjg,"I must say, I wouldn’t have thought of giving it a try if I hadn’t been there, nearby, starving and craving something other than the usual kebab or fast food. I saw a bit of a queue, and together with my friends, we approached the front, which was straightforward. We ordered some bao and ravioli 🥟 that I have to say were tasty and delicious. The girl at the till was friendly and always available to meet our requests. Unfortunately, there are not many places to just put our plates down, no seats or chairs available, so we had to stay standing and the surrounding was a bit dirty and not ideal. Prices are in line with what you find nearby.",5,2025-10-26T07:43:36.879507282Z,10 months ago
ChIJtyG9V-3bfkcRf5JdOakdcjg,"This fast food shop specializes in ravioli, offering both meat and vegetarian options. You can watch them being prepared fresh right after you order. Grab your ravioli and enjoy them in the piazza – it’s a delightful experience that I highly recommend.",4,2024-07-01T10:51:09.446100Z,2 years ago
ChIJtyG9V-3bfkcRf5JdOakdcjg,Enjoyed the mo sandwich a lot. Bread was warm and crispy and the meat was soft and juicy,5,2026-02-02T13:13:13.357486101Z,6 months ago
ChIJtyG9V-3bfkcRf5JdOakdcjg,"Nice Chinese dumplings and gyozas with a variety of options, good for a cold weather. Take-out only. The ladies there were very friendly.",5,2025-10-27T08:24:34.385237696Z,10 months ago
ChIJu1eEnlbbfkcRI1nN2uItxoQ,"I was really looking forward to this meal, but it turned out to be very disappointing. The wait was far too long! Even though the restaurant wasn't full, it took an hour and a half for all the food to arrive. The first two hot dogs were okay, and I even praised them a few times, but the more I ate, the more disappointed I became. On the first day of opening, raw marinated meats were available, but they were out of stock, and many other items were also unavailable. The scallops with vermicelli had hard edges. The foil-baked enoki mushrooms were essentially enoki mushroom soup—very watery, the taste was okay, but the presentation was terrible. The potatoes also looked awful. The lamb skewers were a bit bitter and gamey, and the tips were burnt. The sweet and sour pork ribs were stale, smelled bad, and lacked flavor; I couldn't stand it after one piece and returned them. The older server couldn't remember the table number and kept bringing the wrong dishes. The only redeeming quality was that the oysters were larger than those at other restaurants and weren't too fishy. This is the first time I've ever eaten at a restaurant and felt angry. When I went to pay, there was no receipt, and I saw someone smoking in the kitchen. A very disappointing meal. I will never come back.",2,2026-04-26T20:59:38.383876990Z,4 months ago
ChIJu1eEnlbbfkcRI1nN2uItxoQ,"You can sing karaoke, the food is good, and the price is normal.",5,2026-04-29T18:45:31.483375329Z,3 months ago
ChIJu1eEnlbbfkcRI1nN2uItxoQ,"The taste was alright, just a little salty, but otherwise it was fine.",4,2026-05-01T10:14:17.419602381Z,3 months ago
ChIJu1eEnlbbfkcRI1nN2uItxoQ,"Seeing is believing. The food tastes good, the ingredients are quite fresh, and the portions are generous. I heard that this barbecue chef used to run several successful restaurants in Italy, and now he's his own boss. This meal was definitely worth the long journey. buonissimo.",5,2026-04-29T18:46:12.571877937Z,3 months ago
ChIJu1eEnlbbfkcRI1nN2uItxoQ,"I never knew barbecue could be so delicious until I went to this barbecue restaurant, which also had a great atmosphere.",5,2026-05-03T15:38:28.290174338Z,3 months ago
ChIJu1hZhe_afkcRP9DllyZrTwM,"Amazing place/bar/antipasti/music
The menu changes often for the antipasti, this is the best place for cheap wine and prosecco, good actual music and the ambiance. Really recommend!! The location is awesome even if it's a bit outside of the city's historical centre 😊",5,2017-11-28T23:07:19.528Z,8 years ago
ChIJu1hZhe_afkcRP9DllyZrTwM,Not enjoyable at all. Some random girl stuck her dirty fingers in my dreadlocks in line. Avoid if over 21 years old.,1,2025-10-23T23:00:43.561834105Z,10 months ago
ChIJu1hZhe_afkcRP9DllyZrTwM,Security is very very rude. They insulted my race.,1,2026-02-24T19:49:32.974951565Z,6 months ago
ChIJu1hZhe_afkcRP9DllyZrTwM,It's a nice place to enjoy after exams. However it's a bit small but if you go with nice friends you'll enjoy,3,2025-07-18T10:31:41.818857816Z,a year ago
ChIJu1hZhe_afkcRP9DllyZrTwM,"Beautiful place! But you need to be or member of a club, or pay 5 € for that. But it worth it! Recommend!",5,2019-05-31T21:38:59.661683Z,7 years ago
ChIJu5Rzsb3bfkcRysC5dLiUi_o,"Really good gluten-free cannolo.

I had tried the arancini here before and came back to try the cannolo definitely a good choice. It was assembled on the spot, so the shell stayed nice and crisp (which is not always easy with gluten-free), and the filling was creamy, well-balanced, and very flavorful without being too sweet.

You can tell there’s care in the preparation. Simple, but very well done. I’d happily order it again.",5,2026-04-21T08:22:41.119285945Z,4 months ago
ChIJu5Rzsb3bfkcRysC5dLiUi_o,Another good vegan friendly spot in Padua. They had a nice selection of Vegan Ice Cream which the kids enjoyed. My partner and I enjoyed Granitas. Coffee flavour and the Chocolate Flavour. I've never had Granita Siciliana before and it's by far the best type of Granita out there.,5,2025-08-29T19:29:18.861696573Z,12 months ago
ChIJu5Rzsb3bfkcRysC5dLiUi_o,"I got the Nutella croissant and it was delicious. The lady even heated it up for me. Friendly staff, not too busy, a great selection of things to choose from. A lot of arancini as well, if you're in the mood for something salty.",5,2025-05-05T14:12:01.251975Z,a year ago
ChIJu5Rzsb3bfkcRysC5dLiUi_o,"Asked for something, got something different and once I pointed it out I got told they can't do anything about it (didn't eat the items they gave me at all had them in a bag).
Since I didn't make a mistake and the girl at the attendance didn't make the slightest effort to clarify what she was serving I felt like they should have at least did something to make it up to me when they absolutely didn't.
If you can't deal with people don't work front desk.",1,2026-03-20T19:07:03.752122111Z,5 months ago
ChIJu5Rzsb3bfkcRysC5dLiUi_o,"Amazing place with amazing food! Desserts or arancini. Many options if you want to try italian’s goodies! I also want to mention about the staff, lady was very nice and patient ❤️😃",5,2024-06-09T04:34:40.473770Z,2 years ago
ChIJu9bZt0_afkcRsYoU1BCI1SI,"Tiny charming trattoria in Padova with very authentic Venetian cuisine. I tried the sarde in saor and bigoli in salsa — both clearly traditional dishes prepared with care and authenticity. Not necessarily my sort of comfort food, and probably not for everyone, especially if you are not used to these older regional flavours, but I appreciated the experience and what the dishes represent culturally. Calm atmosphere, welcoming service, and exactly the kind of place that makes wandering through Padova rewarding.",5,2026-05-27T10:49:33.475016495Z,3 months ago
ChIJu9bZt0_afkcRsYoU1BCI1SI,"We got a table with no reservations and food was delicious, for me personally portions were a bit small but i like big plates of pasta other than that it was great a bit expensive but good.",4,2026-07-16T07:24:21.749202530Z,a month ago
ChIJu9bZt0_afkcRsYoU1BCI1SI,"Highlights: I really enjoyed the liver with polenta. This was one of the best meals I’ve had in Italy in a while. Overall this place had the potential for a 5 star, but there were a few things that could have been better:
- service: it felt like we needed to call the waiters multiple times
- service: strangely we were told there is no balsamic vinegar
- fish: the fish tasted a bit funny - did not get the impression that it was fresh.",5,2025-05-27T22:52:04.915851Z,a year ago
ChIJu9bZt0_afkcRsYoU1BCI1SI,"We stopped in randomly one day for lunch - it was one of the best meals we had in Italy! Felt really nice and old school. We lucked out on not needing a reservation, but on the busier days it’d be a good idea to make one.",5,2025-12-25T18:24:05.499660030Z,8 months ago
ChIJu9bZt0_afkcRsYoU1BCI1SI,"Authentic little osteria down a side alley. Food was fresh and well prepared. Very busy with quick table turnover. Walk in possible but reservation would be wise. Spent 69 euros for two appetizers, one pasta, and a main, 3 glasses of house wine and water. Very reasonably priced for quality. Lasagna with asparagus and guanicale main were both amazing. What a way to end last night of two weeks in Italy!",5,2025-05-02T12:58:10.229220Z,a year ago
ChIJu9mkx9vbfkcROEB0zFv3z48,Taste is fine. But the portion is small. You can see from the picture that there are not a lot of vegetables and meat. Not enough for one meal.,3,2026-03-28T04:13:06.603661313Z,5 months ago
ChIJu9mkx9vbfkcROEB0zFv3z48,"Donner kebab was great - asked for spicy sauce and it was perfect. Good bread too!

Basic place and modest prices - just what I was looking for.",5,2026-03-27T19:40:31.639182813Z,5 months ago
ChIJu9mkx9vbfkcROEB0zFv3z48,"Took a break from street-hiking Padua for a bite to eat here.  Ordered up a #11, the Piatto Doner Kebab for 5 Euro.  Tasty!  Also, beverages here are sold in a 1.5L size for 3 Euro which is a good buy on a warm day.",5,2019-08-21T09:23:31.440808Z,7 years ago
ChIJu9mkx9vbfkcROEB0zFv3z48,"One of the best kebabs I've eaten in my life, they work like crazy in there! Well oiled machine!",5,2026-05-03T15:29:59.913212810Z,3 months ago
ChIJu9mkx9vbfkcROEB0zFv3z48,"Very slaty meat. Maybe for selling more soft drink.
Friendly service and good price.
Better than the other kebab of Prato dell valle.",4,2022-10-13T21:15:22.921645Z,3 years ago
ChIJuQSdGbPbfkcRWagk-0DjIIg,Amazing local cafe. Delicious wines and food.,5,2026-01-12T17:02:01.111162091Z,7 months ago
ChIJuQSdGbPbfkcRWagk-0DjIIg,Bar garden city wasa very good experience. The owner  is very helpful  and polite. And so is the staff. It waspleasant sitting outside and having a cold coffee. . Do try other drinks as well,5,2019-08-06T21:59:09.773451Z,7 years ago
ChIJuQSdGbPbfkcRWagk-0DjIIg,Fantastic food and great wine. Limonochelli was the icing on the cake,5,2018-06-05T15:05:17.284Z,8 years ago
ChIJuQSdGbPbfkcRWagk-0DjIIg,Excellent food and great wine!,5,2024-05-03T06:32:29.376773Z,2 years ago
ChIJuQSdGbPbfkcRWagk-0DjIIg,😉,5,2025-05-31T20:30:47.939911Z,a year ago
ChIJuSPQrxjbfkcRiqMVsbFGCZc,"Was getting annoyed by all the pasta and pizza nearby, this was really a refreshing restaurant which tastes like high quality burgers. I really liked the soft and fluffy bun. In my opinion the price is very fair and you get a very big portion of fries for 3 Euro. I never saw the water they are selling but it was very good, perfect amount of fizz.
Can recommend if you are looking for a burger nearby.",4,2025-05-22T11:40:26.570434Z,a year ago
ChIJuSPQrxjbfkcRiqMVsbFGCZc,"I travel a lot and I love Burghers …
This is a good one ..tasty ..
Good service and kool location …what can I say .. try it !",5,2024-12-19T21:12:50.649790Z,a year ago
ChIJuSPQrxjbfkcRiqMVsbFGCZc,"We liked the vibe, but the burger was just okay and not worth the price.",3,2024-01-27T18:40:48.663246Z,2 years ago
ChIJuSPQrxjbfkcRiqMVsbFGCZc,"Best burgers in Padova (and I’ve tried them all). Andrea deserves a raise, great customer service. Pet friendly, the French fries were freshly made and everything super fast. 5/5",5,2023-07-15T12:08:43.716161Z,3 years ago
ChIJuSPQrxjbfkcRiqMVsbFGCZc,"Safe to say this is the best burger in town! Comparable to the best burgers in Toronto and that's saying something! The fries are killer as well, closest thing to McDonald's fries I've tried. The crashit boys are doing an amazing job!",5,2024-04-12T16:22:18.210865Z,2 years ago
ChIJuU6dlkXafkcRLJtARyhyfYI,"Was there for a conference dinner, so luckily I didn’t need to pay anything.

First experience with Bigoli, and started to fall in love with it — truly amazing! The steak was also great.

As a racing fan, I really love the things presented in the photos, making the experience even better.",5,2024-10-27T22:12:14.245001Z,a year ago
ChIJuU6dlkXafkcRLJtARyhyfYI,"Went there for a scientific Conference social dinner. We were a lot (more than 100) and the service was sometimes a bit slow, but overall totally comprehensible. In particular, the service was slower for people with special dietary requirements. The food was good, with a lot of typical local dishes. Nice atmosphere, elegant but not too formal.",5,2026-03-30T09:03:36.680168957Z,4 months ago
ChIJuU6dlkXafkcRLJtARyhyfYI,"The food is good, but the plates are small. I asked the waiter if the pasta was enough and he said that it was, so I didn’t order the meat, but when it was served for my surprise it was very small.",3,2025-03-10T09:28:31.002364Z,a year ago
ChIJuU6dlkXafkcRLJtARyhyfYI,All of the food was great. I had the bigoli. I am sure it was excellent but it is not my favorite pasta. I had to try it though. The sauce was great I am just not a fan of the large pasta. The grilled octopus appetizer was fantastic. The best octo I have ever had. The tortelloni was also fantastic.,4,2024-06-07T22:39:27.427570Z,2 years ago
ChIJuU6dlkXafkcRLJtARyhyfYI,"If your looking for a great place to dine in Padua this is the place.  We had lunch after visiting the Scovegni Chapel. About 15 minute walk . Food was amazing service was outstanding we loved it  we tried the fall dish of homemade tortellini filled with pumpkin wow, Also had the eggplant Parmigiano amazing. One of the best lunches ever. You can email or call for a reservation, real Italian family vibe",5,2023-10-23T17:02:41.607622Z,2 years ago
ChIJufUzjU_afkcR0pRN3rJIljk,"The pizza is good (averagely good) but the service is such a turn off. I know that it’s hard to smile all the time to your customers, but come on, don’t be rude….
When I came, there wasn’t any lines so I just asked what pizza did they have on that day? I asked them in italian and the staff was just like, “You can see it for yourself.”
Umm… yes I can see them very well, I have two perfectly working eyes? But what I want is some explanations on the pizza they have because some of them looked similar. I need to ask again and point the pizze out one by one so they will explain them to me.
Then she didn’t even ask me and was going to put my pizza on the tray. I stopped them because I wanted to take them home, but wouldn’t it be nicer if they at least ask first?
When I came home, I reheated it but I was also pretty disappointed since they didn’t cut mine. I thought at least they will cut it so it will be easier for me to eat, especially because their name is “pizza on cube” and amongst the university students, they are quite famous for selling pizza, cut in cubes. Honestly I bought the pizza since I was too lazy to cook and I prefer them to cut my pizza for me….
Overall my so-so pizza cost 6,5€ and I think, it’s better for me to just go to a real pizzeria and buy margherita + funghi with 1€ more. The pizza here is tiny compared to the normal pizza and the taste is average. So, nope 🙅🏻‍♀️",3,2025-09-16T23:01:33.456415284Z,11 months ago
ChIJufUzjU_afkcR0pRN3rJIljk,"Very nice Pizza.. it is a casual place which seemed to be a take away and dine in for local people. And school kids. Believe me, they know what is best. I had to order fast and even take my pizza cold cause I had to rush towards airport, but believe me that was amazing even in that state. I regret I did not find the place a few minutes earlier for some indulging. Will be a visit next time for sure.",5,2023-05-26T21:51:23.306014Z,3 years ago
ChIJufUzjU_afkcR0pRN3rJIljk,"Perfect location and delicious pizza for a quick lunch/dinner in the centre of Padua. There is a wide selection of pizzas already prepared (or they will make it for you). Choose your favourite one and they will warm it up and cut in cubic bites.
The service is very fast. The prices are average. Limited seating inside.",4,2018-01-05T10:47:12.950Z,8 years ago
ChIJufUzjU_afkcR0pRN3rJIljk,"Very nice place for a relatively quick bite with very good price to value ratio. ""Slices"" (large rectangles) and calzones from 3.5 to 5 euros that are filling on their own. Nice airy dough and generous, tasty toppings.",5,2023-06-11T17:02:07.909383Z,3 years ago
ChIJufUzjU_afkcR0pRN3rJIljk,"I've eaten there many times, the pizzas are delicious and the blonde lady is always kind but today the other lady was serving and she's too rude with customers, she got too nervous because she wasn't understanding me in English and I was just simply asking her to clean the tables because all of them were too dirty!! I've seen many complaints about this lady so please be careful about the staff choice because we want to be  treated respectfully so that we enjoy our meal :)",1,2024-04-04T04:05:20.263875Z,2 years ago
ChIJuwNm3VDafkcRGc0A31wXl5k,"We stopped in for coffee while walking around Padua. It's a great place: good coffee, excellent pastries (sweet), and friendly service. We sat outside, and even though there was a sidewalk nearby, the place had a great atmosphere.",5,2025-09-21T14:06:42.768265950Z,11 months ago
ChIJuwNm3VDafkcRGc0A31wXl5k,The aperitivo and the pizzette (pieces of pizza) you get with it are just incredible here!,5,2026-06-12T08:25:53.851530500Z,2 months ago
ChIJuwNm3VDafkcRGc0A31wXl5k,"It’s a cafe a lot of students frequent, but I don’t think the prices reflect that. Especially the food I think is too expensive for the target group and quality. Outside is really nice but inside lacks atmosphere (and space).",3,2026-06-23T13:14:45.982257489Z,2 months ago
ChIJuwNm3VDafkcRGc0A31wXl5k,"The place is very nice, food is good, service is on top. We took 2 aperotivo and they gave us a pizzata on the house
We also got canoli and maritozzo, and it was good",5,2026-05-05T13:29:59.442776462Z,3 months ago
ChIJuwNm3VDafkcRGc0A31wXl5k,"If there were more star available to rate, I wouldn't doubt about put all of them for this place. Cheap, comfortable, exquisite and delightful. It's a bit hidden, and we found it just this afternoon by casuality, and it seemed so quite that we went inside. At first it looks so tiny, but if you go deeper, there's more space with tables. At first we ordered cioccolato fondente and macchiato, and then we decided to order something to eat, because there is a huge variety of handmade products that looked so tasty. Hopefully we could decide thanks to the advices of the barista. My friend ordered another cioccolato with a kind of macaron typical from Italy and ordered an slice of salami a cioccolato. But the best part was when the waitress gave us two huge pieces of cake for free 😍. The total price was 8,80€. Totally recommended ❤️ I will return for sure if I return to Padova. You've conquered the heart (and the stomach 😂) of two Spanish visitors ❤️❤️❤️",5,2019-03-04T20:40:02.832396Z,7 years ago
ChIJuxse0EXbfkcRXVCY5G6pMe4,Unique place to have aperitivo. It is located prácticamente by the church tower and faces the church itself. There are tables inside and outside. In winter they put some heaters outside tk stay warm so it's even nice to stay outside. Attention is kind. Had a good cichetto col baccalà mantecato and arancino al pomodoro also good. Prosecco was good.,4,2025-12-02T21:12:45.014334040Z,8 months ago
ChIJuxse0EXbfkcRXVCY5G6pMe4,"Aperitivo in the chilled-out atmosphere, a beautiful, sheltered location, and a place run by young people. Inside, they offer a variety of very tempting cicchetti and appetizers. Definitely worth a visit if you're in the area.",5,2026-03-23T02:41:46.531848214Z,5 months ago
ChIJuxse0EXbfkcRXVCY5G6pMe4,"A super welcoming wine bar with a great atmosphere, perfect for an evening with friends. A carefully curated wine selection, with interesting options for those who want to try something different. The staff is young and knowledgeable, and can offer advice without being intrusive. The atmosphere is casual, with great music and fair prices. A place you'll want to return to, whether for an aperitif or a longer evening.",5,2025-12-19T20:34:32.538445345Z,8 months ago
ChIJuxse0EXbfkcRXVCY5G6pMe4,"Friday night DJ set.
I came back with a sore throat because I had to shout to talk to friends. 10 square meters and music like we were in a park. Definitely not convivial.
Good food, but the drinks don't even come with chips.",2,2026-04-18T05:18:47.935765812Z,4 months ago
ChIJuxse0EXbfkcRXVCY5G6pMe4,"The service is very welcoming, with a young staff made up of very friendly, kind, and skilled young people. The bartender who makes the drinks is very skilled, especially when it comes to American drinks. The food is excellent, with a variety of interesting and tasty pizzas and cicchetti; perfect for a quick lunch or a tasty aperitif. The wine selection is excellent and extensive, and the spritzes and drinks like the espresso martini or vodka sour are also perfect for a more sophisticated evening drink. The place smells wonderful, and the interior is truly beautiful and well-kept. The location is perfect for both young and old, located behind the bell tower of Sant'Antonino, offering a corner sheltered from the chaos of the street yet very dynamic and lively!",5,2025-12-09T22:09:42.074966476Z,8 months ago
ChIJv0mh_OvafkcRUbLYYKnV7Kk,"If you are a meat lover, this place is for you. The best steak house in Padova. Start your meal with ribs’ bucket and go for a great steak afterwards. Do not miss beer pitchers. The price range is a little above average but it worths paying. The only problem is some of amateur staff. But the cook and manager are great. Enjoy.",5,2022-08-05T22:03:42.942061Z,4 years ago
ChIJv0mh_OvafkcRUbLYYKnV7Kk,"A great, authentic Grill place. Meat is excellent, portions are quite big and the staff are friendly and attentive.
When seated you get a free appetizer in a form of unpeeled peanuts in a little bucket and tortilla chips with guacamole.",4,2017-05-31T20:26:23.974Z,9 years ago
ChIJv0mh_OvafkcRUbLYYKnV7Kk,"I had such an amazing experience on their Sunday 10€ all you want ribs offer. Although I always order food home but one time I ordered ribs and loved so decided to go on a Sunday.
The service and staff was really good so I wanted to test their behavior when ordering to the point when they start losing. When I ordered my 4th ribs plate, they made me wait double the usual time with the ones before, and had to ask 3 waiters/waitresses until by luck the cashier employee over heard my complaint and she asked the waiter to give me double the ribs plate. Although I only needed one more but she made me put an extra star here. Good job but not everyone would be lucky.

My suggestion js if someone orders fries, put more so we get fuller.
And add fries with every plate it will make people full already when they eat it while waiting the next plat.. but you know better.

Thanks again",5,2023-03-14T12:19:37.110584Z,3 years ago
ChIJv0mh_OvafkcRUbLYYKnV7Kk,"Kind staff, but quality of went down. Soggy onion rings, gold burger with gummy meat, uncooked fries and OVERPRICED.
Not recommended.",2,2024-01-20T14:19:48.384062Z,2 years ago
ChIJv0mh_OvafkcRUbLYYKnV7Kk,"Fantastic restaurant, tasty food, friendly staff. Loved the new ""New York Strip"". Located well for lunch and then some shopping.",5,2026-06-14T11:14:09.006085399Z,2 months ago
ChIJv2P7IFDafkcR5x-nQGvEdqY,"Best coffee I’ve had in Italy so far. Cappuccino with soya milk was outstanding. Coconut milk version was OK. Foam was incredible, and lasted until the last sip. Recommend the Ethiopian blend.

Some of coffee blends are expensive, and didn’t love extra €1 for plant-based milk.",5,2026-07-25T13:46:50.046887409Z,a month ago
ChIJv2P7IFDafkcR5x-nQGvEdqY,"The environment is good and also I love the coffee here.
But today was not a good experience because the waitress was a bit weird.
Firstly we asked where we can sit down? she told us that we can sit anywhere we want, then my friends put down their bags and sit down, but then a waitress asked us not to sit here and led us to another seats, tbh I can totally accept changing the seats but why you said we can sit anywhere we want,also there are so many empty spaces in here so it wasn’t the busy time.
Secondly, The girl with blunt bang has a very strange way of speaking, it was mean. I have been to many coffee shops in Padova and have met so many friendly people who working in these bars so I can sense that obviously she really isn't friendly towards us. And it's not just me who feels this way, all of my friends can also sense that her attitude is strange, and the way she looked at us is not friendly and polite either.
Tbh I’ve never had amazing experiences in this coffe house though the coffee is good. Girls working in here are always very beautiful but one or two they act always arrogant and weird.
If you don't like this job, why are you still working here? If your job makes you feel annoyed, I don't think it's our fault, is it?",2,2026-05-05T19:59:58.153836160Z,3 months ago
ChIJv2P7IFDafkcR5x-nQGvEdqY,English speaking staff. Take card. Very very good food. We had the bacon egg and cheese pancakes. And a shrimp couscous dish. I am not a couscous guy but this was awesome!,5,2026-07-17T09:00:44.670383205Z,a month ago
ChIJv2P7IFDafkcR5x-nQGvEdqY,"We had breakfast here — the coffee and food were pretty good. We ordered an avocado toast and a full scrambled egg breakfast. Note that you have to pay in advance before eating, as they’ve had issues with people leaving without paying.
One downside: the waitress misunderstood our order and brought four coffees instead of two. We were charged for the extras and had to take them away, which we weren’t happy about. So make sure that you pay attention when he/she repeats your order.",4,2025-09-11T13:28:21.918533347Z,11 months ago
ChIJv2P7IFDafkcR5x-nQGvEdqY,"Warm and cozy ambience. Service was prompt and attentive. Great location and good coffee. Looks out on the fruit market at piazza delle Erbe and beautiful market building.
We ordered
Pancakes - Good fresh pancakes with Oreo chunks.
Yogurt bowl - with granola, honey and fresh fruits, very fresh and tasty.
Avocado egg toast - not so great, though the smoked salmon on the side was great and eggs were nice and fluffy.",4,2024-09-17T10:49:16.732978Z,a year ago
ChIJv5RfikXafkcRGeLQgpoFDdI,"A Symphony of Spices and Soul in Padova
—> This restaurant is a radiant masterpiece of ethnic fusion that honors the very best of our shared humanity. From the first aromatic breath of spices, you realize this is more than just a meal—it is a profound dialogue between cultures. Each dish is a vibrant bridge connecting the traditions of the East with the heart of Italy, seasoned with deep mutual respect and a genuine love for global heritage. The atmosphere is an embrace of diversity, where every guest is treated like a cherished traveler from a distant land. To see such harmony on a plate is a gift; to taste it is a revelation. The staff radiate a kindness that transcends language, proving that food is the ultimate universal tongue. A five-star sanctuary for the curious palate and the open heart. Truly, a beacon of cultural unity in Padua!""l",5,2026-02-16T20:12:39.299584369Z,6 months ago
ChIJv5RfikXafkcRGeLQgpoFDdI,"An absolute gem in Padova! Food is amazing and they have a diverse menu from where to choose, you can do your own plate by choosing different dishes but there is also fixed menu.

We tried sweets & some special traditional drinks and they were so yummy!

The space is beautiful and there is also space in case you want to visit it with a big group of people!",5,2025-10-31T20:03:10.491166324Z,9 months ago
ChIJv5RfikXafkcRGeLQgpoFDdI,We ordered the tapas menu. Plenty of choices for vegetarians. The staff are very friendly and professional.  The portions are decent and lovely quality. Enjoyed our meal and would like to return to try other dishes. You can sit outside too.,5,2025-03-12T06:47:44.465240Z,a year ago
ChIJv5RfikXafkcRGeLQgpoFDdI,One of the best restaurants in Padova . Services are perfect and staff are very friendly and food is soooooo goood. I will come back always,5,2025-09-01T11:39:46.352795478Z,11 months ago
ChIJv5RfikXafkcRGeLQgpoFDdI,"Found this place by accident, and glad we did. WOW! The food was fabulous and tasty. The meat just fell apart and the curry was perfect. The service we received was first class and very friendly - especially when explaining all the dishes. Oh, and the prices were amazing!",5,2024-11-17T20:05:36.267034Z,a year ago
ChIJv7Fbvn3ZfkcRehthpEIa6kA,"All you can eat very good. Tasty, fresh. Easy to order over tablet on table.  The seafood salad and grilled prawns lacked a little flavour, but otherwise good.",5,2023-09-03T11:59:18.585579Z,2 years ago
ChIJv7Fbvn3ZfkcRehthpEIa6kA,"Was pretty good. So far the best sushi restaurant we've tried in the area. So will go back for that.
1 of the female waiters was a bit rude to us while another was very wonderful and kind.",5,2022-10-12T18:34:32.756657Z,3 years ago
ChIJv7Fbvn3ZfkcRehthpEIa6kA,"Nothing to say about it, the food is great and the staff is welcoming:i'd recommend to try the black rice nigiri, it delicious and also my favourite dish!",5,2025-04-10T11:56:43.381447Z,a year ago
ChIJv7Fbvn3ZfkcRehthpEIa6kA,"Amazing. Food quality is very good, people are welcoming and they have a smart technique to place orders. Suggested!",5,2022-10-03T19:08:50.885857Z,3 years ago
ChIJv7Fbvn3ZfkcRehthpEIa6kA,This restaurant is really nice! And the sushi’s are amazing! Also good price,5,2020-03-04T18:28:26.788518Z,6 years ago
ChIJv9Y0nUbafkcRi-TSDtjZiwo,"A British themed restaurant, away from the hustle and bustles of the city. I don't speak or understand Italian, but they made every possible effort to make me feel welcomed. Very pleased with the service and so with the steak I ordered. Definitely worth a visit if you like burgers and meat 🍔 🍖",5,2023-06-09T20:57:15.658904Z,3 years ago
ChIJv9Y0nUbafkcRi-TSDtjZiwo,The staff was warm and welcoming. They spoke English and the food was well represented here. Everyone enjoyed their meal and their Burgers were absolutely wonderful. Definitely coming back here again!!!,5,2021-08-01T14:36:25.543250Z,5 years ago
ChIJv9Y0nUbafkcRi-TSDtjZiwo,"Nice place for a brunch in Padova. The food is really good, specially the meat, and the staff is really helpful and nice",5,2023-09-07T21:56:57.893703Z,2 years ago
ChIJv9Y0nUbafkcRi-TSDtjZiwo,"Really good place!
I ate the fish and chips and it was like to eat a very good fish and chips in England.
The stuff is kind and there is a good service.
Really recommend this place for a good experience of English meal!",5,2020-07-07T10:24:43.788348Z,6 years ago
ChIJv9Y0nUbafkcRi-TSDtjZiwo,An amazing restaurant specialized in meat dishes. Had such a nice experiences over here and all those meat dishes never failed!!! Highly recommend to try smoked pork ribs.,5,2020-02-18T14:16:20.716957Z,6 years ago
ChIJvRvApIXQfkcRO-Y0uLaJOlU,Very good Chinese food! I'll be back again!,5,2019-11-17T10:31:59.500469Z,6 years ago
ChIJvRvApIXQfkcRO-Y0uLaJOlU,"We've been customers for many years, and we've always turned a blind eye to the inaccurate wait times, the incorrect dishes, and their reluctance to issue receipts and ask for cash. But when you find insects in your ravioli and they sell you spoiled meat, that's it. It's a real shame.",2,2026-06-28T19:19:50.757695611Z,a month ago
ChIJvRvApIXQfkcRO-Y0uLaJOlU,"Great place, great food.
I had the rice and it was plentiful.
I highly recommend it.
Very fast and friendly.
We ordered for three people and they were very quick.
The only downside is that there's no parking.",5,2026-04-23T12:27:24.179891012Z,4 months ago
ChIJvRvApIXQfkcRO-Y0uLaJOlU,"I was quite disappointed. I've ordered several times, but this is the second time I've been served a small portion of gnocchi covered in oil. Plus, the soy sauce tastes strange, as if it were mixed with vinegar.",2,2026-01-25T19:08:09.739193454Z,7 months ago
ChIJvRvApIXQfkcRO-Y0uLaJOlU,"A simple Chinese deli, just like the ones they used to be. It's cheap and the food is plentiful (all takeout only). The quality is excellent: you can tell everything is freshly cooked and the ingredients are top-quality. The place is very clean. They've also been offering sushi for a while now. See you next time!",4,2024-03-29T22:02:16.217598Z,2 years ago
ChIJvYhhiXfbfkcRGDNbNxtv77k,"Vegetable dumplings are excellent! Everything is thoughtfully prepared, and the staff are kind, friendly, and welcoming!",5,2026-07-12T17:59:58.577865115Z,a month ago
ChIJvYhhiXfbfkcRGDNbNxtv77k,"Absolutely amazing!! The food was so good, we will definitely come back again. As well as the staff was super nice and helpful!! Would recommend 100%.",5,2026-01-01T19:28:40.100599249Z,7 months ago
ChIJvYhhiXfbfkcRGDNbNxtv77k,"best Chinese restaurant in Padova! great food, fresh ingredients, nice friendly staff",5,2026-04-05T17:17:29.203939897Z,4 months ago
ChIJvYhhiXfbfkcRGDNbNxtv77k,"Amazing Chinese food, and amazing service. I would recommend to come and try their food.",5,2026-03-15T20:52:06.991237144Z,5 months ago
ChIJvYhhiXfbfkcRGDNbNxtv77k,"Kind staff, good food.",4,2025-04-09T10:27:08.579168Z,a year ago
ChIJvdn4h57bfkcRnF1TP6QvMbE,The food is fine most of the time. And the staffs are very nice and friendly.,5,2023-03-26T20:12:26.042533Z,3 years ago
ChIJvdn4h57bfkcRnF1TP6QvMbE,"Needs air conditioning, pizza is quite good.",3,2024-07-28T11:52:33.343789Z,2 years ago
ChIJvdn4h57bfkcRnF1TP6QvMbE,Amazing good pizza's! Strongly recommended!,5,2017-08-10T06:12:04.796Z,9 years ago
ChIJvdn4h57bfkcRnF1TP6QvMbE,Service very satisfying,4,2019-05-04T11:24:25.449115Z,7 years ago
ChIJvdn4h57bfkcRnF1TP6QvMbE,Tooppee😎,5,2023-11-30T19:01:22.824888Z,2 years ago
ChIJvyiVxUvbfkcRgRlKtiaeKcY,My favorite place to eat steak! It’s a hidden local gem that should be discovered by anyone looking for a way to avoid the more common commercial spots. The staff are the loveliest and most accommodating people ever and the food is made to absolute perfection. Highly recommend!,5,2025-04-28T20:26:56.502464Z,a year ago
ChIJvyiVxUvbfkcRgRlKtiaeKcY,"I stayed in Padova for five nights, three out of which I came here to eat! Once discovered couldn’t let go! Perfection",5,2025-07-16T19:06:40.250696190Z,a year ago
ChIJvyiVxUvbfkcRgRlKtiaeKcY,"The food was good, not perfect meat quality but very well prepared. The guys were friendly and professional. Just too expensive for my taste, regarding the quality and location. And everything was extra, you order just the meat...",4,2022-05-31T19:16:28.138736Z,4 years ago
ChIJvyiVxUvbfkcRgRlKtiaeKcY,Fresh food and excellent service!,5,2024-11-26T21:05:30.116551Z,a year ago
ChIJvyiVxUvbfkcRgRlKtiaeKcY,Small restaurant excellent pizza staff very friendly.,5,2019-10-26T16:37:17.691027Z,6 years ago
ChIJvzoPzurbfkcRI3HZ3TwunzM,"Mediocre food, expensive (for being just wheat flour)  and very slow service. Takes 40 minutes from sitting to food arriving, because  you sit there waiting 20 minutes for them to take order from the table even when the place is half empty... and you cannot order at tilt/cassa because 'is table service'

What arrives is pitiful. There was barely any Ragu in the capelleti Al Ragu and this is the ""big"" padella. Additionally they will charge coperto even at 3:20 PM
See photos...",1,2026-06-06T06:54:05.102049816Z,2 months ago
ChIJvzoPzurbfkcRI3HZ3TwunzM,"Very good food (lasagna, tortellini & Apple cake) for fair price. Service was good (could be a little bit more friendly or engaging but it was all fine over all). Food arrived quickly. Place is nicely done and in a very convenient location.",5,2026-05-08T08:35:14.276484115Z,3 months ago
ChIJvzoPzurbfkcRI3HZ3TwunzM,"The food was great the staff was very Nice. I lost my AirPods case there, and they kept it safe👌🏽. A place to comeback",5,2026-04-26T22:17:18.897295568Z,4 months ago
ChIJvzoPzurbfkcRI3HZ3TwunzM,"It's nice place to have breakfast, lunch .
Services is very good. There is young lady who she is handling everything like an atomic ant.
Food was really really surprised to me.
Ragu was really ragu which most of the places servicing actually bolognese sauce instead of ragu.
I really liked and add to favorites.",4,2025-12-17T06:39:55.673174482Z,8 months ago
ChIJvzoPzurbfkcRI3HZ3TwunzM,We ordered hamburger with buratta and some kind of tortellini with cheese inside and tomato sause outside - both dishes were a great experience. Very tasty. Prices are average. Service is kind. Restaurant is places in good calm location near to the old town.,5,2025-09-12T05:26:22.403932201Z,11 months ago
ChIJw5SyNKLbfkcRK5C7ISwydzs,I ordered takeaway and it was really good. The pizza was fresh and high quality. Service was quick and well organized. I’ll definitely order again.,5,2026-04-14T11:08:44.240272857Z,4 months ago
ChIJw5SyNKLbfkcRK5C7ISwydzs,"Yesterday I had the pleasure of dining at this charming pizzeria, and it was a delightful experience. The atmosphere is a perfect blend of rustic and modern, with exposed walls that add character and a minimalist design that feels cozy yet contemporary. The soft lighting and touches of greenery create a welcoming ambiance.

The pizza was exceptional! The crust was perfectly baked—light and airy with just the right amount of crispiness. The toppings, especially the spicy salami, were of excellent quality, bursting with flavor and paired beautifully with the melted mozzarella. It was evident that fresh ingredients were used.

Service was friendly and efficient, contributing to the relaxed vibe of the place. The attention to detail, from the table settings to the decor, made the experience even more enjoyable. If you’re looking for a stylish yet unpretentious spot for great pizza, this pizzeria is a must-visit. Highly recommended!",4,2024-11-23T05:22:32.051008Z,a year ago
ChIJw5SyNKLbfkcRK5C7ISwydzs,We haven't eaten better pizza! The staff is very nice!The cheesecake is very nice.,5,2026-02-13T11:28:47.857650825Z,6 months ago
ChIJw5SyNKLbfkcRK5C7ISwydzs,"Great Neapolitan pizza, easily digestible. The place is modern and full of plants which gives it a cool vibe. The beer is also very good! As soon as you get in, you can see the professional pizza oven on the right. Would go back and recommend too!",5,2024-07-19T13:35:59.500412Z,2 years ago
ChIJw5SyNKLbfkcRK5C7ISwydzs,"One of the best pizza in Padova, the atmosphere is very modern and nice and the pizza is napoli style (so if you don't like the high pizza it's not the place for you). Also the desserts are very original and tasty",5,2022-09-08T15:29:49.395853Z,3 years ago
ChIJw6DLpX_bfkcRRJmPffVjRXY,"I’ve been many times to this bistro.
The food is  amazing.
The staff is very kind and professional especially the owner Mr. Basilio.
I totally recommend the place while you wait for your train, to enjoy nice focaccia, pasta or an amazing cappuccino.",5,2026-06-16T12:46:26.075690275Z,2 months ago
ChIJw6DLpX_bfkcRRJmPffVjRXY,"As anyone else, I looked at reviews before having lunch there. It was very divided, but by the pictures of the food I decided to give it a try!
Best decision even. Good meal, very good service.
Of course it is clear they are working in their image in Google, and they are doing a good job!
I ordered a tartare and it was delicious. I was surprised by white asparagus decorating the dish, simply amazing.",5,2024-06-17T17:16:01.127928Z,2 years ago
ChIJw6DLpX_bfkcRRJmPffVjRXY,"The restaurant is excellent! It offers the best sandwiches, made with fresh ingredients and prepared to order. Everything is made on the spot, and you can really taste the quality. We loved it!”",5,2026-01-31T09:25:30.257888789Z,6 months ago
ChIJw6DLpX_bfkcRRJmPffVjRXY,"Me and my wife just had the breakfast here.
Friendly service and fresh meal!
One Of The best schiaccita we have in Italy!",5,2025-01-03T09:36:59.609862Z,a year ago
ChIJw6DLpX_bfkcRRJmPffVjRXY,It was good before but now not good at all specially with one of the staff,1,2026-05-20T11:20:39.041282997Z,3 months ago
ChIJw8llei7bfkcRoqX-v1XnATM,"This is a street car , but open at odd time of the night and you get high quality fresh ingredients. I always like the sausage and mushrooms.
Classic place , very good value for money .",5,2023-09-25T22:09:21.475163Z,2 years ago
ChIJw8llei7bfkcRoqX-v1XnATM,Super,5,2023-01-06T09:49:51.377539Z,3 years ago
ChIJw8llei7bfkcRoqX-v1XnATM,"Nothing to say, this is the best fast food ever. The sausage sandwich is excellent. It's the only one I get because ever since I discovered it, I can't live without it. I recommend the sandwich with sausage, onion, ketchup and mayo, lettuce, and provolone. They make a large sandwich and the price is €8, depending on what you add.",5,2026-01-02T18:41:14.258804115Z,7 months ago
ChIJw8llei7bfkcRoqX-v1XnATM,"Excellent quality sandwiches and piadinas with a wide selection of fresh, quality products, and a wide selection of soft drinks and beers. Fast service and excellent value.",5,2026-02-10T13:06:25.346580587Z,6 months ago
ChIJw8llei7bfkcRoqX-v1XnATM,"I ordered a MAXI HOT DOG. I was expecting salad, sauces, and everything. I ordered takeout. I get home with sausage and bread, but it's possible the sausage is very salty. Same order, fried mozzarella balls, still raw, the girl at the counter, give her a wake-up call, slower than a sloth. Anyway, €10 wasted.",2,2025-08-03T23:18:12.753149597Z,a year ago
ChIJw9OUcADdfkcRccvkRvUNpmc,"We discovered this little place by chance. The staff was super friendly and polite.
The prices were in line with the market, and the products were really good.
We had two kebab wraps (one with spicy sauce and the other with ketchup and mayo), both very good. The spicy one was medium, not too strong. The flavors were very unique, a little sweeter than other kebab wraps we've tried. We also tried the Revani, a sweet dessert, but less so than the Baklava. That was delicious too!
The place was decorated in a casual but well-kept style.
It was a wonderful discovery, too bad we live far away. We'll definitely be back.",5,2026-04-29T19:05:49.400995910Z,3 months ago
ChIJw9OUcADdfkcRccvkRvUNpmc,Delicious kebab made with fresh ingredients. Welcoming place and friendly staff.,5,2026-03-28T15:21:05.110089625Z,5 months ago
ChIJw9OUcADdfkcRccvkRvUNpmc,"This place is an excellent example of all kebab establishments. It's impeccably clean, and the staff is incredibly friendly. The kebab is delicious, featuring fresh vegetables and top-quality meat. The aesthetics of the place are also outstanding, elevating it above average. Well done!",5,2026-04-12T19:02:24.521462605Z,4 months ago
ChIJw9OUcADdfkcRccvkRvUNpmc,"I just went, it was my first time there, and I had a kebab. I have to say, it was really good... given the late hour, we shared one, but honestly, I would have eaten one alone! It was delicious, and then I tried some puff pastry, walnut, and honey sweets, which were truly delicious.
I'll definitely be back.",5,2026-06-18T13:26:39.709166986Z,2 months ago
ChIJw9OUcADdfkcRccvkRvUNpmc,"Very good kebab, fresh vegetables. Everything was good. Very friendly staff.",4,2026-03-10T19:39:37.745968566Z,5 months ago
ChIJwSXDV9_bfkcRxMEGg6_qBQg,"We ordered kebbe, falafel and hummus as starters and all three were very good, especially the kebbe and the hummus. The portions were generous. I can say the hummus was enough for four people.

After that, we planned to order just one mixed shawarma to share, but the when we asked the waiter he suggested it wouldn’t be enough and recommended adding something else. We decided to order kofte as well, but in the end it was too much and we had to ask for takeaway.

For dessert we tried the kunefe. It was different from the traditional Turkish kunefe; in my opinion it was average. Someone who has never tried the original might find it very good, but for those familiar with authentic Turkish kunefe, it’s just okay.

The staff were very attentive, kind and professional. The food overall was good. We also had one glass of Lebanese red wine and one white, both nice, plus water.

The restaurant itself is beautiful, well designed, and parking is convenient.

The only negative point was the coperto. Because it was Valentine’s Day, we were charged €8 per person, so €16 for two people, which felt excessive, especially since the prices are already above average. They also added €1 extra for the takeaway.

Overall, the food and service were good, but the coperto charge was absurd.",3,2026-02-16T12:20:41.326506090Z,6 months ago
ChIJwSXDV9_bfkcRxMEGg6_qBQg,"Am so glad we decided to drive 40 minutes to try this restaurant! The food was authentic Lebanese, delicious and fresh. The service was great and the staff are very nice. Service is also fast but not rushing and they make sure they bring you the dishes in stages so that they don't get cold. We tried must of the appetizers and they were all delicious. We also tried the shawerma and the mixed grill which both were great too. Everything about dinner in this restaurant was great and the waiter was happy to share his recommendations with us and they were all great.
I highly recommend this restaurant for a change from the typical Italian cusine to something different.",5,2022-12-02T21:31:06.108871Z,3 years ago
ChIJwSXDV9_bfkcRxMEGg6_qBQg,"Beautiful small restaurant - a little bit hidden in the industrial zone. We've been there an had fattoush salad, kafta sandwich an taouk plate. Everything was very good, well spiced and freshly made. Service was friendly and prices fair.",5,2022-08-31T20:38:38.080436Z,3 years ago
ChIJwSXDV9_bfkcRxMEGg6_qBQg,"Terrible Food and Awful Customer Service: This cafe in Padova was an absolute disappointment. We  had a terrible experience there. The staff were RUDE and the place felt UNFRIENDLY. They served us BURNED FOOD, and when we pointed it out, they responded disrespectfully. On top of that, they charge €3 per person for service, which was far from acceptable

The meats and all three dishes we tried were nothing close to authentic Lebanese cuisine—everything was extremely dry and poorly prepared. Would not recommend!",1,2024-12-29T05:21:25.519034Z,a year ago
ChIJwSXDV9_bfkcRxMEGg6_qBQg,"Nice place, the food is pretty good. We all ordered meat and it came at different times which made it difficult for everyone to eat at the same time. Aside from that, I would come back!",4,2025-07-13T23:48:42.323446325Z,a year ago
ChIJwWOgIwDbfkcRgBYaXPLf0xU,"Delicious!! I absolutely recommend this place. First of all, I like the interior and cleanliness, also for a bathroom and tables. Also the owner is a super friendly person. Finally food was cooked so fast and tasty! I’ll return back definitely",5,2026-04-27T18:39:35.567335972Z,4 months ago
ChIJwWOgIwDbfkcRgBYaXPLf0xU,"Everything was perfect, the owner was super kind and the hospitality was super good.

The food was really nice as well, for sure the best Turkish restaurant in Padova and we will come back again for sure",5,2026-06-05T22:16:46.740096846Z,2 months ago
ChIJwWOgIwDbfkcRgBYaXPLf0xU,The best kebab that I have ever it in Italy. Very clean and cozy place,5,2026-05-01T21:25:52.063837203Z,3 months ago
ChIJwWOgIwDbfkcRgBYaXPLf0xU,Price is so high....!!,1,2026-06-04T18:54:23.648757740Z,2 months ago
ChIJwWOgIwDbfkcRgBYaXPLf0xU,Top,5,2026-04-21T19:51:10.342796121Z,4 months ago
ChIJwWxGzdLbfkcR-ojWqGoK4uA,"Very nice environment, food and drinks!",5,2026-03-11T19:58:37.674189625Z,5 months ago
ChIJwWxGzdLbfkcR-ojWqGoK4uA,Good quality food for reasonable prices,5,2026-03-11T20:45:54.485576133Z,5 months ago
ChIJwWxGzdLbfkcR-ojWqGoK4uA,"Good food and beer, waitress very kindly",5,2026-02-20T07:31:41.008314377Z,6 months ago
ChIJwWxGzdLbfkcR-ojWqGoK4uA,"Great birreria, vibe is immaculate, beer tastes like heaven",5,2025-10-25T14:37:30.246765179Z,10 months ago
ChIJwWxGzdLbfkcR-ojWqGoK4uA,Top,5,2025-11-15T00:05:21.014993989Z,9 months ago
ChIJw_EOCFPafkcRkHl-ZG5iSPQ,"The BEST KEBAB in PADOVA CENTER, KIND STAFF.

UNFORTUNATELY last time I went the new guy try to SCAM ME. The PRICE clearly says 3,50€ for kebab. (I’ve been coming for at least 8 years here). When I just asked for the usual with ONLY spicy sauce he asked for 4,50€.
The MENU with DRINKS and FRENCH FRIES COST 5€.
WATCH OUT.

NEVERTHELESS is ALWAYS TASTE GOOD.",3,2022-12-06T15:25:45.692769Z,3 years ago
ChIJw_EOCFPafkcRkHl-ZG5iSPQ,Great food. The staff put a lot of quantity of ingredients. First time to order pizza kebab and I liked it. We also ordered this hamburger looking kebab. Price worth the amount of food 👍 Nice staff too. I already ate a slice on the photo.,5,2023-08-16T18:56:57.648457Z,3 years ago
ChIJw_EOCFPafkcRkHl-ZG5iSPQ,I ate falafel without sauces. It's only 4€ with fries 5.5€. Cheap and big vegan delicious falafel.,4,2024-06-23T11:06:46.867083Z,2 years ago
ChIJw_EOCFPafkcRkHl-ZG5iSPQ,Best kebab in town. It’s pretty big and the taste is unbeatable. Recommended !!!!,5,2023-12-26T17:21:37.168308Z,2 years ago
ChIJw_EOCFPafkcRkHl-ZG5iSPQ,Great prices and tasty food! Thank you 😋,5,2024-02-06T20:48:19.558648Z,2 years ago
ChIJwacxXuzbfkcRWgWLuse1Qac,"This is a great place to have lunch: the best deal and delicious variable food every single time you come. The portions are good sized, the food is delicious whatever you order and having the first dish, the second dish, water and coffee for 10-12 euros is a bargain. They also serve an amazing crema di tiramisu: heavenly! Highly recommended. The servers (maybe owners) are really nice and welcoming.",5,2026-06-13T07:32:24.976236343Z,2 months ago
ChIJwacxXuzbfkcRWgWLuse1Qac,The best: good prices and good food. I was totally surprised by this place. Seems that they even offer healthy food which is very difficult to find. I dont know about the portions but Prices are great for students. I got some brioche for breakfast that were all good and delicious.,4,2024-09-20T10:25:53.580426Z,a year ago
ChIJwacxXuzbfkcRWgWLuse1Qac,"I've been frequenting P&G28 for a while now, and it's always a confirmation!
It's the perfect place for a well-deserved lunch break, with tasty, carefully prepared dishes, or for spending a pleasant evening with friends, sipping excellent drinks and a wide selection of delicious treats. The staff is always extremely kind, courteous, and helpful, making you feel welcome and at ease at all times. The atmosphere is truly welcoming and cozy, perfect for relaxing and enjoying yourself. Definitely try their Friday night burger night, too: highly recommended! Highly recommended!",5,2026-05-15T08:07:55.335840046Z,3 months ago
ChIJwacxXuzbfkcRWgWLuse1Qac,"Since the change of ownership, P&G has been our favorite bar for happy hour! The staff is super friendly and helpful, the place is cute and clean, and all the happy hour and lunch options are excellent. The cacio e pepe meatballs and cicchetti are delicious, always made with the freshest ingredients and prepared by the chef. I highly recommend trying their Blanc beer!",5,2025-05-10T16:28:28.220086Z,a year ago
ChIJwacxXuzbfkcRWgWLuse1Qac,"I was truly impressed. The atmosphere is welcoming, and the staff is friendly and helpful. The restaurant's strong point is undoubtedly the food. The food is truly delicious, and the selection is top-quality.
The dishes we tried were an explosion of flavors, and they were plentiful.
I highly recommend this place to anyone who loves good food!
(Extraordinary seafood)",5,2024-06-24T11:05:30.808793Z,2 years ago
ChIJx0kLby7bfkcRWWBs9Dlh9IA,Good,5,2026-04-24T12:17:52.534274894Z,4 months ago
ChIJx1Rq_LTafkcRuQG14Subg9g,"We were 6 pax (foreign), before us there were 10-12 pax waiting to be accommodated. Once the manager/host/captain came to the front to greet us and have our names taken for a table this guy decided to say that we had to wait 30 minutes outside of the restaurant with that “rude attitude “ that invites you to leave and never come back. Coming from a service industry I can’t ever imagine doing that to a customer. Don’t know if it was racism or just lack of service culture..",1,2026-07-31T20:08:32.567904702Z,3 weeks ago
ChIJx1Rq_LTafkcRuQG14Subg9g,"First of all, the music was too loud,
But they offered free peanuts for people to take from big barrels which was fun.
2nd, food wasn't bad but, vegetables beside were too few... just 2 cut of eggplants and some zucchini???

3rd, they didn't put salt pepper and extra napkins... only one wasn't enough...
4th , the waitresses were very tired and not friendly and we needed another plate they forgot

In total
I won't go there again...",2,2025-03-29T21:06:57.308587Z,a year ago
ChIJx1Rq_LTafkcRuQG14Subg9g,"Burger was okay, but I really wasn't a fan of the sauce.",4,2026-07-26T19:16:11.890988726Z,a month ago
ChIJx1Rq_LTafkcRuQG14Subg9g,Ordered Galletto Hot - the worse chicken I have ever eaten. The sauce for fries was so bad. How could the chef make the chicken so untasted and smelling.,1,2025-10-15T18:47:22.754243490Z,10 months ago
ChIJx1Rq_LTafkcRuQG14Subg9g,"The best: the food. I tried the galleto with hot pepper and it was hot ! 🔥 the menu was also in Spanish. Half a litter of wine is 8€, and is ok. Good place for kids.",4,2023-12-07T11:38:20.420326Z,2 years ago
ChIJscwimbzbfkcRAcJSXrAFVns,"Excellent breakfasts, excellent service, very kind and welcoming staff, I highly recommend it!",5,2026-04-16T10:03:28.060541138Z,4 months ago
ChIJscwimbzbfkcRAcJSXrAFVns,"All in all, the management is passable, the Chinese are kind and the man is serious. In this bar I really appreciate that there are still board games like in the old days, card games, good brioches.",4,2024-05-23T11:32:52.572667Z,2 years ago
ChIJscwimbzbfkcRAcJSXrAFVns,"They said that maybe my taste is compromised but why 5 minutes later the Campari tasted the way you expect it to???? Anyway, kindly",3,2019-03-16T11:49:25.044286Z,7 years ago
ChIJscwimbzbfkcRAcJSXrAFVns,Excellent breakfast .....,5,2024-03-31T07:57:55.681184Z,2 years ago
ChIJscwimbzbfkcRAcJSXrAFVns,And now a good breakfast,5,2022-09-03T07:55:15.903789Z,3 years ago
ChIJ46l-Px7bfkcR4E_2pyKzHvY,Amazing pizzeria! I used to go there often when living in that area and now I'm missing it a lot! Totally recommended.,5,2021-04-25T18:05:09.476046Z,5 years ago
ChIJ46l-Px7bfkcR4E_2pyKzHvY,"A Woodburning oven, fresh products, loads of different kinds of pizza to choose from, different kinds of doughs so to satisfy allergic customers and last but not least kindness and  professionality",3,2018-08-08T08:47:01.179Z,8 years ago
ChIJ46l-Px7bfkcR4E_2pyKzHvY,Family pizza was good,4,2025-08-20T22:52:39.678762904Z,a year ago
ChIJ46l-Px7bfkcR4E_2pyKzHvY,The good pizza in Forcellini zone!,4,2020-09-01T18:32:53.651205Z,5 years ago
ChIJ46l-Px7bfkcR4E_2pyKzHvY,Best pizza ever,5,2022-12-26T18:01:00.462360Z,3 years ago
